ticker,end_period_ts,end_period_utc,interval_min,price_open,price_high,price_low,price_close,price_mean,price_previous,yes_bid_open,yes_bid_high,yes_bid_low,yes_bid_close,yes_ask_open,yes_ask_high,yes_ask_low,yes_ask_close,volume,open_interest
KXHIGHLAX-25JUL02-B68.5,1751414520,2025-07-02T00:02:00+00:00,1,0.3300,0.3300,0.3300,0.3300,0.3300,0.3400,0.3100,0.3100,0.3100,0.3100,0.3300,0.3500,0.3300,0.3500,60.00,1104.00
KXHIGHLAX-25JUL02-B68.5,1751414580,2025-07-02T00:03:00+00:00,1,,,,,,0.3300,0.3100,0.3100,0.3100,0.3100,0.3500,0.3500,0.3300,0.3300,0.00,1104.00
KXHIGHLAX-25JUL02-B68.5,1751414640,2025-07-02T00:04:00+00:00,1,,,,,,0.3300,0.3100,0.3100,0.3100,0.3100,0.3300,0.3300,0.3300,0.3300,0.00,1104.00
KXHIGHLAX-25JUL02-B68.5,1751414700,2025-07-02T00:05:00+00:00,1,,,,,,0.3300,0.3100,0.3100,0.3100,0.3100,0.3300,0.3300,0.3300,0.3300,0.00,1104.00
KXHIGHLAX-25JUL02-B68.5,1751414820,2025-07-02T00:07:00+00:00,1,,,,,,0.3300,0.3100,0.3100,0.3100,0.3100,0.3300,0.3300,0.3300,0.3300,0.00,1104.00
KXHIGHLAX-25JUL02-B68.5,1751415420,2025-07-02T00:17:00+00:00,1,,,,,,0.3300,0.3100,0.3100,0.3100,0.3100,0.3300,0.3500,0.3300,0.3300,0.00,1104.00
KXHIGHLAX-25JUL02-B68.5,1751415540,2025-07-02T00:19:00+00:00,1,,,,,,0.3300,0.3100,0.3100,0.3100,0.3100,0.3300,0.3500,0.3300,0.3300,0.00,1104.00
KXHIGHLAX-25JUL02-B68.5,1751415660,2025-07-02T00:21:00+00:00,1,,,,,,0.3300,0.3100,0.3100,0.3100,0.3100,0.3300,0.3300,0.3300,0.3300,0.00,1104.00
KXHIGHLAX-25JUL02-B68.5,1751416260,2025-07-02T00:31:00+00:00,1,,,,,,0.3300,0.3100,0.3100,0.3100,0.3100,0.3300,0.3300,0.3300,0.3300,0.00,1104.00
KXHIGHLAX-25JUL02-B68.5,1751416320,2025-07-02T00:32:00+00:00,1,,,,,,0.3300,0.3100,0.3100,0.3100,0.3100,0.3300,0.3500,0.3300,0.3300,0.00,1104.00
KXHIGHLAX-25JUL02-B68.5,1751416380,2025-07-02T00:33:00+00:00,1,,,,,,0.3300,0.3100,0.3100,0.3100,0.3100,0.3300,0.3300,0.3300,0.3300,0.00,1104.00
KXHIGHLAX-25JUL02-B68.5,1751416440,2025-07-02T00:34:00+00:00,1,,,,,,0.3300,0.3100,0.3100,0.3100,0.3100,0.3300,0.3500,0.3300,0.3300,0.00,1104.00
KXHIGHLAX-25JUL02-B68.5,1751416560,2025-07-02T00:36:00+00:00,1,,,,,,0.3300,0.3100,0.3100,0.3100,0.3100,0.3300,0.3500,0.3300,0.3400,0.00,1104.00
KXHIGHLAX-25JUL02-B68.5,1751416980,2025-07-02T00:43:00+00:00,1,,,,,,0.3300,0.3100,0.3100,0.3100,0.3100,0.3400,0.3400,0.3400,0.3400,0.00,1104.00
KXHIGHLAX-25JUL02-B68.5,1751417220,2025-07-02T00:47:00+00:00,1,,,,,,0.3300,0.3100,0.3100,0.3100,0.3100,0.3400,0.3400,0.3400,0.3400,0.00,1104.00
KXHIGHLAX-25JUL02-B68.5,1751417340,2025-07-02T00:49:00+00:00,1,,,,,,0.3300,0.3100,0.3100,0.3100,0.3100,0.3400,0.3500,0.3400,0.3500,0.00,1104.00
KXHIGHLAX-25JUL02-B68.5,1751417520,2025-07-02T00:52:00+00:00,1,,,,,,0.3300,0.3100,0.3100,0.3100,0.3100,0.3500,0.3500,0.3400,0.3400,0.00,1104.00
KXHIGHLAX-25JUL02-B68.5,1751417580,2025-07-02T00:53:00+00:00,1,,,,,,0.3300,0.3100,0.3200,0.3100,0.3200,0.3400,0.3400,0.3400,0.3400,0.00,1104.00
KXHIGHLAX-25JUL02-B68.5,1751417700,2025-07-02T00:55:00+00:00,1,,,,,,0.3300,0.3200,0.3200,0.3200,0.3200,0.3400,0.3500,0.3300,0.3300,0.00,1104.00
KXHIGHLAX-25JUL02-B68.5,1751417760,2025-07-02T00:56:00+00:00,1,0.3300,0.3300,0.3300,0.3300,0.3300,0.3300,0.3200,0.3300,0.3200,0.3200,0.3300,0.3500,0.3300,0.3500,7.00,1111.00
KXHIGHLAX-25JUL02-B68.5,1751417880,2025-07-02T00:58:00+00:00,1,,,,,,0.3300,0.3200,0.3200,0.3200,0.3200,0.3500,0.3500,0.3300,0.3300,0.00,1111.00
KXHIGHLAX-25JUL02-B68.5,1751417940,2025-07-02T00:59:00+00:00,1,0.3200,0.3200,0.3200,0.3200,0.3200,0.3300,0.3200,0.3200,0.3200,0.3200,0.3300,0.3300,0.3300,0.3300,5.00,1116.00
KXHIGHLAX-25JUL02-B68.5,1751418060,2025-07-02T01:01:00+00:00,1,,,,,,0.3200,0.3200,0.3200,0.3200,0.3200,0.3300,0.3300,0.3300,0.3300,0.00,1116.00
KXHIGHLAX-25JUL02-B68.5,1751418120,2025-07-02T01:02:00+00:00,1,,,,,,0.3200,0.3200,0.3200,0.3200,0.3200,0.3300,0.3300,0.3300,0.3300,0.00,1116.00
KXHIGHLAX-25JUL02-B68.5,1751418240,2025-07-02T01:04:00+00:00,1,,,,,,0.3200,0.3200,0.3200,0.3200,0.3200,0.3300,0.3500,0.3300,0.3300,0.00,1116.00
KXHIGHLAX-25JUL02-B68.5,1751418420,2025-07-02T01:07:00+00:00,1,,,,,,0.3200,0.3200,0.3200,0.3200,0.3200,0.3300,0.3500,0.3300,0.3300,0.00,1116.00
KXHIGHLAX-25JUL02-B68.5,1751419020,2025-07-02T01:17:00+00:00,1,0.3200,0.3200,0.3100,0.3100,0.3114,0.3200,0.3200,0.3200,0.3100,0.3100,0.3300,0.3300,0.3300,0.3300,70.00,1186.00
KXHIGHLAX-25JUL02-B68.5,1751419140,2025-07-02T01:19:00+00:00,1,,,,,,0.3100,0.3100,0.3100,0.3100,0.3100,0.3300,0.3300,0.3300,0.3300,0.00,1186.00
KXHIGHLAX-25JUL02-B68.5,1751419200,2025-07-02T01:20:00+00:00,1,0.3100,0.3100,0.3100,0.3100,0.3100,0.3100,0.3100,0.3100,0.3100,0.3100,0.3300,0.3300,0.3300,0.3300,14.00,1200.00
KXHIGHLAX-25JUL02-B68.5,1751419260,2025-07-02T01:21:00+00:00,1,,,,,,0.3100,0.3100,0.3100,0.3100,0.3100,0.3300,0.3300,0.3300,0.3300,0.00,1200.00
KXHIGHLAX-25JUL02-B68.5,1751419320,2025-07-02T01:22:00+00:00,1,,,,,,0.3100,0.3100,0.3100,0.3100,0.3100,0.3300,0.3500,0.3300,0.3300,0.00,1200.00
KXHIGHLAX-25JUL02-B68.5,1751419560,2025-07-02T01:26:00+00:00,1,,,,,,0.3100,0.3100,0.3100,0.3100,0.3100,0.3300,0.3300,0.3300,0.3300,0.00,1200.00
KXHIGHLAX-25JUL02-B68.5,1751420400,2025-07-02T01:40:00+00:00,1,0.3100,0.3100,0.3100,0.3100,0.3100,0.3100,0.3100,0.3100,0.3100,0.3100,0.3300,0.3300,0.3300,0.3300,186.00,1200.00
KXHIGHLAX-25JUL02-B68.5,1751420580,2025-07-02T01:43:00+00:00,1,,,,,,0.3100,0.3100,0.3100,0.3100,0.3100,0.3300,0.3300,0.3300,0.3300,0.00,1200.00
KXHIGHLAX-25JUL02-B68.5,1751421300,2025-07-02T01:55:00+00:00,1,,,,,,0.3100,0.3100,0.3100,0.3100,0.3100,0.3300,0.3500,0.3300,0.3300,0.00,1200.00
KXHIGHLAX-25JUL02-B68.5,1751421480,2025-07-02T01:58:00+00:00,1,,,,,,0.3100,0.3100,0.3100,0.3100,0.3100,0.3300,0.3300,0.3300,0.3300,0.00,1200.00
KXHIGHLAX-25JUL02-B68.5,1751421720,2025-07-02T02:02:00+00:00,1,0.3100,0.3100,0.3100,0.3100,0.3100,0.3100,0.3100,0.3100,0.3100,0.3100,0.3300,0.3300,0.3200,0.3200,6.00,1206.00
KXHIGHLAX-25JUL02-B68.5,1751421960,2025-07-02T02:06:00+00:00,1,0.3200,0.3200,0.3200,0.3200,0.3200,0.3100,0.3100,0.3100,0.3100,0.3100,0.3200,0.3300,0.3200,0.3300,10.00,1216.00
KXHIGHLAX-25JUL02-B68.5,1751422020,2025-07-02T02:07:00+00:00,1,,,,,,0.3200,0.3100,0.3100,0.3100,0.3100,0.3300,0.3300,0.3300,0.3300,0.00,1216.00
KXHIGHLAX-25JUL02-B68.5,1751422500,2025-07-02T02:15:00+00:00,1,,,,,,0.3200,0.3100,0.3100,0.3100,0.3100,0.3300,0.3300,0.3300,0.3300,0.00,1216.00
KXHIGHLAX-25JUL02-B68.5,1751422740,2025-07-02T02:19:00+00:00,1,,,,,,0.3200,0.3100,0.3100,0.3100,0.3100,0.3300,0.3500,0.3300,0.3300,0.00,1216.00
KXHIGHLAX-25JUL02-B68.5,1751422920,2025-07-02T02:22:00+00:00,1,,,,,,0.3200,0.3100,0.3100,0.3100,0.3100,0.3300,0.3500,0.3300,0.3300,0.00,1216.00
KXHIGHLAX-25JUL02-B68.5,1751423160,2025-07-02T02:26:00+00:00,1,,,,,,0.3200,0.3100,0.3100,0.3100,0.3100,0.3300,0.3500,0.3300,0.3300,0.00,1216.00
KXHIGHLAX-25JUL02-B68.5,1751423460,2025-07-02T02:31:00+00:00,1,,,,,,0.3200,0.3100,0.3100,0.3100,0.3100,0.3300,0.3300,0.3300,0.3300,0.00,1216.00
KXHIGHLAX-25JUL02-B68.5,1751424000,2025-07-02T02:40:00+00:00,1,,,,,,0.3200,0.3100,0.3100,0.3100,0.3100,0.3300,0.3500,0.3300,0.3300,0.00,1216.00
KXHIGHLAX-25JUL02-B68.5,1751424180,2025-07-02T02:43:00+00:00,1,,,,,,0.3200,0.3100,0.3100,0.3100,0.3100,0.3300,0.3500,0.3300,0.3300,0.00,1216.00
KXHIGHLAX-25JUL02-B68.5,1751424900,2025-07-02T02:55:00+00:00,1,,,,,,0.3200,0.3100,0.3100,0.3100,0.3100,0.3300,0.3300,0.3300,0.3300,0.00,1216.00
KXHIGHLAX-25JUL02-B68.5,1751425020,2025-07-02T02:57:00+00:00,1,0.3300,0.3500,0.3300,0.3500,0.3483,0.3200,0.3100,0.3100,0.3100,0.3100,0.3300,0.4000,0.3300,0.3500,140.00,1356.00
KXHIGHLAX-25JUL02-B68.5,1751425080,2025-07-02T02:58:00+00:00,1,,,,,,0.3500,0.3100,0.3100,0.3100,0.3100,0.3500,0.4000,0.3400,0.3400,0.00,1356.00
KXHIGHLAX-25JUL02-B68.5,1751425140,2025-07-02T02:59:00+00:00,1,,,,,,0.3500,0.3100,0.3200,0.3100,0.3200,0.3400,0.3400,0.3400,0.3400,0.00,1356.00
KXHIGHLAX-25JUL02-B68.5,1751425260,2025-07-02T03:01:00+00:00,1,0.3400,0.3600,0.3400,0.3600,0.3500,0.3500,0.3200,0.3200,0.3200,0.3200,0.3400,0.4000,0.3400,0.3400,40.00,1396.00
KXHIGHLAX-25JUL02-B68.5,1751425440,2025-07-02T03:04:00+00:00,1,,,,,,0.3600,0.3200,0.3200,0.3100,0.3100,0.3400,0.4000,0.3400,0.3500,0.00,1396.00
KXHIGHLAX-25JUL02-B68.5,1751425500,2025-07-02T03:05:00+00:00,1,0.3500,0.3700,0.3500,0.3700,0.3569,0.3600,0.3100,0.3100,0.3100,0.3100,0.3500,0.4000,0.3500,0.3600,134.00,1530.00
KXHIGHLAX-25JUL02-B68.5,1751425560,2025-07-02T03:06:00+00:00,1,,,,,,0.3700,0.3100,0.3200,0.3100,0.3200,0.3600,0.3600,0.3600,0.3600,0.00,1530.00
KXHIGHLAX-25JUL02-B68.5,1751425620,2025-07-02T03:07:00+00:00,1,,,,,,0.3700,0.3200,0.3200,0.3200,0.3200,0.3600,0.3600,0.3600,0.3600,0.00,1530.00
KXHIGHLAX-25JUL02-B68.5,1751425860,2025-07-02T03:11:00+00:00,1,0.3600,0.4000,0.3600,0.4000,0.3856,0.3700,0.3200,0.3500,0.3200,0.3500,0.3600,0.4100,0.3600,0.4000,497.00,2027.00
KXHIGHLAX-25JUL02-B68.5,1751425980,2025-07-02T03:13:00+00:00,1,,,,,,0.4000,0.3500,0.3500,0.3400,0.3400,0.4000,0.4100,0.3900,0.3900,0.00,2027.00
KXHIGHLAX-25JUL02-B68.5,1751426160,2025-07-02T03:16:00+00:00,1,,,,,,0.4000,0.3400,0.3400,0.3400,0.3400,0.3900,0.3900,0.3900,0.3900,0.00,2027.00
KXHIGHLAX-25JUL02-B68.5,1751426340,2025-07-02T03:19:00+00:00,1,,,,,,0.4000,0.3400,0.3400,0.3400,0.3400,0.3900,0.3900,0.3900,0.3900,0.00,2027.00
KXHIGHLAX-25JUL02-B68.5,1751426580,2025-07-02T03:23:00+00:00,1,,,,,,0.4000,0.3400,0.3400,0.3400,0.3400,0.3900,0.4100,0.3900,0.3900,0.00,2027.00
KXHIGHLAX-25JUL02-B68.5,1751426700,2025-07-02T03:25:00+00:00,1,,,,,,0.4000,0.3400,0.3400,0.3400,0.3400,0.3900,0.3900,0.3900,0.3900,0.00,2027.00
KXHIGHLAX-25JUL02-B68.5,1751426760,2025-07-02T03:26:00+00:00,1,,,,,,0.4000,0.3400,0.3400,0.3400,0.3400,0.3900,0.3900,0.3900,0.3900,0.00,2027.00
KXHIGHLAX-25JUL02-B68.5,1751427480,2025-07-02T03:38:00+00:00,1,0.3900,0.4300,0.3900,0.4300,0.4162,0.4000,0.3400,0.3600,0.3400,0.3600,0.3900,0.4300,0.3900,0.4200,461.00,2488.00
KXHIGHLAX-25JUL02-B68.5,1751427540,2025-07-02T03:39:00+00:00,1,,,,,,0.4300,0.3600,0.3600,0.3600,0.3600,0.4200,0.4200,0.4200,0.4200,0.00,2488.00
KXHIGHLAX-25JUL02-B68.5,1751427600,2025-07-02T03:40:00+00:00,1,,,,,,0.4300,0.3600,0.3600,0.3400,0.3400,0.4200,0.4200,0.4200,0.4200,0.00,2488.00
KXHIGHLAX-25JUL02-B68.5,1751427660,2025-07-02T03:41:00+00:00,1,,,,,,0.4300,0.3400,0.3500,0.3400,0.3500,0.4200,0.4200,0.4200,0.4200,0.00,2488.00
KXHIGHLAX-25JUL02-B68.5,1751427780,2025-07-02T03:43:00+00:00,1,,,,,,0.4300,0.3500,0.3600,0.3500,0.3600,0.4200,0.4300,0.4200,0.4200,0.00,2488.00
KXHIGHLAX-25JUL02-B68.5,1751428800,2025-07-02T04:00:00+00:00,1,,,,,,0.4300,0.3600,0.3600,0.3600,0.3600,0.4200,0.4200,0.4200,0.4200,0.00,2488.00
KXHIGHLAX-25JUL02-B68.5,1751429220,2025-07-02T04:07:00+00:00,1,,,,,,0.4300,0.3600,0.3600,0.3500,0.3600,0.4200,0.4200,0.4200,0.4200,0.00,2488.00
KXHIGHLAX-25JUL02-B68.5,1751429340,2025-07-02T04:09:00+00:00,1,0.3600,0.3600,0.3500,0.3500,0.3509,0.4300,0.3600,0.3600,0.1100,0.3500,0.4200,0.4300,0.4100,0.4100,35.00,2520.00
KXHIGHLAX-25JUL02-B68.5,1751429400,2025-07-02T04:10:00+00:00,1,,,,,,0.3500,0.3500,0.3500,0.1100,0.3400,0.4100,0.4200,0.4100,0.4100,0.00,2520.00
KXHIGHLAX-25JUL02-B68.5,1751429460,2025-07-02T04:11:00+00:00,1,,,,,,0.3500,0.3400,0.3400,0.3400,0.3400,0.4100,0.4100,0.4100,0.4100,0.00,2520.00
KXHIGHLAX-25JUL02-B68.5,1751429520,2025-07-02T04:12:00+00:00,1,,,,,,0.3500,0.3400,0.3400,0.3400,0.3400,0.4100,0.4100,0.3900,0.3900,0.00,2520.00
KXHIGHLAX-25JUL02-B68.5,1751429580,2025-07-02T04:13:00+00:00,1,,,,,,0.3500,0.3400,0.3400,0.3400,0.3400,0.3900,0.3900,0.3900,0.3900,0.00,2520.00
KXHIGHLAX-25JUL02-B68.5,1751429820,2025-07-02T04:17:00+00:00,1,,,,,,0.3500,0.3400,0.3400,0.3400,0.3400,0.3900,0.3900,0.3800,0.3800,0.00,2520.00
KXHIGHLAX-25JUL02-B68.5,1751429880,2025-07-02T04:18:00+00:00,1,,,,,,0.3500,0.3400,0.3400,0.3400,0.3400,0.3800,0.3800,0.3800,0.3800,0.00,2520.00
KXHIGHLAX-25JUL02-B68.5,1751429940,2025-07-02T04:19:00+00:00,1,,,,,,0.3500,0.3400,0.3600,0.3300,0.3600,0.3800,0.3800,0.3800,0.3800,0.00,2520.00
KXHIGHLAX-25JUL02-B68.5,1751430000,2025-07-02T04:20:00+00:00,1,,,,,,0.3500,0.3600,0.3600,0.3600,0.3600,0.3800,0.3900,0.3800,0.3900,0.00,2520.00
KXHIGHLAX-25JUL02-B68.5,1751430240,2025-07-02T04:24:00+00:00,1,0.3900,0.4000,0.3900,0.4000,0.3936,0.3500,0.3600,0.3600,0.3600,0.3600,0.3900,0.4200,0.3900,0.4200,50.00,2538.00
KXHIGHLAX-25JUL02-B68.5,1751430300,2025-07-02T04:25:00+00:00,1,,,,,,0.4000,0.3600,0.3600,0.3500,0.3600,0.4200,0.4200,0.4200,0.4200,0.00,2538.00
KXHIGHLAX-25JUL02-B68.5,1751430360,2025-07-02T04:26:00+00:00,1,,,,,,0.4000,0.3600,0.3600,0.3600,0.3600,0.4200,0.4200,0.4200,0.4200,0.00,2538.00
KXHIGHLAX-25JUL02-B68.5,1751430420,2025-07-02T04:27:00+00:00,1,,,,,,0.4000,0.3600,0.3600,0.3300,0.3300,0.4200,0.4200,0.3800,0.3800,0.00,2538.00
KXHIGHLAX-25JUL02-B68.5,1751430480,2025-07-02T04:28:00+00:00,1,,,,,,0.4000,0.3300,0.3400,0.3300,0.3400,0.3800,0.4000,0.3800,0.4000,0.00,2538.00
KXHIGHLAX-25JUL02-B68.5,1751430540,2025-07-02T04:29:00+00:00,1,,,,,,0.4000,0.3400,0.3500,0.3400,0.3500,0.4000,0.4000,0.4000,0.4000,0.00,2538.00
KXHIGHLAX-25JUL02-B68.5,1751430600,2025-07-02T04:30:00+00:00,1,,,,,,0.4000,0.3500,0.3500,0.3500,0.3500,0.4000,0.4000,0.4000,0.4000,0.00,2538.00
KXHIGHLAX-25JUL02-B68.5,1751430660,2025-07-02T04:31:00+00:00,1,,,,,,0.4000,0.3500,0.3500,0.3500,0.3500,0.4000,0.4000,0.4000,0.4000,0.00,2538.00
KXHIGHLAX-25JUL02-B68.5,1751430900,2025-07-02T04:35:00+00:00,1,,,,,,0.4000,0.3500,0.3500,0.3500,0.3500,0.4000,0.4000,0.4000,0.4000,0.00,2538.00
KXHIGHLAX-25JUL02-B68.5,1751430960,2025-07-02T04:36:00+00:00,1,,,,,,0.4000,0.3500,0.3500,0.3500,0.3500,0.4000,0.4000,0.4000,0.4000,0.00,2538.00
KXHIGHLAX-25JUL02-B68.5,1751431020,2025-07-02T04:37:00+00:00,1,,,,,,0.4000,0.3500,0.3500,0.3500,0.3500,0.4000,0.4000,0.3900,0.3900,0.00,2538.00
KXHIGHLAX-25JUL02-B68.5,1751431080,2025-07-02T04:38:00+00:00,1,,,,,,0.4000,0.3500,0.3500,0.3500,0.3500,0.3900,0.4000,0.3900,0.3900,0.00,2538.00
KXHIGHLAX-25JUL02-B68.5,1751431140,2025-07-02T04:39:00+00:00,1,,,,,,0.4000,0.3500,0.3500,0.3500,0.3500,0.3900,0.4000,0.3900,0.3900,0.00,2538.00
KXHIGHLAX-25JUL02-B68.5,1751431200,2025-07-02T04:40:00+00:00,1,,,,,,0.4000,0.3500,0.3500,0.3500,0.3500,0.3900,0.4000,0.3900,0.3900,0.00,2538.00
KXHIGHLAX-25JUL02-B68.5,1751431260,2025-07-02T04:41:00+00:00,1,,,,,,0.4000,0.3500,0.3500,0.3500,0.3500,0.3900,0.4000,0.3900,0.3900,0.00,2538.00
KXHIGHLAX-25JUL02-B68.5,1751431320,2025-07-02T04:42:00+00:00,1,,,,,,0.4000,0.3500,0.3500,0.3400,0.3400,0.3900,0.4000,0.3800,0.3800,0.00,2538.00
KXHIGHLAX-25JUL02-B68.5,1751431380,2025-07-02T04:43:00+00:00,1,,,,,,0.4000,0.3400,0.3400,0.3400,0.3400,0.3800,0.3900,0.3800,0.3800,0.00,2538.00
KXHIGHLAX-25JUL02-B68.5,1751431440,2025-07-02T04:44:00+00:00,1,,,,,,0.4000,0.3400,0.3400,0.3400,0.3400,0.3800,0.3900,0.3800,0.3800,0.00,2538.00
KXHIGHLAX-25JUL02-B68.5,1751431500,2025-07-02T04:45:00+00:00,1,,,,,,0.4000,0.3400,0.3400,0.3400,0.3400,0.3800,0.3900,0.3800,0.3800,0.00,2538.00
KXHIGHLAX-25JUL02-B68.5,1751431560,2025-07-02T04:46:00+00:00,1,,,,,,0.4000,0.3400,0.3400,0.3300,0.3400,0.3800,0.4000,0.3800,0.3900,0.00,2538.00
KXHIGHLAX-25JUL02-B68.5,1751431620,2025-07-02T04:47:00+00:00,1,,,,,,0.4000,0.3400,0.3400,0.3400,0.3400,0.3900,0.4000,0.3900,0.3900,0.00,2538.00
KXHIGHLAX-25JUL02-B68.5,1751431680,2025-07-02T04:48:00+00:00,1,,,,,,0.4000,0.3400,0.3400,0.3400,0.3400,0.3900,0.4000,0.3900,0.3900,0.00,2538.00
KXHIGHLAX-25JUL02-B68.5,1751431740,2025-07-02T04:49:00+00:00,1,0.3400,0.3900,0.3300,0.3900,0.3787,0.4000,0.3400,0.3400,0.3300,0.3400,0.3900,0.4000,0.3800,0.3800,151.00,2685.00
KXHIGHLAX-25JUL02-B68.5,1751431800,2025-07-02T04:50:00+00:00,1,,,,,,0.3900,0.3400,0.3400,0.3400,0.3400,0.3800,0.3800,0.3500,0.3500,0.00,2685.00
KXHIGHLAX-25JUL02-B68.5,1751431860,2025-07-02T04:51:00+00:00,1,,,,,,0.3900,0.3400,0.3400,0.3400,0.3400,0.3500,0.3500,0.3500,0.3500,0.00,2685.00
KXHIGHLAX-25JUL02-B68.5,1751431920,2025-07-02T04:52:00+00:00,1,,,,,,0.3900,0.3400,0.3400,0.3200,0.3400,0.3500,0.3900,0.3500,0.3600,0.00,2685.00
KXHIGHLAX-25JUL02-B68.5,1751431980,2025-07-02T04:53:00+00:00,1,,,,,,0.3900,0.3400,0.3400,0.3400,0.3400,0.3600,0.3700,0.3500,0.3500,0.00,2685.00
KXHIGHLAX-25JUL02-B68.5,1751432040,2025-07-02T04:54:00+00:00,1,,,,,,0.3900,0.3400,0.3400,0.3400,0.3400,0.3500,0.3500,0.3500,0.3500,0.00,2685.00
KXHIGHLAX-25JUL02-B68.5,1751432100,2025-07-02T04:55:00+00:00,1,,,,,,0.3900,0.3400,0.3400,0.3400,0.3400,0.3500,0.3900,0.3500,0.3600,0.00,2685.00
KXHIGHLAX-25JUL02-B68.5,1751432160,2025-07-02T04:56:00+00:00,1,,,,,,0.3900,0.3400,0.3400,0.3400,0.3400,0.3600,0.3600,0.3500,0.3500,0.00,2685.00
KXHIGHLAX-25JUL02-B68.5,1751432220,2025-07-02T04:57:00+00:00,1,,,,,,0.3900,0.3400,0.3400,0.3400,0.3400,0.3500,0.3900,0.3500,0.3700,0.00,2685.00
KXHIGHLAX-25JUL02-B68.5,1751432280,2025-07-02T04:58:00+00:00,1,0.3700,0.3800,0.3700,0.3800,0.3780,0.3900,0.3400,0.3500,0.3400,0.3500,0.3700,0.4000,0.3700,0.3900,126.00,2786.00
KXHIGHLAX-25JUL02-B68.5,1751432340,2025-07-02T04:59:00+00:00,1,,,,,,0.3800,0.3500,0.3500,0.3400,0.3500,0.3900,0.4000,0.3900,0.3900,0.00,2786.00
KXHIGHLAX-25JUL02-B68.5,1751432400,2025-07-02T05:00:00+00:00,1,,,,,,0.3800,0.3500,0.3500,0.3400,0.3500,0.3900,0.4000,0.3900,0.3900,0.00,2786.00
KXHIGHLAX-25JUL02-B68.5,1751432460,2025-07-02T05:01:00+00:00,1,,,,,,0.3800,0.3500,0.3500,0.3300,0.3400,0.3900,0.4000,0.3800,0.3800,0.00,2786.00
KXHIGHLAX-25JUL02-B68.5,1751432520,2025-07-02T05:02:00+00:00,1,,,,,,0.3800,0.3400,0.3400,0.3300,0.3400,0.3800,0.3900,0.3800,0.3800,0.00,2786.00
KXHIGHLAX-25JUL02-B68.5,1751432580,2025-07-02T05:03:00+00:00,1,,,,,,0.3800,0.3400,0.3400,0.3300,0.3400,0.3800,0.3900,0.3800,0.3800,0.00,2786.00
KXHIGHLAX-25JUL02-B68.5,1751432640,2025-07-02T05:04:00+00:00,1,,,,,,0.3800,0.3400,0.3500,0.3400,0.3500,0.3800,0.4000,0.3800,0.3900,0.00,2786.00
KXHIGHLAX-25JUL02-B68.5,1751432700,2025-07-02T05:05:00+00:00,1,,,,,,0.3800,0.3500,0.3500,0.3400,0.3500,0.3900,0.4000,0.3900,0.3900,0.00,2786.00
KXHIGHLAX-25JUL02-B68.5,1751432760,2025-07-02T05:06:00+00:00,1,,,,,,0.3800,0.3500,0.3500,0.3400,0.3500,0.3900,0.4000,0.3900,0.3900,0.00,2786.00
KXHIGHLAX-25JUL02-B68.5,1751432820,2025-07-02T05:07:00+00:00,1,,,,,,0.3800,0.3500,0.3500,0.3400,0.3500,0.3900,0.4000,0.3900,0.3900,0.00,2786.00
KXHIGHLAX-25JUL02-B68.5,1751432880,2025-07-02T05:08:00+00:00,1,,,,,,0.3800,0.3500,0.3500,0.3400,0.3500,0.3900,0.4000,0.3900,0.3900,0.00,2786.00
KXHIGHLAX-25JUL02-B68.5,1751432940,2025-07-02T05:09:00+00:00,1,,,,,,0.3800,0.3500,0.3500,0.3400,0.3500,0.3900,0.4000,0.3900,0.3900,0.00,2786.00
KXHIGHLAX-25JUL02-B68.5,1751433000,2025-07-02T05:10:00+00:00,1,,,,,,0.3800,0.3500,0.3500,0.3400,0.3500,0.3900,0.4000,0.3900,0.3900,0.00,2786.00
KXHIGHLAX-25JUL02-B68.5,1751433060,2025-07-02T05:11:00+00:00,1,,,,,,0.3800,0.3500,0.3500,0.3400,0.3500,0.3900,0.4000,0.3900,0.3900,0.00,2786.00
KXHIGHLAX-25JUL02-B68.5,1751433120,2025-07-02T05:12:00+00:00,1,0.3900,0.3900,0.3900,0.3900,0.3900,0.3800,0.3500,0.3500,0.3400,0.3500,0.3900,0.4000,0.3900,0.3900,7.00,2793.00
KXHIGHLAX-25JUL02-B68.5,1751433180,2025-07-02T05:13:00+00:00,1,,,,,,0.3900,0.3500,0.3500,0.3400,0.3500,0.3900,0.4000,0.3900,0.3900,0.00,2793.00
KXHIGHLAX-25JUL02-B68.5,1751433240,2025-07-02T05:14:00+00:00,1,,,,,,0.3900,0.3500,0.3500,0.3400,0.3500,0.3900,0.4000,0.3900,0.3900,0.00,2793.00
KXHIGHLAX-25JUL02-B68.5,1751433300,2025-07-02T05:15:00+00:00,1,,,,,,0.3900,0.3500,0.3500,0.3400,0.3500,0.3900,0.4000,0.3900,0.3900,0.00,2793.00
KXHIGHLAX-25JUL02-B68.5,1751433360,2025-07-02T05:16:00+00:00,1,,,,,,0.3900,0.3500,0.3500,0.3400,0.3500,0.3900,0.4000,0.3900,0.3900,0.00,2793.00
KXHIGHLAX-25JUL02-B68.5,1751433420,2025-07-02T05:17:00+00:00,1,,,,,,0.3900,0.3500,0.3500,0.3300,0.3400,0.3900,0.3900,0.3800,0.3800,0.00,2793.00
KXHIGHLAX-25JUL02-B68.5,1751433480,2025-07-02T05:18:00+00:00,1,,,,,,0.3900,0.3400,0.3400,0.3300,0.3300,0.3800,0.3900,0.3800,0.3900,0.00,2793.00
KXHIGHLAX-25JUL02-B68.5,1751433540,2025-07-02T05:19:00+00:00,1,,,,,,0.3900,0.3300,0.3500,0.3300,0.3500,0.3800,0.4000,0.3800,0.3900,0.00,2793.00
KXHIGHLAX-25JUL02-B68.5,1751433600,2025-07-02T05:20:00+00:00,1,,,,,,0.3900,0.3500,0.3500,0.3400,0.3400,0.3900,0.4000,0.3900,0.4000,0.00,2793.00
KXHIGHLAX-25JUL02-B68.5,1751433660,2025-07-02T05:21:00+00:00,1,,,,,,0.3900,0.3400,0.3500,0.3400,0.3500,0.4000,0.4000,0.3900,0.3900,0.00,2793.00
KXHIGHLAX-25JUL02-B68.5,1751433720,2025-07-02T05:22:00+00:00,1,,,,,,0.3900,0.3500,0.3500,0.3400,0.3400,0.3900,0.4000,0.3900,0.3900,0.00,2793.00
KXHIGHLAX-25JUL02-B68.5,1751433780,2025-07-02T05:23:00+00:00,1,,,,,,0.3900,0.3400,0.3500,0.3400,0.3500,0.3900,0.4000,0.3900,0.3900,0.00,2793.00
KXHIGHLAX-25JUL02-B68.5,1751433840,2025-07-02T05:24:00+00:00,1,,,,,,0.3900,0.3500,0.3500,0.3400,0.3500,0.3900,0.4000,0.3900,0.3900,0.00,2793.00
KXHIGHLAX-25JUL02-B68.5,1751433900,2025-07-02T05:25:00+00:00,1,,,,,,0.3900,0.3500,0.3500,0.3400,0.3500,0.3900,0.4000,0.3900,0.3900,0.00,2793.00
KXHIGHLAX-25JUL02-B68.5,1751433960,2025-07-02T05:26:00+00:00,1,,,,,,0.3900,0.3500,0.3500,0.3400,0.3500,0.3900,0.4000,0.3900,0.3900,0.00,2793.00
KXHIGHLAX-25JUL02-B68.5,1751434020,2025-07-02T05:27:00+00:00,1,,,,,,0.3900,0.3500,0.3500,0.3300,0.3400,0.3900,0.4000,0.3900,0.3900,0.00,2793.00
KXHIGHLAX-25JUL02-B68.5,1751434080,2025-07-02T05:28:00+00:00,1,,,,,,0.3900,0.3400,0.3600,0.3400,0.3600,0.3900,0.4200,0.3800,0.3800,0.00,2793.00
KXHIGHLAX-25JUL02-B68.5,1751434140,2025-07-02T05:29:00+00:00,1,,,,,,0.3900,0.3600,0.3600,0.3500,0.3600,0.3800,0.4000,0.3800,0.3900,0.00,2793.00
KXHIGHLAX-25JUL02-B68.5,1751434200,2025-07-02T05:30:00+00:00,1,,,,,,0.3900,0.3600,0.3600,0.3400,0.3500,0.3900,0.4000,0.3900,0.3900,0.00,2793.00
KXHIGHLAX-25JUL02-B68.5,1751434260,2025-07-02T05:31:00+00:00,1,,,,,,0.3900,0.3500,0.3500,0.3400,0.3500,0.3900,0.4000,0.3900,0.3900,0.00,2793.00
KXHIGHLAX-25JUL02-B68.5,1751434320,2025-07-02T05:32:00+00:00,1,,,,,,0.3900,0.3500,0.3500,0.3500,0.3500,0.3900,0.3900,0.3900,0.3900,0.00,2793.00
KXHIGHLAX-25JUL02-B68.5,1751434380,2025-07-02T05:33:00+00:00,1,,,,,,0.3900,0.3500,0.3500,0.3300,0.3500,0.3900,0.3900,0.3800,0.3800,0.00,2793.00
KXHIGHLAX-25JUL02-B68.5,1751434440,2025-07-02T05:34:00+00:00,1,,,,,,0.3900,0.3500,0.3600,0.3300,0.3400,0.3800,0.3900,0.3800,0.3800,0.00,2793.00
KXHIGHLAX-25JUL02-B68.5,1751434500,2025-07-02T05:35:00+00:00,1,,,,,,0.3900,0.3400,0.3500,0.3400,0.3500,0.3800,0.3900,0.3800,0.3800,0.00,2793.00
KXHIGHLAX-25JUL02-B68.5,1751434560,2025-07-02T05:36:00+00:00,1,,,,,,0.3900,0.3500,0.3600,0.3500,0.3600,0.3800,0.3900,0.3800,0.3800,0.00,2793.00
KXHIGHLAX-25JUL02-B68.5,1751434620,2025-07-02T05:37:00+00:00,1,,,,,,0.3900,0.3600,0.3600,0.3300,0.3400,0.3800,0.3900,0.3800,0.3800,0.00,2793.00
KXHIGHLAX-25JUL02-B68.5,1751434680,2025-07-02T05:38:00+00:00,1,,,,,,0.3900,0.3400,0.3500,0.3300,0.3500,0.3800,0.3900,0.3800,0.3800,0.00,2793.00
KXHIGHLAX-25JUL02-B68.5,1751434740,2025-07-02T05:39:00+00:00,1,,,,,,0.3900,0.3500,0.3600,0.3300,0.3400,0.3800,0.3900,0.3800,0.3800,0.00,2793.00
KXHIGHLAX-25JUL02-B68.5,1751434800,2025-07-02T05:40:00+00:00,1,,,,,,0.3900,0.3400,0.3500,0.3300,0.3500,0.3800,0.3900,0.3800,0.3800,0.00,2793.00
KXHIGHLAX-25JUL02-B68.5,1751434860,2025-07-02T05:41:00+00:00,1,,,,,,0.3900,0.3500,0.3600,0.3500,0.3600,0.3800,0.3900,0.3800,0.3800,0.00,2793.00
KXHIGHLAX-25JUL02-B68.5,1751434920,2025-07-02T05:42:00+00:00,1,,,,,,0.3900,0.3600,0.3600,0.3300,0.3400,0.3800,0.3900,0.3800,0.3800,0.00,2793.00
KXHIGHLAX-25JUL02-B68.5,1751434980,2025-07-02T05:43:00+00:00,1,,,,,,0.3900,0.3400,0.3600,0.3300,0.3600,0.3800,0.3900,0.3800,0.3800,0.00,2793.00
KXHIGHLAX-25JUL02-B68.5,1751435040,2025-07-02T05:44:00+00:00,1,,,,,,0.3900,0.3600,0.3600,0.3300,0.3400,0.3800,0.3900,0.3800,0.3800,0.00,2793.00
KXHIGHLAX-25JUL02-B68.5,1751435100,2025-07-02T05:45:00+00:00,1,,,,,,0.3900,0.3400,0.3500,0.3400,0.3500,0.3800,0.3900,0.3800,0.3800,0.00,2793.00
KXHIGHLAX-25JUL02-B68.5,1751435160,2025-07-02T05:46:00+00:00,1,,,,,,0.3900,0.3500,0.3600,0.3500,0.3600,0.3800,0.3900,0.3800,0.3800,0.00,2793.00
KXHIGHLAX-25JUL02-B68.5,1751435220,2025-07-02T05:47:00+00:00,1,,,,,,0.3900,0.3600,0.3600,0.3300,0.3500,0.3800,0.3900,0.3800,0.3800,0.00,2793.00
KXHIGHLAX-25JUL02-B68.5,1751435280,2025-07-02T05:48:00+00:00,1,,,,,,0.3900,0.3500,0.3600,0.3300,0.3400,0.3800,0.3900,0.3800,0.3800,0.00,2793.00
KXHIGHLAX-25JUL02-B68.5,1751435340,2025-07-02T05:49:00+00:00,1,,,,,,0.3900,0.3400,0.3600,0.3400,0.3600,0.3800,0.3900,0.3800,0.3800,0.00,2793.00
KXHIGHLAX-25JUL02-B68.5,1751435400,2025-07-02T05:50:00+00:00,1,,,,,,0.3900,0.3600,0.3600,0.3300,0.3400,0.3800,0.3900,0.3800,0.3800,0.00,2793.00
KXHIGHLAX-25JUL02-B68.5,1751435460,2025-07-02T05:51:00+00:00,1,,,,,,0.3900,0.3400,0.3600,0.3400,0.3600,0.3800,0.3900,0.3800,0.3800,0.00,2793.00
KXHIGHLAX-25JUL02-B68.5,1751435520,2025-07-02T05:52:00+00:00,1,,,,,,0.3900,0.3600,0.3600,0.3300,0.3400,0.3800,0.3900,0.3800,0.3800,0.00,2793.00
KXHIGHLAX-25JUL02-B68.5,1751435580,2025-07-02T05:53:00+00:00,1,,,,,,0.3900,0.3400,0.3600,0.3300,0.3600,0.3800,0.3900,0.3800,0.3800,0.00,2793.00
KXHIGHLAX-25JUL02-B68.5,1751435640,2025-07-02T05:54:00+00:00,1,,,,,,0.3900,0.3600,0.3600,0.3300,0.3400,0.3800,0.3900,0.3800,0.3800,0.00,2793.00
KXHIGHLAX-25JUL02-B68.5,1751435700,2025-07-02T05:55:00+00:00,1,,,,,,0.3900,0.3400,0.3500,0.3300,0.3500,0.3800,0.3900,0.3800,0.3800,0.00,2793.00
KXHIGHLAX-25JUL02-B68.5,1751435760,2025-07-02T05:56:00+00:00,1,,,,,,0.3900,0.3500,0.3600,0.3500,0.3600,0.3800,0.3900,0.3800,0.3800,0.00,2793.00
KXHIGHLAX-25JUL02-B68.5,1751435820,2025-07-02T05:57:00+00:00,1,,,,,,0.3900,0.3600,0.3600,0.3300,0.3500,0.3800,0.3900,0.3800,0.3800,0.00,2793.00
KXHIGHLAX-25JUL02-B68.5,1751435880,2025-07-02T05:58:00+00:00,1,,,,,,0.3900,0.3500,0.3600,0.3500,0.3600,0.3800,0.3900,0.3800,0.3800,0.00,2793.00
KXHIGHLAX-25JUL02-B68.5,1751435940,2025-07-02T05:59:00+00:00,1,,,,,,0.3900,0.3600,0.3600,0.3300,0.3600,0.3800,0.3900,0.3800,0.3800,0.00,2793.00
KXHIGHLAX-25JUL02-B68.5,1751436000,2025-07-02T06:00:00+00:00,1,,,,,,0.3900,0.3600,0.3600,0.3300,0.3400,0.3800,0.3900,0.3800,0.3800,0.00,2793.00
KXHIGHLAX-25JUL02-B68.5,1751436060,2025-07-02T06:01:00+00:00,1,,,,,,0.3900,0.3400,0.3500,0.3300,0.3500,0.3800,0.3900,0.3800,0.3800,0.00,2793.00
KXHIGHLAX-25JUL02-B68.5,1751436120,2025-07-02T06:02:00+00:00,1,,,,,,0.3900,0.3500,0.3600,0.3500,0.3600,0.3800,0.3900,0.3800,0.3800,0.00,2793.00
KXHIGHLAX-25JUL02-B68.5,1751436180,2025-07-02T06:03:00+00:00,1,,,,,,0.3900,0.3600,0.3600,0.3300,0.3400,0.3800,0.3900,0.3800,0.3800,0.00,2793.00
KXHIGHLAX-25JUL02-B68.5,1751436240,2025-07-02T06:04:00+00:00,1,,,,,,0.3900,0.3400,0.3600,0.3400,0.3600,0.3800,0.3900,0.3800,0.3800,0.00,2793.00
KXHIGHLAX-25JUL02-B68.5,1751436300,2025-07-02T06:05:00+00:00,1,,,,,,0.3900,0.3600,0.3600,0.3300,0.3600,0.3800,0.3900,0.3800,0.3800,0.00,2793.00
KXHIGHLAX-25JUL02-B68.5,1751436360,2025-07-02T06:06:00+00:00,1,,,,,,0.3900,0.3600,0.3600,0.3300,0.3400,0.3800,0.3900,0.3800,0.3800,0.00,2793.00
KXHIGHLAX-25JUL02-B68.5,1751436420,2025-07-02T06:07:00+00:00,1,,,,,,0.3900,0.3400,0.3500,0.3300,0.3500,0.3800,0.3900,0.3800,0.3800,0.00,2793.00
KXHIGHLAX-25JUL02-B68.5,1751436480,2025-07-02T06:08:00+00:00,1,,,,,,0.3900,0.3500,0.3600,0.3500,0.3600,0.3800,0.3900,0.3800,0.3800,0.00,2793.00
KXHIGHLAX-25JUL02-B68.5,1751436540,2025-07-02T06:09:00+00:00,1,,,,,,0.3900,0.3600,0.3600,0.3300,0.3400,0.3800,0.3900,0.3800,0.3800,0.00,2793.00
KXHIGHLAX-25JUL02-B68.5,1751436600,2025-07-02T06:10:00+00:00,1,,,,,,0.3900,0.3400,0.3600,0.3400,0.3600,0.3800,0.3900,0.3800,0.3800,0.00,2793.00
KXHIGHLAX-25JUL02-B68.5,1751436660,2025-07-02T06:11:00+00:00,1,,,,,,0.3900,0.3600,0.3600,0.3300,0.3500,0.3800,0.3900,0.3800,0.3800,0.00,2793.00
KXHIGHLAX-25JUL02-B68.5,1751436720,2025-07-02T06:12:00+00:00,1,,,,,,0.3900,0.3500,0.3600,0.3300,0.3400,0.3800,0.3900,0.3800,0.3800,0.00,2793.00
KXHIGHLAX-25JUL02-B68.5,1751436780,2025-07-02T06:13:00+00:00,1,,,,,,0.3900,0.3400,0.3400,0.3300,0.3400,0.3800,0.3900,0.3800,0.3800,0.00,2793.00
KXHIGHLAX-25JUL02-B68.5,1751436840,2025-07-02T06:14:00+00:00,1,,,,,,0.3900,0.3400,0.3400,0.3300,0.3400,0.3800,0.3900,0.3800,0.3800,0.00,2793.00
KXHIGHLAX-25JUL02-B68.5,1751436900,2025-07-02T06:15:00+00:00,1,,,,,,0.3900,0.3400,0.3400,0.3300,0.3400,0.3800,0.3900,0.3800,0.3800,0.00,2793.00
KXHIGHLAX-25JUL02-B68.5,1751436960,2025-07-02T06:16:00+00:00,1,,,,,,0.3900,0.3400,0.3400,0.3300,0.3400,0.3800,0.3900,0.3800,0.3800,0.00,2793.00
KXHIGHLAX-25JUL02-B68.5,1751437020,2025-07-02T06:17:00+00:00,1,,,,,,0.3900,0.3400,0.3400,0.3300,0.3400,0.3800,0.3900,0.3800,0.3800,0.00,2793.00
KXHIGHLAX-25JUL02-B68.5,1751437140,2025-07-02T06:19:00+00:00,1,,,,,,0.3900,0.3400,0.3400,0.3300,0.3400,0.3800,0.3900,0.3800,0.3800,0.00,2793.00
KXHIGHLAX-25JUL02-B68.5,1751437200,2025-07-02T06:20:00+00:00,1,,,,,,0.3900,0.3400,0.3400,0.3300,0.3400,0.3800,0.3900,0.3800,0.3800,0.00,2793.00
KXHIGHLAX-25JUL02-B68.5,1751437260,2025-07-02T06:21:00+00:00,1,,,,,,0.3900,0.3400,0.3400,0.3300,0.3400,0.3800,0.3900,0.3800,0.3800,0.00,2793.00
KXHIGHLAX-25JUL02-B68.5,1751437320,2025-07-02T06:22:00+00:00,1,,,,,,0.3900,0.3400,0.3400,0.3300,0.3400,0.3800,0.3900,0.3800,0.3800,0.00,2793.00
KXHIGHLAX-25JUL02-B68.5,1751437380,2025-07-02T06:23:00+00:00,1,,,,,,0.3900,0.3300,0.3400,0.3300,0.3400,0.3800,0.3900,0.3800,0.3800,0.00,2793.00
KXHIGHLAX-25JUL02-B68.5,1751437440,2025-07-02T06:24:00+00:00,1,,,,,,0.3900,0.3400,0.3400,0.3300,0.3400,0.3800,0.3900,0.3800,0.3800,0.00,2793.00
KXHIGHLAX-25JUL02-B68.5,1751437500,2025-07-02T06:25:00+00:00,1,,,,,,0.3900,0.3400,0.3400,0.3300,0.3400,0.3800,0.3900,0.3800,0.3800,0.00,2793.00
KXHIGHLAX-25JUL02-B68.5,1751437560,2025-07-02T06:26:00+00:00,1,,,,,,0.3900,0.3400,0.3400,0.3300,0.3400,0.3800,0.3900,0.3800,0.3800,0.00,2793.00
KXHIGHLAX-25JUL02-B68.5,1751437620,2025-07-02T06:27:00+00:00,1,,,,,,0.3900,0.3400,0.3400,0.3300,0.3400,0.3800,0.3900,0.3800,0.3800,0.00,2793.00
KXHIGHLAX-25JUL02-B68.5,1751437680,2025-07-02T06:28:00+00:00,1,,,,,,0.3900,0.3400,0.3400,0.3300,0.3400,0.3800,0.3900,0.3800,0.3800,0.00,2793.00
KXHIGHLAX-25JUL02-B68.5,1751437740,2025-07-02T06:29:00+00:00,1,,,,,,0.3900,0.3400,0.3400,0.3300,0.3400,0.3800,0.3900,0.3800,0.3800,0.00,2793.00
KXHIGHLAX-25JUL02-B68.5,1751437800,2025-07-02T06:30:00+00:00,1,,,,,,0.3900,0.3400,0.3400,0.3300,0.3400,0.3800,0.3900,0.3800,0.3800,0.00,2793.00
KXHIGHLAX-25JUL02-B68.5,1751437860,2025-07-02T06:31:00+00:00,1,0.3400,0.3400,0.3300,0.3300,0.3359,0.3900,0.3400,0.3400,0.3300,0.3400,0.3800,0.3900,0.3800,0.3800,144.00,2803.00
KXHIGHLAX-25JUL02-B68.5,1751437920,2025-07-02T06:32:00+00:00,1,,,,,,0.3300,0.3400,0.3400,0.3400,0.3400,0.3800,0.3900,0.3800,0.3800,0.00,2803.00
KXHIGHLAX-25JUL02-B68.5,1751437980,2025-07-02T06:33:00+00:00,1,,,,,,0.3300,0.3400,0.3400,0.3400,0.3400,0.3800,0.3900,0.3800,0.3800,0.00,2803.00
KXHIGHLAX-25JUL02-B68.5,1751438040,2025-07-02T06:34:00+00:00,1,,,,,,0.3300,0.3400,0.3400,0.3400,0.3400,0.3800,0.3900,0.3800,0.3800,0.00,2803.00
KXHIGHLAX-25JUL02-B68.5,1751438100,2025-07-02T06:35:00+00:00,1,,,,,,0.3300,0.3400,0.3400,0.3400,0.3400,0.3800,0.3900,0.3800,0.3800,0.00,2803.00
KXHIGHLAX-25JUL02-B68.5,1751438160,2025-07-02T06:36:00+00:00,1,,,,,,0.3300,0.3400,0.3400,0.3400,0.3400,0.3800,0.3900,0.3800,0.3800,0.00,2803.00
KXHIGHLAX-25JUL02-B68.5,1751438220,2025-07-02T06:37:00+00:00,1,,,,,,0.3300,0.3400,0.3400,0.3400,0.3400,0.3800,0.3900,0.3800,0.3800,0.00,2803.00
KXHIGHLAX-25JUL02-B68.5,1751438280,2025-07-02T06:38:00+00:00,1,,,,,,0.3300,0.3400,0.3400,0.3400,0.3400,0.3800,0.3900,0.3800,0.3800,0.00,2803.00
KXHIGHLAX-25JUL02-B68.5,1751438340,2025-07-02T06:39:00+00:00,1,,,,,,0.3300,0.3400,0.3400,0.3400,0.3400,0.3800,0.3900,0.3800,0.3800,0.00,2803.00
KXHIGHLAX-25JUL02-B68.5,1751438400,2025-07-02T06:40:00+00:00,1,,,,,,0.3300,0.3400,0.3400,0.3400,0.3400,0.3800,0.3900,0.3800,0.3800,0.00,2803.00
KXHIGHLAX-25JUL02-B68.5,1751438460,2025-07-02T06:41:00+00:00,1,,,,,,0.3300,0.3400,0.3400,0.3400,0.3400,0.3800,0.3900,0.3800,0.3800,0.00,2803.00
KXHIGHLAX-25JUL02-B68.5,1751438520,2025-07-02T06:42:00+00:00,1,,,,,,0.3300,0.3400,0.3400,0.3400,0.3400,0.3800,0.3900,0.3800,0.3800,0.00,2803.00
KXHIGHLAX-25JUL02-B68.5,1751438580,2025-07-02T06:43:00+00:00,1,,,,,,0.3300,0.3400,0.3400,0.3400,0.3400,0.3800,0.3900,0.3800,0.3800,0.00,2803.00
KXHIGHLAX-25JUL02-B68.5,1751438640,2025-07-02T06:44:00+00:00,1,,,,,,0.3300,0.3400,0.3400,0.3400,0.3400,0.3800,0.3900,0.3800,0.3800,0.00,2803.00
KXHIGHLAX-25JUL02-B68.5,1751438700,2025-07-02T06:45:00+00:00,1,,,,,,0.3300,0.3400,0.3400,0.3400,0.3400,0.3800,0.3900,0.3800,0.3800,0.00,2803.00
KXHIGHLAX-25JUL02-B68.5,1751438760,2025-07-02T06:46:00+00:00,1,,,,,,0.3300,0.3400,0.3400,0.3400,0.3400,0.3800,0.3900,0.3800,0.3800,0.00,2803.00
KXHIGHLAX-25JUL02-B68.5,1751438820,2025-07-02T06:47:00+00:00,1,,,,,,0.3300,0.3400,0.3400,0.3400,0.3400,0.3800,0.3900,0.3800,0.3800,0.00,2803.00
KXHIGHLAX-25JUL02-B68.5,1751438880,2025-07-02T06:48:00+00:00,1,,,,,,0.3300,0.3400,0.3400,0.3400,0.3400,0.3800,0.3900,0.3800,0.3800,0.00,2803.00
KXHIGHLAX-25JUL02-B68.5,1751438940,2025-07-02T06:49:00+00:00,1,0.3800,0.3800,0.3800,0.3800,0.3800,0.3300,0.3400,0.3400,0.3400,0.3400,0.3800,0.3900,0.3800,0.3800,17.00,2820.00
KXHIGHLAX-25JUL02-B68.5,1751439000,2025-07-02T06:50:00+00:00,1,,,,,,0.3800,0.3400,0.3500,0.3400,0.3500,0.3800,0.3900,0.3800,0.3800,0.00,2820.00
KXHIGHLAX-25JUL02-B68.5,1751439060,2025-07-02T06:51:00+00:00,1,,,,,,0.3800,0.3500,0.3500,0.3400,0.3500,0.3800,0.3900,0.3800,0.3800,0.00,2820.00
KXHIGHLAX-25JUL02-B68.5,1751439120,2025-07-02T06:52:00+00:00,1,,,,,,0.3800,0.3500,0.3500,0.3400,0.3500,0.3800,0.3900,0.3800,0.3800,0.00,2820.00
KXHIGHLAX-25JUL02-B68.5,1751439180,2025-07-02T06:53:00+00:00,1,,,,,,0.3800,0.3500,0.3500,0.3400,0.3500,0.3800,0.3900,0.3800,0.3800,0.00,2820.00
KXHIGHLAX-25JUL02-B68.5,1751439240,2025-07-02T06:54:00+00:00,1,,,,,,0.3800,0.3500,0.3500,0.3400,0.3500,0.3800,0.3900,0.3800,0.3800,0.00,2820.00
KXHIGHLAX-25JUL02-B68.5,1751439300,2025-07-02T06:55:00+00:00,1,,,,,,0.3800,0.3500,0.3500,0.3400,0.3500,0.3800,0.3900,0.3800,0.3800,0.00,2820.00
KXHIGHLAX-25JUL02-B68.5,1751439360,2025-07-02T06:56:00+00:00,1,,,,,,0.3800,0.3500,0.3500,0.3400,0.3500,0.3800,0.3900,0.3800,0.3800,0.00,2820.00
KXHIGHLAX-25JUL02-B68.5,1751439420,2025-07-02T06:57:00+00:00,1,,,,,,0.3800,0.3500,0.3500,0.3400,0.3500,0.3800,0.3900,0.3800,0.3800,0.00,2820.00
KXHIGHLAX-25JUL02-B68.5,1751439480,2025-07-02T06:58:00+00:00,1,,,,,,0.3800,0.3500,0.3500,0.3400,0.3500,0.3800,0.3900,0.3800,0.3800,0.00,2820.00
KXHIGHLAX-25JUL02-B68.5,1751439540,2025-07-02T06:59:00+00:00,1,,,,,,0.3800,0.3500,0.3500,0.3400,0.3500,0.3800,0.3900,0.3800,0.3800,0.00,2820.00
KXHIGHLAX-25JUL02-B68.5,1751439600,2025-07-02T07:00:00+00:00,1,,,,,,0.3800,0.3500,0.3500,0.3400,0.3500,0.3800,0.3900,0.3700,0.3700,0.00,2820.00
KXHIGHLAX-25JUL02-B68.5,1751439660,2025-07-02T07:01:00+00:00,1,,,,,,0.3800,0.3500,0.3500,0.3500,0.3500,0.3700,0.3700,0.3700,0.3700,0.00,2820.00
KXHIGHLAX-25JUL02-B68.5,1751440260,2025-07-02T07:11:00+00:00,1,,,,,,0.3800,0.3500,0.3500,0.3500,0.3500,0.3700,0.3700,0.3700,0.3700,0.00,2820.00
KXHIGHLAX-25JUL02-B68.5,1751445060,2025-07-02T08:31:00+00:00,1,,,,,,0.3800,0.3500,0.3500,0.3500,0.3500,0.3700,0.3700,0.3700,0.3700,0.00,2820.00
KXHIGHLAX-25JUL02-B68.5,1751454060,2025-07-02T11:01:00+00:00,1,,,,,,0.3800,0.3500,0.3500,0.0700,0.0700,0.3700,0.4700,0.3700,0.4700,0.00,2820.00
KXHIGHLAX-25JUL02-B68.5,1751457660,2025-07-02T12:01:00+00:00,1,,,,,,0.3800,0.0700,0.3400,0.0000,0.3400,0.4700,0.4700,0.3500,0.3500,0.00,2820.00
KXHIGHLAX-25JUL02-B68.5,1751457720,2025-07-02T12:02:00+00:00,1,,,,,,0.3800,0.3400,0.3400,0.0900,0.1600,0.3500,0.3500,0.3400,0.3500,0.00,2820.00
KXHIGHLAX-25JUL02-B68.5,1751457780,2025-07-02T12:03:00+00:00,1,,,,,,0.3800,0.1600,0.1600,0.1600,0.1600,0.3500,0.3500,0.3400,0.3400,0.00,2820.00
KXHIGHLAX-25JUL02-B68.5,1751457840,2025-07-02T12:04:00+00:00,1,0.3200,0.3200,0.3200,0.3200,0.3200,0.3800,0.1600,0.3200,0.1600,0.3200,0.3400,0.3500,0.3200,0.3300,15.00,2820.00
KXHIGHLAX-25JUL02-B68.5,1751457900,2025-07-02T12:05:00+00:00,1,,,,,,0.3200,0.3200,0.3300,0.3200,0.3300,0.3300,0.3600,0.3300,0.3500,0.00,2820.00
KXHIGHLAX-25JUL02-B68.5,1751457960,2025-07-02T12:06:00+00:00,1,,,,,,0.3200,0.3300,0.3400,0.3200,0.3400,0.3500,0.3600,0.3500,0.3500,0.00,2820.00
KXHIGHLAX-25JUL02-B68.5,1751458020,2025-07-02T12:07:00+00:00,1,,,,,,0.3200,0.3400,0.3400,0.3200,0.3400,0.3500,0.3600,0.3500,0.3500,0.00,2820.00
KXHIGHLAX-25JUL02-B68.5,1751458080,2025-07-02T12:08:00+00:00,1,,,,,,0.3200,0.3400,0.3400,0.3200,0.3400,0.3500,0.3600,0.3500,0.3500,0.00,2820.00
KXHIGHLAX-25JUL02-B68.5,1751458140,2025-07-02T12:09:00+00:00,1,,,,,,0.3200,0.3400,0.3400,0.3300,0.3400,0.3500,0.3600,0.3500,0.3500,0.00,2820.00
KXHIGHLAX-25JUL02-B68.5,1751458200,2025-07-02T12:10:00+00:00,1,,,,,,0.3200,0.3400,0.3400,0.3200,0.3400,0.3500,0.3600,0.3500,0.3500,0.00,2820.00
KXHIGHLAX-25JUL02-B68.5,1751458320,2025-07-02T12:12:00+00:00,1,,,,,,0.3200,0.3400,0.3400,0.3200,0.3400,0.3500,0.3600,0.3500,0.3500,0.00,2820.00
KXHIGHLAX-25JUL02-B68.5,1751458380,2025-07-02T12:13:00+00:00,1,,,,,,0.3200,0.3400,0.3400,0.3200,0.3400,0.3500,0.3600,0.3500,0.3500,0.00,2820.00
KXHIGHLAX-25JUL02-B68.5,1751458440,2025-07-02T12:14:00+00:00,1,,,,,,0.3200,0.3400,0.3400,0.3200,0.3400,0.3500,0.3600,0.3500,0.3500,0.00,2820.00
KXHIGHLAX-25JUL02-B68.5,1751458500,2025-07-02T12:15:00+00:00,1,,,,,,0.3200,0.3400,0.3400,0.3200,0.3400,0.3500,0.3600,0.3500,0.3500,0.00,2820.00
KXHIGHLAX-25JUL02-B68.5,1751458560,2025-07-02T12:16:00+00:00,1,,,,,,0.3200,0.3400,0.3400,0.3200,0.3400,0.3500,0.3600,0.3500,0.3500,0.00,2820.00
KXHIGHLAX-25JUL02-B68.5,1751458620,2025-07-02T12:17:00+00:00,1,,,,,,0.3200,0.3400,0.3400,0.3200,0.3200,0.3500,0.3600,0.3500,0.3500,0.00,2820.00
KXHIGHLAX-25JUL02-B68.5,1751458680,2025-07-02T12:18:00+00:00,1,,,,,,0.3200,0.3200,0.3300,0.3200,0.3300,0.3500,0.3600,0.3500,0.3600,0.00,2820.00
KXHIGHLAX-25JUL02-B68.5,1751458740,2025-07-02T12:19:00+00:00,1,0.3400,0.3400,0.3000,0.3000,0.3289,0.3200,0.3300,0.3400,0.3000,0.3000,0.3600,0.3600,0.3600,0.3600,65.00,2787.00
KXHIGHLAX-25JUL02-B68.5,1751458800,2025-07-02T12:20:00+00:00,1,,,,,,0.3000,0.3000,0.3200,0.2800,0.3200,0.3600,0.3600,0.3400,0.3400,0.00,2787.00
KXHIGHLAX-25JUL02-B68.5,1751458860,2025-07-02T12:21:00+00:00,1,,,,,,0.3000,0.3200,0.3200,0.3100,0.3200,0.3400,0.3400,0.3300,0.3300,0.00,2787.00
KXHIGHLAX-25JUL02-B68.5,1751458920,2025-07-02T12:22:00+00:00,1,,,,,,0.3000,0.3200,0.3200,0.2500,0.3200,0.3300,0.3300,0.3300,0.3300,0.00,2787.00
KXHIGHLAX-25JUL02-B68.5,1751458980,2025-07-02T12:23:00+00:00,1,,,,,,0.3000,0.3200,0.3300,0.3200,0.3300,0.3300,0.3600,0.3300,0.3400,0.00,2787.00
KXHIGHLAX-25JUL02-B68.5,1751459040,2025-07-02T12:24:00+00:00,1,,,,,,0.3000,0.3300,0.3300,0.3200,0.3200,0.3400,0.3400,0.3400,0.3400,0.00,2787.00
KXHIGHLAX-25JUL02-B68.5,1751459100,2025-07-02T12:25:00+00:00,1,,,,,,0.3000,0.3200,0.3300,0.3200,0.3300,0.3400,0.3600,0.3400,0.3500,0.00,2787.00
KXHIGHLAX-25JUL02-B68.5,1751459160,2025-07-02T12:26:00+00:00,1,,,,,,0.3000,0.3300,0.3300,0.3200,0.3200,0.3500,0.3500,0.3400,0.3400,0.00,2787.00
KXHIGHLAX-25JUL02-B68.5,1751459220,2025-07-02T12:27:00+00:00,1,,,,,,0.3000,0.3200,0.3200,0.3200,0.3200,0.3400,0.3600,0.3400,0.3400,0.00,2787.00
KXHIGHLAX-25JUL02-B68.5,1751459280,2025-07-02T12:28:00+00:00,1,,,,,,0.3000,0.3200,0.3300,0.3200,0.3300,0.3400,0.3600,0.3400,0.3400,0.00,2787.00
KXHIGHLAX-25JUL02-B68.5,1751459340,2025-07-02T12:29:00+00:00,1,,,,,,0.3000,0.3300,0.3300,0.3200,0.3200,0.3400,0.3400,0.3400,0.3400,0.00,2787.00
KXHIGHLAX-25JUL02-B68.5,1751459400,2025-07-02T12:30:00+00:00,1,,,,,,0.3000,0.3200,0.3300,0.3200,0.3300,0.3400,0.3600,0.3400,0.3400,0.00,2787.00
KXHIGHLAX-25JUL02-B68.5,1751459460,2025-07-02T12:31:00+00:00,1,,,,,,0.3000,0.3300,0.3300,0.3100,0.3200,0.3400,0.3400,0.3300,0.3300,0.00,2787.00
KXHIGHLAX-25JUL02-B68.5,1751459520,2025-07-02T12:32:00+00:00,1,0.3200,0.3200,0.2500,0.2500,0.2787,0.3000,0.3200,0.3200,0.2500,0.2600,0.3300,0.3300,0.3200,0.3200,743.00,2991.00
KXHIGHLAX-25JUL02-B68.5,1751459580,2025-07-02T12:33:00+00:00,1,,,,,,0.2500,0.2600,0.2700,0.2600,0.2700,0.3200,0.3200,0.3000,0.3000,0.00,2991.00
KXHIGHLAX-25JUL02-B68.5,1751459640,2025-07-02T12:34:00+00:00,1,0.2800,0.2800,0.2800,0.2800,0.2800,0.2500,0.2700,0.2700,0.2600,0.2700,0.3000,0.3000,0.2800,0.2800,1.00,2990.00
KXHIGHLAX-25JUL02-B68.5,1751459700,2025-07-02T12:35:00+00:00,1,,,,,,0.2800,0.2700,0.2700,0.2600,0.2600,0.2800,0.3200,0.2800,0.3200,0.00,2990.00
KXHIGHLAX-25JUL02-B68.5,1751459760,2025-07-02T12:36:00+00:00,1,,,,,,0.2800,0.2600,0.2700,0.2600,0.2700,0.3200,0.3200,0.3000,0.3000,0.00,2990.00
KXHIGHLAX-25JUL02-B68.5,1751459820,2025-07-02T12:37:00+00:00,1,,,,,,0.2800,0.2700,0.2700,0.2600,0.2700,0.3000,0.3000,0.2900,0.2900,0.00,2990.00
KXHIGHLAX-25JUL02-B68.5,1751459880,2025-07-02T12:38:00+00:00,1,,,,,,0.2800,0.2700,0.2700,0.2600,0.2600,0.2900,0.3200,0.2800,0.3200,0.00,2990.00
KXHIGHLAX-25JUL02-B68.5,1751459940,2025-07-02T12:39:00+00:00,1,,,,,,0.2800,0.2600,0.2700,0.2600,0.2700,0.3200,0.3200,0.3000,0.3000,0.00,2990.00
KXHIGHLAX-25JUL02-B68.5,1751460000,2025-07-02T12:40:00+00:00,1,,,,,,0.2800,0.2700,0.2700,0.2600,0.2700,0.3000,0.3000,0.2900,0.2900,0.00,2990.00
KXHIGHLAX-25JUL02-B68.5,1751460060,2025-07-02T12:41:00+00:00,1,0.2800,0.2800,0.2800,0.2800,0.2800,0.2800,0.2700,0.2700,0.2600,0.2600,0.2900,0.3200,0.2800,0.3200,13.00,2990.00
KXHIGHLAX-25JUL02-B68.5,1751460120,2025-07-02T12:42:00+00:00,1,,,,,,0.2800,0.2600,0.2700,0.2600,0.2700,0.3200,0.3200,0.3100,0.3100,0.00,2990.00
KXHIGHLAX-25JUL02-B68.5,1751460180,2025-07-02T12:43:00+00:00,1,,,,,,0.2800,0.2700,0.2700,0.2600,0.2700,0.3100,0.3100,0.2900,0.2900,0.00,2990.00
KXHIGHLAX-25JUL02-B68.5,1751460240,2025-07-02T12:44:00+00:00,1,,,,,,0.2800,0.2700,0.2700,0.2700,0.2700,0.2900,0.2900,0.2800,0.2800,0.00,2990.00
KXHIGHLAX-25JUL02-B68.5,1751460300,2025-07-02T12:45:00+00:00,1,,,,,,0.2800,0.2700,0.2700,0.2600,0.2600,0.2800,0.3200,0.2800,0.3200,0.00,2990.00
KXHIGHLAX-25JUL02-B68.5,1751460360,2025-07-02T12:46:00+00:00,1,,,,,,0.2800,0.2600,0.2700,0.2600,0.2700,0.3200,0.3200,0.3000,0.3000,0.00,2990.00
KXHIGHLAX-25JUL02-B68.5,1751460420,2025-07-02T12:47:00+00:00,1,,,,,,0.2800,0.2700,0.2700,0.2600,0.2700,0.3000,0.3000,0.2800,0.2800,0.00,2990.00
KXHIGHLAX-25JUL02-B68.5,1751460480,2025-07-02T12:48:00+00:00,1,,,,,,0.2800,0.2700,0.2700,0.2600,0.2600,0.2800,0.3200,0.2800,0.3200,0.00,2990.00
KXHIGHLAX-25JUL02-B68.5,1751460540,2025-07-02T12:49:00+00:00,1,,,,,,0.2800,0.2600,0.2800,0.2600,0.2700,0.3200,0.3200,0.3000,0.3000,0.00,2990.00
KXHIGHLAX-25JUL02-B68.5,1751460600,2025-07-02T12:50:00+00:00,1,,,,,,0.2800,0.2700,0.2700,0.2600,0.2700,0.3000,0.3000,0.2800,0.2800,0.00,2990.00
KXHIGHLAX-25JUL02-B68.5,1751460660,2025-07-02T12:51:00+00:00,1,,,,,,0.2800,0.2700,0.2700,0.2600,0.2600,0.2800,0.2900,0.2800,0.2900,0.00,2990.00
KXHIGHLAX-25JUL02-B68.5,1751460720,2025-07-02T12:52:00+00:00,1,,,,,,0.2800,0.2600,0.2700,0.2600,0.2700,0.2900,0.2900,0.2800,0.2800,0.00,2990.00
KXHIGHLAX-25JUL02-B68.5,1751460780,2025-07-02T12:53:00+00:00,1,,,,,,0.2800,0.2700,0.2700,0.2600,0.2600,0.2800,0.2800,0.2800,0.2800,0.00,2990.00
KXHIGHLAX-25JUL02-B68.5,1751460840,2025-07-02T12:54:00+00:00,1,,,,,,0.2800,0.2600,0.2800,0.2600,0.2800,0.2800,0.2900,0.2800,0.2900,0.00,2990.00
KXHIGHLAX-25JUL02-B68.5,1751460900,2025-07-02T12:55:00+00:00,1,,,,,,0.2800,0.2800,0.2800,0.2800,0.2800,0.2900,0.2900,0.2900,0.2900,0.00,2990.00
KXHIGHLAX-25JUL02-B68.5,1751461020,2025-07-02T12:57:00+00:00,1,,,,,,0.2800,0.2800,0.2800,0.2800,0.2800,0.2900,0.2900,0.2900,0.2900,0.00,2990.00
KXHIGHLAX-25JUL02-B68.5,1751461080,2025-07-02T12:58:00+00:00,1,,,,,,0.2800,0.2800,0.2800,0.2800,0.2800,0.2900,0.2900,0.2900,0.2900,0.00,2990.00
KXHIGHLAX-25JUL02-B68.5,1751461260,2025-07-02T13:01:00+00:00,1,,,,,,0.2800,0.2800,0.2800,0.2800,0.2800,0.2900,0.2900,0.2900,0.2900,0.00,2990.00
KXHIGHLAX-25JUL02-B68.5,1751461320,2025-07-02T13:02:00+00:00,1,,,,,,0.2800,0.2800,0.2800,0.2800,0.2800,0.2900,0.2900,0.2900,0.2900,0.00,2990.00
KXHIGHLAX-25JUL02-B68.5,1751461380,2025-07-02T13:03:00+00:00,1,0.2900,0.3400,0.2900,0.3400,0.3211,0.2800,0.2800,0.2900,0.2500,0.2900,0.2900,0.4500,0.2900,0.3300,148.00,3120.00
KXHIGHLAX-25JUL02-B68.5,1751461440,2025-07-02T13:04:00+00:00,1,,,,,,0.3400,0.2900,0.3000,0.2900,0.3000,0.3300,0.3400,0.3300,0.3300,0.00,3120.00
KXHIGHLAX-25JUL02-B68.5,1751461500,2025-07-02T13:05:00+00:00,1,,,,,,0.3400,0.3000,0.3000,0.2900,0.3000,0.3300,0.3400,0.3300,0.3300,0.00,3120.00
KXHIGHLAX-25JUL02-B68.5,1751461560,2025-07-02T13:06:00+00:00,1,,,,,,0.3400,0.3000,0.3000,0.2900,0.3000,0.3300,0.3400,0.3300,0.3300,0.00,3120.00
KXHIGHLAX-25JUL02-B68.5,1751461620,2025-07-02T13:07:00+00:00,1,,,,,,0.3400,0.3000,0.3000,0.2900,0.3000,0.3300,0.3400,0.3300,0.3300,0.00,3120.00
KXHIGHLAX-25JUL02-B68.5,1751461680,2025-07-02T13:08:00+00:00,1,,,,,,0.3400,0.3000,0.3200,0.3000,0.3200,0.3300,0.3400,0.3300,0.3300,0.00,3120.00
KXHIGHLAX-25JUL02-B68.5,1751461740,2025-07-02T13:09:00+00:00,1,,,,,,0.3400,0.3200,0.3200,0.3200,0.3200,0.3300,0.3400,0.3300,0.3400,0.00,3120.00
KXHIGHLAX-25JUL02-B68.5,1751461800,2025-07-02T13:10:00+00:00,1,,,,,,0.3400,0.3200,0.3200,0.2900,0.2900,0.3400,0.3400,0.3400,0.3400,0.00,3120.00
KXHIGHLAX-25JUL02-B68.5,1751461860,2025-07-02T13:11:00+00:00,1,0.3300,0.3300,0.3300,0.3300,0.3300,0.3400,0.2900,0.3100,0.2900,0.3100,0.3400,0.3400,0.3300,0.3300,10.00,3130.00
KXHIGHLAX-25JUL02-B68.5,1751461920,2025-07-02T13:12:00+00:00,1,,,,,,0.3300,0.3100,0.3200,0.3100,0.3200,0.3300,0.3400,0.3300,0.3300,0.00,3130.00
KXHIGHLAX-25JUL02-B68.5,1751461980,2025-07-02T13:13:00+00:00,1,,,,,,0.3300,0.3200,0.3200,0.2900,0.2900,0.3300,0.3400,0.3300,0.3400,0.00,3130.00
KXHIGHLAX-25JUL02-B68.5,1751462040,2025-07-02T13:14:00+00:00,1,,,,,,0.3300,0.2900,0.3100,0.2900,0.3100,0.3400,0.3400,0.3300,0.3300,0.00,3130.00
KXHIGHLAX-25JUL02-B68.5,1751462100,2025-07-02T13:15:00+00:00,1,,,,,,0.3300,0.3100,0.3200,0.3100,0.3200,0.3300,0.3400,0.3300,0.3300,0.00,3130.00
KXHIGHLAX-25JUL02-B68.5,1751462160,2025-07-02T13:16:00+00:00,1,,,,,,0.3300,0.3200,0.3200,0.2900,0.2900,0.3300,0.3400,0.3300,0.3400,0.00,3130.00
KXHIGHLAX-25JUL02-B68.5,1751462220,2025-07-02T13:17:00+00:00,1,,,,,,0.3300,0.2900,0.3100,0.2900,0.3100,0.3400,0.3400,0.3300,0.3300,0.00,3130.00
KXHIGHLAX-25JUL02-B68.5,1751462280,2025-07-02T13:18:00+00:00,1,,,,,,0.3300,0.3100,0.3200,0.2900,0.3200,0.3300,0.3400,0.3300,0.3300,0.00,3130.00
KXHIGHLAX-25JUL02-B68.5,1751462340,2025-07-02T13:19:00+00:00,1,,,,,,0.3300,0.3200,0.3200,0.3200,0.3200,0.3300,0.3800,0.3300,0.3500,0.00,3130.00
KXHIGHLAX-25JUL02-B68.5,1751462400,2025-07-02T13:20:00+00:00,1,0.3500,0.3700,0.3500,0.3700,0.3627,0.3300,0.3200,0.3200,0.2800,0.3200,0.3500,0.3800,0.3400,0.3400,263.00,3393.00
KXHIGHLAX-25JUL02-B68.5,1751462460,2025-07-02T13:21:00+00:00,1,,,,,,0.3700,0.3200,0.3300,0.3200,0.3300,0.3400,0.3700,0.3400,0.3600,0.00,3393.00
KXHIGHLAX-25JUL02-B68.5,1751462520,2025-07-02T13:22:00+00:00,1,,,,,,0.3700,0.3300,0.3300,0.3100,0.3200,0.3600,0.3700,0.3600,0.3600,0.00,3393.00
KXHIGHLAX-25JUL02-B68.5,1751462580,2025-07-02T13:23:00+00:00,1,,,,,,0.3700,0.3200,0.3200,0.3100,0.3200,0.3600,0.3700,0.3600,0.3600,0.00,3393.00
KXHIGHLAX-25JUL02-B68.5,1751462640,2025-07-02T13:24:00+00:00,1,,,,,,0.3700,0.3200,0.3200,0.3100,0.3200,0.3600,0.3700,0.3600,0.3600,0.00,3393.00
KXHIGHLAX-25JUL02-B68.5,1751462700,2025-07-02T13:25:00+00:00,1,,,,,,0.3700,0.3200,0.3200,0.3100,0.3200,0.3600,0.3700,0.3600,0.3600,0.00,3393.00
KXHIGHLAX-25JUL02-B68.5,1751462760,2025-07-02T13:26:00+00:00,1,,,,,,0.3700,0.3200,0.3200,0.3100,0.3200,0.3600,0.3700,0.3600,0.3600,0.00,3393.00
KXHIGHLAX-25JUL02-B68.5,1751462820,2025-07-02T13:27:00+00:00,1,,,,,,0.3700,0.3200,0.3300,0.3200,0.3300,0.3600,0.3700,0.3600,0.3600,0.00,3393.00
KXHIGHLAX-25JUL02-B68.5,1751462880,2025-07-02T13:28:00+00:00,1,,,,,,0.3700,0.3300,0.3300,0.3100,0.3200,0.3600,0.3700,0.3600,0.3600,0.00,3393.00
KXHIGHLAX-25JUL02-B68.5,1751462940,2025-07-02T13:29:00+00:00,1,,,,,,0.3700,0.3200,0.3200,0.3100,0.3200,0.3600,0.3700,0.3600,0.3600,0.00,3393.00
KXHIGHLAX-25JUL02-B68.5,1751463000,2025-07-02T13:30:00+00:00,1,,,,,,0.3700,0.3200,0.3200,0.3200,0.3200,0.3600,0.3600,0.3600,0.3600,0.00,3393.00
KXHIGHLAX-25JUL02-B68.5,1751463060,2025-07-02T13:31:00+00:00,1,0.3600,0.3700,0.3600,0.3700,0.3636,0.3700,0.3200,0.3300,0.3200,0.3300,0.3600,0.3700,0.3600,0.3700,78.00,3471.00
KXHIGHLAX-25JUL02-B68.5,1751463120,2025-07-02T13:32:00+00:00,1,,,,,,0.3700,0.3300,0.3300,0.3100,0.3300,0.3700,0.3700,0.3700,0.3700,0.00,3471.00
KXHIGHLAX-25JUL02-B68.5,1751463180,2025-07-02T13:33:00+00:00,1,,,,,,0.3700,0.3300,0.3400,0.3300,0.3400,0.3700,0.3700,0.3700,0.3700,0.00,3471.00
KXHIGHLAX-25JUL02-B68.5,1751463240,2025-07-02T13:34:00+00:00,1,,,,,,0.3700,0.3400,0.3400,0.3100,0.3300,0.3700,0.3700,0.3700,0.3700,0.00,3471.00
KXHIGHLAX-25JUL02-B68.5,1751463300,2025-07-02T13:35:00+00:00,1,,,,,,0.3700,0.3300,0.3400,0.3300,0.3400,0.3700,0.3700,0.3700,0.3700,0.00,3471.00
KXHIGHLAX-25JUL02-B68.5,1751463360,2025-07-02T13:36:00+00:00,1,,,,,,0.3700,0.3400,0.3400,0.3100,0.3300,0.3700,0.3700,0.3700,0.3700,0.00,3471.00
KXHIGHLAX-25JUL02-B68.5,1751463420,2025-07-02T13:37:00+00:00,1,,,,,,0.3700,0.3300,0.3400,0.3300,0.3400,0.3700,0.3700,0.3700,0.3700,0.00,3471.00
KXHIGHLAX-25JUL02-B68.5,1751463480,2025-07-02T13:38:00+00:00,1,,,,,,0.3700,0.3400,0.3400,0.3100,0.3300,0.3700,0.3700,0.3700,0.3700,0.00,3471.00
KXHIGHLAX-25JUL02-B68.5,1751463540,2025-07-02T13:39:00+00:00,1,,,,,,0.3700,0.3300,0.3400,0.3300,0.3400,0.3700,0.3700,0.3700,0.3700,0.00,3471.00
KXHIGHLAX-25JUL02-B68.5,1751463600,2025-07-02T13:40:00+00:00,1,,,,,,0.3700,0.3400,0.3400,0.3100,0.3200,0.3700,0.3700,0.3700,0.3700,0.00,3471.00
KXHIGHLAX-25JUL02-B68.5,1751463660,2025-07-02T13:41:00+00:00,1,0.3400,0.3400,0.3400,0.3400,0.3400,0.3700,0.3200,0.3300,0.3200,0.3300,0.3700,0.3700,0.3400,0.3400,88.00,3471.00
KXHIGHLAX-25JUL02-B68.5,1751463720,2025-07-02T13:42:00+00:00,1,,,,,,0.3400,0.3300,0.3300,0.3200,0.3200,0.3400,0.3400,0.3400,0.3400,0.00,3471.00
KXHIGHLAX-25JUL02-B68.5,1751463780,2025-07-02T13:43:00+00:00,1,,,,,,0.3400,0.3200,0.3200,0.3200,0.3200,0.3400,0.3400,0.3400,0.3400,0.00,3471.00
KXHIGHLAX-25JUL02-B68.5,1751463840,2025-07-02T13:44:00+00:00,1,,,,,,0.3400,0.3200,0.3200,0.3200,0.3200,0.3400,0.3400,0.3400,0.3400,0.00,3471.00
KXHIGHLAX-25JUL02-B68.5,1751463900,2025-07-02T13:45:00+00:00,1,,,,,,0.3400,0.3200,0.3200,0.3200,0.3200,0.3400,0.3400,0.3400,0.3400,0.00,3471.00
KXHIGHLAX-25JUL02-B68.5,1751463960,2025-07-02T13:46:00+00:00,1,,,,,,0.3400,0.3200,0.3200,0.3200,0.3200,0.3400,0.3400,0.3400,0.3400,0.00,3471.00
KXHIGHLAX-25JUL02-B68.5,1751464020,2025-07-02T13:47:00+00:00,1,,,,,,0.3400,0.3200,0.3200,0.3200,0.3200,0.3400,0.3700,0.3400,0.3700,0.00,3471.00
KXHIGHLAX-25JUL02-B68.5,1751464080,2025-07-02T13:48:00+00:00,1,,,,,,0.3400,0.3200,0.3300,0.3200,0.3300,0.3700,0.3700,0.3600,0.3600,0.00,3471.00
KXHIGHLAX-25JUL02-B68.5,1751464140,2025-07-02T13:49:00+00:00,1,,,,,,0.3400,0.3300,0.3300,0.3200,0.3300,0.3600,0.3700,0.3600,0.3600,0.00,3471.00
KXHIGHLAX-25JUL02-B68.5,1751464200,2025-07-02T13:50:00+00:00,1,,,,,,0.3400,0.3300,0.3300,0.3200,0.3300,0.3600,0.3700,0.3600,0.3600,0.00,3471.00
KXHIGHLAX-25JUL02-B68.5,1751464260,2025-07-02T13:51:00+00:00,1,,,,,,0.3400,0.3300,0.3300,0.3200,0.3300,0.3600,0.3700,0.3600,0.3600,0.00,3471.00
KXHIGHLAX-25JUL02-B68.5,1751464320,2025-07-02T13:52:00+00:00,1,,,,,,0.3400,0.3300,0.3300,0.3200,0.3300,0.3600,0.3700,0.3600,0.3600,0.00,3471.00
KXHIGHLAX-25JUL02-B68.5,1751464380,2025-07-02T13:53:00+00:00,1,,,,,,0.3400,0.3300,0.3300,0.3200,0.3300,0.3600,0.3700,0.3600,0.3600,0.00,3471.00
KXHIGHLAX-25JUL02-B68.5,1751464440,2025-07-02T13:54:00+00:00,1,,,,,,0.3400,0.3300,0.3300,0.3200,0.3300,0.3600,0.3700,0.3600,0.3600,0.00,3471.00
KXHIGHLAX-25JUL02-B68.5,1751464500,2025-07-02T13:55:00+00:00,1,,,,,,0.3400,0.3300,0.3300,0.3300,0.3300,0.3600,0.3600,0.3600,0.3600,0.00,3471.00
KXHIGHLAX-25JUL02-B68.5,1751464620,2025-07-02T13:57:00+00:00,1,,,,,,0.3400,0.3300,0.3300,0.3100,0.3200,0.3600,0.3800,0.3600,0.3700,0.00,3471.00
KXHIGHLAX-25JUL02-B68.5,1751464680,2025-07-02T13:58:00+00:00,1,,,,,,0.3400,0.3200,0.3200,0.3100,0.3200,0.3700,0.3800,0.3700,0.3700,0.00,3471.00
KXHIGHLAX-25JUL02-B68.5,1751464740,2025-07-02T13:59:00+00:00,1,,,,,,0.3400,0.3200,0.3200,0.3100,0.3200,0.3700,0.3800,0.3700,0.3700,0.00,3471.00
KXHIGHLAX-25JUL02-B68.5,1751464800,2025-07-02T14:00:00+00:00,1,,,,,,0.3400,0.3200,0.3200,0.3100,0.3200,0.3700,0.3800,0.3700,0.3700,0.00,3471.00
KXHIGHLAX-25JUL02-B68.5,1751464860,2025-07-02T14:01:00+00:00,1,,,,,,0.3400,0.3200,0.3200,0.3100,0.3200,0.3700,0.3800,0.3700,0.3700,0.00,3471.00
KXHIGHLAX-25JUL02-B68.5,1751464920,2025-07-02T14:02:00+00:00,1,,,,,,0.3400,0.3200,0.3300,0.3100,0.3300,0.3700,0.3900,0.3700,0.3700,0.00,3471.00
KXHIGHLAX-25JUL02-B68.5,1751464980,2025-07-02T14:03:00+00:00,1,,,,,,0.3400,0.3300,0.3300,0.3100,0.3200,0.3700,0.3900,0.3700,0.3800,0.00,3471.00
KXHIGHLAX-25JUL02-B68.5,1751465040,2025-07-02T14:04:00+00:00,1,,,,,,0.3400,0.3200,0.3200,0.3100,0.3200,0.3800,0.3800,0.3700,0.3700,0.00,3471.00
KXHIGHLAX-25JUL02-B68.5,1751465100,2025-07-02T14:05:00+00:00,1,,,,,,0.3400,0.3200,0.3300,0.3200,0.3300,0.3700,0.3700,0.3600,0.3600,0.00,3471.00
KXHIGHLAX-25JUL02-B68.5,1751465160,2025-07-02T14:06:00+00:00,1,,,,,,0.3400,0.3300,0.3300,0.3200,0.3300,0.3600,0.3700,0.3600,0.3600,0.00,3471.00
KXHIGHLAX-25JUL02-B68.5,1751465220,2025-07-02T14:07:00+00:00,1,,,,,,0.3400,0.3300,0.3300,0.3200,0.3200,0.3600,0.3900,0.3600,0.3700,0.00,3471.00
KXHIGHLAX-25JUL02-B68.5,1751465280,2025-07-02T14:08:00+00:00,1,,,,,,0.3400,0.3200,0.3200,0.3200,0.3200,0.3700,0.3700,0.3700,0.3700,0.00,3471.00
KXHIGHLAX-25JUL02-B68.5,1751465460,2025-07-02T14:11:00+00:00,1,,,,,,0.3400,0.3200,0.3200,0.3200,0.3200,0.3700,0.3700,0.3700,0.3700,0.00,3471.00
KXHIGHLAX-25JUL02-B68.5,1751465520,2025-07-02T14:12:00+00:00,1,,,,,,0.3400,0.3200,0.3200,0.3200,0.3200,0.3700,0.3700,0.3700,0.3700,0.00,3471.00
KXHIGHLAX-25JUL02-B68.5,1751465580,2025-07-02T14:13:00+00:00,1,,,,,,0.3400,0.3200,0.3200,0.3200,0.3200,0.3700,0.3700,0.3700,0.3700,0.00,3471.00
KXHIGHLAX-25JUL02-B68.5,1751465760,2025-07-02T14:16:00+00:00,1,,,,,,0.3400,0.3200,0.3200,0.3200,0.3200,0.3700,0.3700,0.3700,0.3700,0.00,3471.00
KXHIGHLAX-25JUL02-B68.5,1751465820,2025-07-02T14:17:00+00:00,1,,,,,,0.3400,0.3200,0.3200,0.3200,0.3200,0.3700,0.3700,0.3700,0.3700,0.00,3471.00
KXHIGHLAX-25JUL02-B68.5,1751465880,2025-07-02T14:18:00+00:00,1,,,,,,0.3400,0.3200,0.3200,0.3200,0.3200,0.3700,0.3700,0.3700,0.3700,0.00,3471.00
KXHIGHLAX-25JUL02-B68.5,1751465940,2025-07-02T14:19:00+00:00,1,,,,,,0.3400,0.3200,0.3200,0.3200,0.3200,0.3700,0.3900,0.3700,0.3700,0.00,3471.00
KXHIGHLAX-25JUL02-B68.5,1751466120,2025-07-02T14:22:00+00:00,1,0.3200,0.3200,0.3000,0.3000,0.3066,0.3400,0.3200,0.3200,0.3000,0.3100,0.3700,0.4000,0.3600,0.3700,141.00,3583.00
KXHIGHLAX-25JUL02-B68.5,1751466180,2025-07-02T14:23:00+00:00,1,0.3100,0.3100,0.2900,0.2900,0.2960,0.3000,0.3100,0.3100,0.2500,0.3000,0.3700,0.3900,0.3600,0.3600,139.00,3609.00
KXHIGHLAX-25JUL02-B68.5,1751466240,2025-07-02T14:24:00+00:00,1,0.3000,0.3000,0.2800,0.2800,0.2841,0.2900,0.3000,0.3000,0.2500,0.2900,0.3600,0.3900,0.3500,0.3500,68.00,3609.00
KXHIGHLAX-25JUL02-B68.5,1751466300,2025-07-02T14:25:00+00:00,1,,,,,,0.2800,0.2900,0.2900,0.2900,0.2900,0.3500,0.3600,0.3500,0.3500,0.00,3609.00
KXHIGHLAX-25JUL02-B68.5,1751466360,2025-07-02T14:26:00+00:00,1,,,,,,0.2800,0.2900,0.2900,0.2900,0.2900,0.3500,0.3500,0.3500,0.3500,0.00,3609.00
KXHIGHLAX-25JUL02-B68.5,1751466420,2025-07-02T14:27:00+00:00,1,,,,,,0.2800,0.2900,0.2900,0.2900,0.2900,0.3500,0.3500,0.3400,0.3400,0.00,3609.00
KXHIGHLAX-25JUL02-B68.5,1751466480,2025-07-02T14:28:00+00:00,1,,,,,,0.2800,0.2900,0.2900,0.2900,0.2900,0.3400,0.3400,0.3400,0.3400,0.00,3609.00
KXHIGHLAX-25JUL02-B68.5,1751466540,2025-07-02T14:29:00+00:00,1,0.2900,0.2900,0.2700,0.2700,0.2815,0.2800,0.2900,0.2900,0.2500,0.2800,0.3400,0.3400,0.3400,0.3400,108.00,3609.00
KXHIGHLAX-25JUL02-B68.5,1751466600,2025-07-02T14:30:00+00:00,1,,,,,,0.2700,0.2800,0.2800,0.2800,0.2800,0.3400,0.3400,0.3300,0.3300,0.00,3609.00
KXHIGHLAX-25JUL02-B68.5,1751466660,2025-07-02T14:31:00+00:00,1,,,,,,0.2700,0.2800,0.2900,0.2800,0.2900,0.3300,0.3300,0.3300,0.3300,0.00,3609.00
KXHIGHLAX-25JUL02-B68.5,1751466720,2025-07-02T14:32:00+00:00,1,,,,,,0.2700,0.2900,0.2900,0.2900,0.2900,0.3300,0.3300,0.3300,0.3300,0.00,3609.00
KXHIGHLAX-25JUL02-B68.5,1751466780,2025-07-02T14:33:00+00:00,1,,,,,,0.2700,0.2900,0.2900,0.2900,0.2900,0.3300,0.3300,0.3300,0.3300,0.00,3609.00
KXHIGHLAX-25JUL02-B68.5,1751466960,2025-07-02T14:36:00+00:00,1,,,,,,0.2700,0.2900,0.2900,0.2800,0.2800,0.3300,0.3300,0.3300,0.3300,0.00,3609.00
KXHIGHLAX-25JUL02-B68.5,1751467020,2025-07-02T14:37:00+00:00,1,,,,,,0.2700,0.2800,0.2800,0.2800,0.2800,0.3300,0.3300,0.3300,0.3300,0.00,3609.00
KXHIGHLAX-25JUL02-B68.5,1751467080,2025-07-02T14:38:00+00:00,1,,,,,,0.2700,0.2800,0.2800,0.2800,0.2800,0.3300,0.3300,0.3300,0.3300,0.00,3609.00
KXHIGHLAX-25JUL02-B68.5,1751467140,2025-07-02T14:39:00+00:00,1,,,,,,0.2700,0.2800,0.3100,0.2800,0.3100,0.3300,0.3300,0.3300,0.3300,0.00,3609.00
KXHIGHLAX-25JUL02-B68.5,1751467200,2025-07-02T14:40:00+00:00,1,,,,,,0.2700,0.3100,0.3100,0.3100,0.3100,0.3300,0.3300,0.3300,0.3300,0.00,3609.00
KXHIGHLAX-25JUL02-B68.5,1751467260,2025-07-02T14:41:00+00:00,1,,,,,,0.2700,0.3100,0.3200,0.3100,0.3200,0.3300,0.3300,0.3300,0.3300,0.00,3609.00
KXHIGHLAX-25JUL02-B68.5,1751467320,2025-07-02T14:42:00+00:00,1,,,,,,0.2700,0.3200,0.3200,0.3200,0.3200,0.3300,0.3300,0.3300,0.3300,0.00,3609.00
KXHIGHLAX-25JUL02-B68.5,1751467380,2025-07-02T14:43:00+00:00,1,,,,,,0.2700,0.3200,0.3200,0.3200,0.3200,0.3300,0.3300,0.3300,0.3300,0.00,3609.00
KXHIGHLAX-25JUL02-B68.5,1751467440,2025-07-02T14:44:00+00:00,1,,,,,,0.2700,0.3200,0.3200,0.3200,0.3200,0.3300,0.3400,0.3300,0.3400,0.00,3609.00
KXHIGHLAX-25JUL02-B68.5,1751467560,2025-07-02T14:46:00+00:00,1,,,,,,0.2700,0.3200,0.3200,0.3200,0.3200,0.3400,0.3400,0.3400,0.3400,0.00,3609.00
KXHIGHLAX-25JUL02-B68.5,1751467620,2025-07-02T14:47:00+00:00,1,,,,,,0.2700,0.3200,0.3200,0.3200,0.3200,0.3400,0.3400,0.3400,0.3400,0.00,3609.00
KXHIGHLAX-25JUL02-B68.5,1751467680,2025-07-02T14:48:00+00:00,1,,,,,,0.2700,0.3200,0.3200,0.3200,0.3200,0.3400,0.3400,0.3400,0.3400,0.00,3609.00
KXHIGHLAX-25JUL02-B68.5,1751467740,2025-07-02T14:49:00+00:00,1,,,,,,0.2700,0.3200,0.3200,0.3200,0.3200,0.3400,0.3400,0.3400,0.3400,0.00,3609.00
KXHIGHLAX-25JUL02-B68.5,1751467800,2025-07-02T14:50:00+00:00,1,,,,,,0.2700,0.3200,0.3200,0.3200,0.3200,0.3400,0.3400,0.3400,0.3400,0.00,3609.00
KXHIGHLAX-25JUL02-B68.5,1751467860,2025-07-02T14:51:00+00:00,1,,,,,,0.2700,0.3200,0.3200,0.3200,0.3200,0.3400,0.3400,0.3400,0.3400,0.00,3609.00
KXHIGHLAX-25JUL02-B68.5,1751467920,2025-07-02T14:52:00+00:00,1,,,,,,0.2700,0.3200,0.3200,0.3200,0.3200,0.3400,0.3400,0.3400,0.3400,0.00,3609.00
KXHIGHLAX-25JUL02-B68.5,1751467980,2025-07-02T14:53:00+00:00,1,,,,,,0.2700,0.3200,0.3200,0.3200,0.3200,0.3400,0.3400,0.3400,0.3400,0.00,3609.00
KXHIGHLAX-25JUL02-B68.5,1751468100,2025-07-02T14:55:00+00:00,1,,,,,,0.2700,0.3200,0.3200,0.3200,0.3200,0.3400,0.3500,0.3400,0.3500,0.00,3609.00
KXHIGHLAX-25JUL02-B68.5,1751468160,2025-07-02T14:56:00+00:00,1,,,,,,0.2700,0.3200,0.3200,0.3200,0.3200,0.3500,0.3900,0.3500,0.3900,0.00,3609.00
KXHIGHLAX-25JUL02-B68.5,1751468220,2025-07-02T14:57:00+00:00,1,,,,,,0.2700,0.3200,0.3200,0.3200,0.3200,0.3900,0.3900,0.3900,0.3900,0.00,3609.00
KXHIGHLAX-25JUL02-B68.5,1751468280,2025-07-02T14:58:00+00:00,1,,,,,,0.2700,0.3200,0.3200,0.3200,0.3200,0.3900,0.3900,0.3900,0.3900,0.00,3609.00
KXHIGHLAX-25JUL02-B68.5,1751468460,2025-07-02T15:01:00+00:00,1,,,,,,0.2700,0.3200,0.3200,0.3200,0.3200,0.3900,0.3900,0.3900,0.3900,0.00,3609.00
KXHIGHLAX-25JUL02-B68.5,1751468520,2025-07-02T15:02:00+00:00,1,,,,,,0.2700,0.3200,0.3200,0.3200,0.3200,0.3900,0.3900,0.3900,0.3900,0.00,3609.00
KXHIGHLAX-25JUL02-B68.5,1751468580,2025-07-02T15:03:00+00:00,1,,,,,,0.2700,0.3200,0.3200,0.3200,0.3200,0.3900,0.3900,0.3900,0.3900,0.00,3609.00
KXHIGHLAX-25JUL02-B68.5,1751468700,2025-07-02T15:05:00+00:00,1,,,,,,0.2700,0.3200,0.3200,0.3200,0.3200,0.3900,0.3900,0.3900,0.3900,0.00,3609.00
KXHIGHLAX-25JUL02-B68.5,1751468760,2025-07-02T15:06:00+00:00,1,,,,,,0.2700,0.3200,0.3200,0.3200,0.3200,0.3900,0.3900,0.3900,0.3900,0.00,3609.00
KXHIGHLAX-25JUL02-B68.5,1751468820,2025-07-02T15:07:00+00:00,1,,,,,,0.2700,0.3200,0.3200,0.3200,0.3200,0.3900,0.3900,0.3900,0.3900,0.00,3609.00
KXHIGHLAX-25JUL02-B68.5,1751468880,2025-07-02T15:08:00+00:00,1,,,,,,0.2700,0.3200,0.3200,0.3200,0.3200,0.3900,0.3900,0.3900,0.3900,0.00,3609.00
KXHIGHLAX-25JUL02-B68.5,1751468940,2025-07-02T15:09:00+00:00,1,,,,,,0.2700,0.3200,0.3200,0.3200,0.3200,0.3900,0.3900,0.3900,0.3900,0.00,3609.00
KXHIGHLAX-25JUL02-B68.5,1751469000,2025-07-02T15:10:00+00:00,1,,,,,,0.2700,0.3200,0.3200,0.3200,0.3200,0.3900,0.3900,0.3900,0.3900,0.00,3609.00
KXHIGHLAX-25JUL02-B68.5,1751469060,2025-07-02T15:11:00+00:00,1,,,,,,0.2700,0.3200,0.3200,0.3200,0.3200,0.3900,0.3900,0.3900,0.3900,0.00,3609.00
KXHIGHLAX-25JUL02-B68.5,1751469120,2025-07-02T15:12:00+00:00,1,,,,,,0.2700,0.3200,0.3200,0.3200,0.3200,0.3900,0.3900,0.3900,0.3900,0.00,3609.00
KXHIGHLAX-25JUL02-B68.5,1751469180,2025-07-02T15:13:00+00:00,1,,,,,,0.2700,0.3200,0.3200,0.3200,0.3200,0.3900,0.3900,0.3900,0.3900,0.00,3609.00
KXHIGHLAX-25JUL02-B68.5,1751469240,2025-07-02T15:14:00+00:00,1,,,,,,0.2700,0.3200,0.3200,0.3200,0.3200,0.3900,0.3900,0.3900,0.3900,0.00,3609.00
KXHIGHLAX-25JUL02-B68.5,1751469300,2025-07-02T15:15:00+00:00,1,,,,,,0.2700,0.3200,0.3200,0.3200,0.3200,0.3900,0.3900,0.3900,0.3900,0.00,3609.00
KXHIGHLAX-25JUL02-B68.5,1751469360,2025-07-02T15:16:00+00:00,1,,,,,,0.2700,0.3200,0.3200,0.3200,0.3200,0.3900,0.3900,0.3900,0.3900,0.00,3609.00
KXHIGHLAX-25JUL02-B68.5,1751469420,2025-07-02T15:17:00+00:00,1,,,,,,0.2700,0.3200,0.3200,0.3200,0.3200,0.3900,0.3900,0.3900,0.3900,0.00,3609.00
KXHIGHLAX-25JUL02-B68.5,1751469480,2025-07-02T15:18:00+00:00,1,,,,,,0.2700,0.3200,0.3200,0.3200,0.3200,0.3900,0.3900,0.3900,0.3900,0.00,3609.00
KXHIGHLAX-25JUL02-B68.5,1751469540,2025-07-02T15:19:00+00:00,1,,,,,,0.2700,0.3200,0.3200,0.3200,0.3200,0.3900,0.3900,0.3900,0.3900,0.00,3609.00
KXHIGHLAX-25JUL02-B68.5,1751469600,2025-07-02T15:20:00+00:00,1,,,,,,0.2700,0.3200,0.3200,0.3200,0.3200,0.3900,0.3900,0.3900,0.3900,0.00,3609.00
KXHIGHLAX-25JUL02-B68.5,1751469660,2025-07-02T15:21:00+00:00,1,,,,,,0.2700,0.3200,0.3200,0.3200,0.3200,0.3900,0.3900,0.3900,0.3900,0.00,3609.00
KXHIGHLAX-25JUL02-B68.5,1751469720,2025-07-02T15:22:00+00:00,1,,,,,,0.2700,0.3200,0.3500,0.3200,0.3400,0.3900,0.3900,0.3800,0.3800,0.00,3609.00
KXHIGHLAX-25JUL02-B68.5,1751469780,2025-07-02T15:23:00+00:00,1,,,,,,0.2700,0.3400,0.3500,0.3200,0.3300,0.3800,0.3800,0.3800,0.3800,0.00,3609.00
KXHIGHLAX-25JUL02-B68.5,1751469840,2025-07-02T15:24:00+00:00,1,0.3800,0.4800,0.3800,0.4800,0.4179,0.2700,0.3300,0.3600,0.3200,0.3500,0.3800,0.4800,0.3800,0.4700,80.00,3657.00
KXHIGHLAX-25JUL02-B68.5,1751469900,2025-07-02T15:25:00+00:00,1,,,,,,0.4800,0.3500,0.3700,0.3400,0.3500,0.4700,0.4800,0.4400,0.4400,0.00,3657.00
KXHIGHLAX-25JUL02-B68.5,1751469960,2025-07-02T15:26:00+00:00,1,,,,,,0.4800,0.3500,0.3500,0.3500,0.3500,0.4400,0.4800,0.3900,0.4700,0.00,3657.00
KXHIGHLAX-25JUL02-B68.5,1751470020,2025-07-02T15:27:00+00:00,1,,,,,,0.4800,0.3500,0.3600,0.3300,0.3400,0.4700,0.4800,0.3600,0.4700,0.00,3657.00
KXHIGHLAX-25JUL02-B68.5,1751470080,2025-07-02T15:28:00+00:00,1,,,,,,0.4800,0.3400,0.3600,0.3400,0.3600,0.4700,0.4800,0.4700,0.4800,0.00,3657.00
KXHIGHLAX-25JUL02-B68.5,1751470140,2025-07-02T15:29:00+00:00,1,,,,,,0.4800,0.3600,0.3600,0.3600,0.3600,0.4800,0.4800,0.4800,0.4800,0.00,3657.00
KXHIGHLAX-25JUL02-B68.5,1751470260,2025-07-02T15:31:00+00:00,1,0.4800,0.4800,0.4800,0.4800,0.4800,0.4800,0.3600,0.3600,0.3400,0.3500,0.4800,0.4800,0.4800,0.4800,20.00,3677.00
KXHIGHLAX-25JUL02-B68.5,1751470320,2025-07-02T15:32:00+00:00,1,,,,,,0.4800,0.3500,0.3600,0.3400,0.3400,0.4800,0.4800,0.4700,0.4700,0.00,3677.00
KXHIGHLAX-25JUL02-B68.5,1751470380,2025-07-02T15:33:00+00:00,1,,,,,,0.4800,0.3400,0.3600,0.3300,0.3600,0.4700,0.4700,0.4700,0.4700,0.00,3677.00
KXHIGHLAX-25JUL02-B68.5,1751470440,2025-07-02T15:34:00+00:00,1,,,,,,0.4800,0.3600,0.3600,0.3400,0.3500,0.4700,0.4800,0.4700,0.4800,0.00,3677.00
KXHIGHLAX-25JUL02-B68.5,1751470500,2025-07-02T15:35:00+00:00,1,,,,,,0.4800,0.3500,0.3600,0.3400,0.3500,0.4800,0.4800,0.4800,0.4800,0.00,3677.00
KXHIGHLAX-25JUL02-B68.5,1751470560,2025-07-02T15:36:00+00:00,1,,,,,,0.4800,0.3500,0.3600,0.3300,0.3600,0.4800,0.4800,0.4800,0.4800,0.00,3677.00
KXHIGHLAX-25JUL02-B68.5,1751470620,2025-07-02T15:37:00+00:00,1,0.4800,0.4800,0.4800,0.4800,0.4800,0.4800,0.3600,0.3600,0.3500,0.3600,0.4800,0.4800,0.4800,0.4800,2.00,3679.00
KXHIGHLAX-25JUL02-B68.5,1751470680,2025-07-02T15:38:00+00:00,1,,,,,,0.4800,0.3600,0.3600,0.3600,0.3600,0.4800,0.4800,0.4800,0.4800,0.00,3679.00
KXHIGHLAX-25JUL02-B68.5,1751470740,2025-07-02T15:39:00+00:00,1,,,,,,0.4800,0.3600,0.3600,0.3300,0.3300,0.4800,0.4800,0.4800,0.4800,0.00,3679.00
KXHIGHLAX-25JUL02-B68.5,1751470800,2025-07-02T15:40:00+00:00,1,,,,,,0.4800,0.3300,0.3400,0.3300,0.3400,0.4800,0.4800,0.4800,0.4800,0.00,3679.00
KXHIGHLAX-25JUL02-B68.5,1751470860,2025-07-02T15:41:00+00:00,1,,,,,,0.4800,0.3400,0.3500,0.3400,0.3500,0.4800,0.4800,0.4800,0.4800,0.00,3679.00
KXHIGHLAX-25JUL02-B68.5,1751470920,2025-07-02T15:42:00+00:00,1,0.4800,0.5100,0.4800,0.5100,0.5000,0.4800,0.3500,0.3700,0.3500,0.3700,0.4800,0.5100,0.4800,0.5100,15.00,3694.00
KXHIGHLAX-25JUL02-B68.5,1751470980,2025-07-02T15:43:00+00:00,1,,,,,,0.5100,0.3700,0.3700,0.3200,0.3300,0.5100,0.5100,0.5100,0.5100,0.00,3694.00
KXHIGHLAX-25JUL02-B68.5,1751471040,2025-07-02T15:44:00+00:00,1,,,,,,0.5100,0.3300,0.3300,0.3300,0.3300,0.5100,0.5100,0.5100,0.5100,0.00,3694.00
KXHIGHLAX-25JUL02-B68.5,1751471160,2025-07-02T15:46:00+00:00,1,,,,,,0.5100,0.3300,0.3300,0.3300,0.3300,0.5100,0.5100,0.5100,0.5100,0.00,3694.00
KXHIGHLAX-25JUL02-B68.5,1751471220,2025-07-02T15:47:00+00:00,1,,,,,,0.5100,0.3300,0.3400,0.3300,0.3400,0.5100,0.5100,0.5100,0.5100,0.00,3694.00
KXHIGHLAX-25JUL02-B68.5,1751471460,2025-07-02T15:51:00+00:00,1,,,,,,0.5100,0.3400,0.3400,0.3200,0.3300,0.5100,0.5100,0.5100,0.5100,0.00,3694.00
KXHIGHLAX-25JUL02-B68.5,1751471520,2025-07-02T15:52:00+00:00,1,,,,,,0.5100,0.3300,0.3800,0.3300,0.3800,0.5100,0.5300,0.5000,0.5200,0.00,3694.00
KXHIGHLAX-25JUL02-B68.5,1751471580,2025-07-02T15:53:00+00:00,1,,,,,,0.5100,0.3800,0.3800,0.3800,0.3800,0.5200,0.5300,0.5100,0.5200,0.00,3694.00
KXHIGHLAX-25JUL02-B68.5,1751471640,2025-07-02T15:54:00+00:00,1,,,,,,0.5100,0.3800,0.3800,0.3800,0.3800,0.5200,0.5300,0.5100,0.5200,0.00,3694.00
KXHIGHLAX-25JUL02-B68.5,1751471700,2025-07-02T15:55:00+00:00,1,,,,,,0.5100,0.3800,0.3800,0.3800,0.3800,0.5200,0.5300,0.5100,0.5100,0.00,3694.00
KXHIGHLAX-25JUL02-B68.5,1751471760,2025-07-02T15:56:00+00:00,1,,,,,,0.5100,0.3800,0.4200,0.3200,0.4200,0.5100,0.5300,0.5000,0.5100,0.00,3694.00
KXHIGHLAX-25JUL02-B68.5,1751471820,2025-07-02T15:57:00+00:00,1,,,,,,0.5100,0.4200,0.4200,0.4200,0.4200,0.5100,0.5300,0.5100,0.5100,0.00,3694.00
KXHIGHLAX-25JUL02-B68.5,1751471880,2025-07-02T15:58:00+00:00,1,,,,,,0.5100,0.4200,0.4200,0.4200,0.4200,0.5100,0.5300,0.5000,0.5100,0.00,3694.00
KXHIGHLAX-25JUL02-B68.5,1751471940,2025-07-02T15:59:00+00:00,1,,,,,,0.5100,0.4200,0.4200,0.4200,0.4200,0.5100,0.5300,0.5000,0.5300,0.00,3694.00
KXHIGHLAX-25JUL02-B68.5,1751472000,2025-07-02T16:00:00+00:00,1,,,,,,0.5100,0.4200,0.4200,0.4200,0.4200,0.5300,0.5300,0.5100,0.5200,0.00,3694.00
KXHIGHLAX-25JUL02-B68.5,1751472060,2025-07-02T16:01:00+00:00,1,0.4200,0.4200,0.4200,0.4200,0.4200,0.5100,0.4200,0.4200,0.3200,0.3300,0.5200,0.5300,0.5000,0.5100,10.00,3694.00
KXHIGHLAX-25JUL02-B68.5,1751472120,2025-07-02T16:02:00+00:00,1,,,,,,0.4200,0.3300,0.3300,0.3300,0.3300,0.5100,0.5100,0.5000,0.5100,0.00,3694.00
KXHIGHLAX-25JUL02-B68.5,1751472180,2025-07-02T16:03:00+00:00,1,,,,,,0.4200,0.3300,0.3300,0.3300,0.3300,0.5100,0.5100,0.5000,0.5000,0.00,3694.00
KXHIGHLAX-25JUL02-B68.5,1751472300,2025-07-02T16:05:00+00:00,1,,,,,,0.4200,0.3300,0.3300,0.3300,0.3300,0.5000,0.5100,0.4800,0.4800,0.00,3694.00
KXHIGHLAX-25JUL02-B68.5,1751472360,2025-07-02T16:06:00+00:00,1,,,,,,0.4200,0.3300,0.3300,0.3300,0.3300,0.4800,0.4800,0.4700,0.4700,0.00,3694.00
KXHIGHLAX-25JUL02-B68.5,1751472420,2025-07-02T16:07:00+00:00,1,,,,,,0.4200,0.3300,0.3300,0.3200,0.3300,0.4700,0.6100,0.4700,0.5500,0.00,3694.00
KXHIGHLAX-25JUL02-B68.5,1751472480,2025-07-02T16:08:00+00:00,1,,,,,,0.4200,0.3300,0.3500,0.3200,0.3200,0.5500,0.5800,0.5000,0.5700,0.00,3694.00
KXHIGHLAX-25JUL02-B68.5,1751472540,2025-07-02T16:09:00+00:00,1,,,,,,0.4200,0.3200,0.3300,0.3200,0.3300,0.5700,0.5800,0.4800,0.4800,0.00,3694.00
KXHIGHLAX-25JUL02-B68.5,1751472600,2025-07-02T16:10:00+00:00,1,,,,,,0.4200,0.3300,0.3300,0.3300,0.3300,0.4800,0.4800,0.4800,0.4800,0.00,3694.00
KXHIGHLAX-25JUL02-B68.5,1751472660,2025-07-02T16:11:00+00:00,1,,,,,,0.4200,0.3300,0.3300,0.3200,0.3300,0.4800,0.5400,0.4800,0.5000,0.00,3694.00
KXHIGHLAX-25JUL02-B68.5,1751472720,2025-07-02T16:12:00+00:00,1,,,,,,0.4200,0.3300,0.3700,0.3200,0.3700,0.5000,0.5000,0.5000,0.5000,0.00,3694.00
KXHIGHLAX-25JUL02-B68.5,1751472780,2025-07-02T16:13:00+00:00,1,,,,,,0.4200,0.3700,0.4200,0.3700,0.4200,0.5000,0.5000,0.5000,0.5000,0.00,3694.00
KXHIGHLAX-25JUL02-B68.5,1751472840,2025-07-02T16:14:00+00:00,1,0.5000,0.5000,0.5000,0.5000,0.5000,0.4200,0.4200,0.4200,0.4200,0.4200,0.5000,0.5000,0.5000,0.5000,3.00,3694.00
KXHIGHLAX-25JUL02-B68.5,1751472900,2025-07-02T16:15:00+00:00,1,,,,,,0.5000,0.4200,0.4200,0.4200,0.4200,0.5000,0.5000,0.5000,0.5000,0.00,3694.00
KXHIGHLAX-25JUL02-B68.5,1751473020,2025-07-02T16:17:00+00:00,1,,,,,,0.5000,0.4200,0.4200,0.3700,0.3800,0.5000,0.5000,0.4800,0.5000,0.00,3694.00
KXHIGHLAX-25JUL02-B68.5,1751473080,2025-07-02T16:18:00+00:00,1,,,,,,0.5000,0.3800,0.3800,0.3800,0.3800,0.5000,0.5000,0.4800,0.4900,0.00,3694.00
KXHIGHLAX-25JUL02-B68.5,1751473140,2025-07-02T16:19:00+00:00,1,0.4800,0.4900,0.4800,0.4900,0.4815,0.5000,0.3800,0.3800,0.3800,0.3800,0.4900,0.4900,0.4800,0.4800,20.00,3714.00
KXHIGHLAX-25JUL02-B68.5,1751473200,2025-07-02T16:20:00+00:00,1,,,,,,0.4900,0.3800,0.3800,0.3800,0.3800,0.4800,0.4900,0.4800,0.4800,0.00,3714.00
KXHIGHLAX-25JUL02-B68.5,1751473260,2025-07-02T16:21:00+00:00,1,,,,,,0.4900,0.3800,0.3800,0.3200,0.3300,0.4800,0.4900,0.4800,0.4800,0.00,3714.00
KXHIGHLAX-25JUL02-B68.5,1751473320,2025-07-02T16:22:00+00:00,1,,,,,,0.4900,0.3300,0.3300,0.3300,0.3300,0.4800,0.4900,0.4800,0.4900,0.00,3714.00
KXHIGHLAX-25JUL02-B68.5,1751473380,2025-07-02T16:23:00+00:00,1,,,,,,0.4900,0.3300,0.3800,0.3300,0.3800,0.4900,0.4900,0.4800,0.4900,0.00,3714.00
KXHIGHLAX-25JUL02-B68.5,1751473440,2025-07-02T16:24:00+00:00,1,0.4800,0.4800,0.4800,0.4800,0.4800,0.4900,0.3800,0.3800,0.3200,0.3300,0.4900,0.4900,0.4800,0.4900,14.00,3728.00
KXHIGHLAX-25JUL02-B68.5,1751473500,2025-07-02T16:25:00+00:00,1,,,,,,0.4800,0.3300,0.3300,0.3200,0.3200,0.4900,0.4900,0.4600,0.4600,0.00,3728.00
KXHIGHLAX-25JUL02-B68.5,1751473560,2025-07-02T16:26:00+00:00,1,,,,,,0.4800,0.3200,0.3800,0.3200,0.3800,0.4600,0.4700,0.4600,0.4700,0.00,3728.00
KXHIGHLAX-25JUL02-B68.5,1751473620,2025-07-02T16:27:00+00:00,1,0.4600,0.4700,0.4600,0.4700,0.4672,0.4800,0.3800,0.3800,0.3800,0.3800,0.4700,0.4700,0.4600,0.4600,53.00,3781.00
KXHIGHLAX-25JUL02-B68.5,1751473680,2025-07-02T16:28:00+00:00,1,,,,,,0.4700,0.3800,0.3800,0.3300,0.3300,0.4600,0.4700,0.4600,0.4600,0.00,3781.00
KXHIGHLAX-25JUL02-B68.5,1751473740,2025-07-02T16:29:00+00:00,1,,,,,,0.4700,0.3300,0.3300,0.3300,0.3300,0.4600,0.4600,0.4600,0.4600,0.00,3781.00
KXHIGHLAX-25JUL02-B68.5,1751473800,2025-07-02T16:30:00+00:00,1,,,,,,0.4700,0.3300,0.3400,0.3300,0.3400,0.4600,0.4900,0.4600,0.4800,0.00,3781.00
KXHIGHLAX-25JUL02-B68.5,1751473860,2025-07-02T16:31:00+00:00,1,,,,,,0.4700,0.3400,0.3400,0.3400,0.3400,0.4800,0.4800,0.4800,0.4800,0.00,3781.00
KXHIGHLAX-25JUL02-B68.5,1751473920,2025-07-02T16:32:00+00:00,1,,,,,,0.4700,0.3400,0.3400,0.3400,0.3400,0.4800,0.4800,0.4800,0.4800,0.00,3781.00
KXHIGHLAX-25JUL02-B68.5,1751473980,2025-07-02T16:33:00+00:00,1,,,,,,0.4700,0.3400,0.3400,0.3300,0.3400,0.4800,0.4800,0.4800,0.4800,0.00,3781.00
KXHIGHLAX-25JUL02-B68.5,1751474040,2025-07-02T16:34:00+00:00,1,,,,,,0.4700,0.3400,0.3400,0.3300,0.3400,0.4800,0.4800,0.4800,0.4800,0.00,3781.00
KXHIGHLAX-25JUL02-B68.5,1751474220,2025-07-02T16:37:00+00:00,1,,,,,,0.4700,0.3400,0.3400,0.3300,0.3300,0.4800,0.4900,0.4600,0.4800,0.00,3781.00
KXHIGHLAX-25JUL02-B68.5,1751474280,2025-07-02T16:38:00+00:00,1,,,,,,0.4700,0.3300,0.3400,0.3300,0.3400,0.4800,0.4800,0.4800,0.4800,0.00,3781.00
KXHIGHLAX-25JUL02-B68.5,1751474340,2025-07-02T16:39:00+00:00,1,,,,,,0.4700,0.3400,0.3400,0.3300,0.3400,0.4800,0.4800,0.4800,0.4800,0.00,3781.00
KXHIGHLAX-25JUL02-B68.5,1751474460,2025-07-02T16:41:00+00:00,1,,,,,,0.4700,0.3400,0.3400,0.3300,0.3400,0.4800,0.4800,0.4800,0.4800,0.00,3781.00
KXHIGHLAX-25JUL02-B68.5,1751474520,2025-07-02T16:42:00+00:00,1,,,,,,0.4700,0.3400,0.3400,0.3300,0.3400,0.4800,0.4800,0.4800,0.4800,0.00,3781.00
KXHIGHLAX-25JUL02-B68.5,1751474580,2025-07-02T16:43:00+00:00,1,0.4800,0.4900,0.4800,0.4900,0.4866,0.4700,0.3400,0.3400,0.2600,0.2600,0.4800,0.5000,0.4800,0.4900,47.00,3791.00
KXHIGHLAX-25JUL02-B68.5,1751474640,2025-07-02T16:44:00+00:00,1,,,,,,0.4900,0.2600,0.4300,0.2600,0.4300,0.4900,0.4900,0.4800,0.4800,0.00,3791.00
KXHIGHLAX-25JUL02-B68.5,1751474700,2025-07-02T16:45:00+00:00,1,,,,,,0.4900,0.4300,0.4300,0.4300,0.4300,0.4800,0.4800,0.4800,0.4800,0.00,3791.00
KXHIGHLAX-25JUL02-B68.5,1751474760,2025-07-02T16:46:00+00:00,1,,,,,,0.4900,0.4300,0.4300,0.4300,0.4300,0.4800,0.4800,0.4800,0.4800,0.00,3791.00
KXHIGHLAX-25JUL02-B68.5,1751474820,2025-07-02T16:47:00+00:00,1,0.4300,0.4300,0.4300,0.4300,0.4300,0.4900,0.4300,0.4300,0.4300,0.4300,0.4800,0.4800,0.4800,0.4800,1.00,3791.00
KXHIGHLAX-25JUL02-B68.5,1751474880,2025-07-02T16:48:00+00:00,1,,,,,,0.4300,0.4300,0.4300,0.4300,0.4300,0.4800,0.4800,0.4800,0.4800,0.00,3791.00
KXHIGHLAX-25JUL02-B68.5,1751475000,2025-07-02T16:50:00+00:00,1,,,,,,0.4300,0.4300,0.4300,0.4300,0.4300,0.4800,0.4900,0.4800,0.4900,0.00,3791.00
KXHIGHLAX-25JUL02-B68.5,1751475060,2025-07-02T16:51:00+00:00,1,,,,,,0.4300,0.4300,0.4300,0.4300,0.4300,0.4900,0.4900,0.4900,0.4900,0.00,3791.00
KXHIGHLAX-25JUL02-B68.5,1751475360,2025-07-02T16:56:00+00:00,1,,,,,,0.4300,0.4300,0.4400,0.4300,0.4400,0.4900,0.4900,0.4900,0.4900,0.00,3791.00
KXHIGHLAX-25JUL02-B68.5,1751475420,2025-07-02T16:57:00+00:00,1,,,,,,0.4300,0.4400,0.4400,0.4400,0.4400,0.4900,0.4900,0.4900,0.4900,0.00,3791.00
KXHIGHLAX-25JUL02-B68.5,1751475540,2025-07-02T16:59:00+00:00,1,0.4400,0.4400,0.4400,0.4400,0.4400,0.4300,0.4400,0.4400,0.4300,0.4400,0.4900,0.5000,0.4900,0.5000,17.00,3791.00
KXHIGHLAX-25JUL02-B68.5,1751475600,2025-07-02T17:00:00+00:00,1,,,,,,0.4400,0.4400,0.4400,0.4300,0.4400,0.5000,0.5000,0.4900,0.4900,0.00,3791.00
KXHIGHLAX-25JUL02-B68.5,1751475660,2025-07-02T17:01:00+00:00,1,,,,,,0.4400,0.4400,0.4400,0.4300,0.4400,0.4900,0.4900,0.4900,0.4900,0.00,3791.00
KXHIGHLAX-25JUL02-B68.5,1751475720,2025-07-02T17:02:00+00:00,1,,,,,,0.4400,0.4400,0.4400,0.4300,0.4400,0.4900,0.4900,0.4800,0.4900,0.00,3791.00
KXHIGHLAX-25JUL02-B68.5,1751475780,2025-07-02T17:03:00+00:00,1,,,,,,0.4400,0.4400,0.4400,0.4300,0.4300,0.4900,0.4900,0.4900,0.4900,0.00,3791.00
KXHIGHLAX-25JUL02-B68.5,1751475840,2025-07-02T17:04:00+00:00,1,,,,,,0.4400,0.4300,0.4400,0.4300,0.4400,0.4900,0.4900,0.4900,0.4900,0.00,3791.00
KXHIGHLAX-25JUL02-B68.5,1751475900,2025-07-02T17:05:00+00:00,1,,,,,,0.4400,0.4400,0.4400,0.4300,0.4400,0.4900,0.4900,0.4900,0.4900,0.00,3791.00
KXHIGHLAX-25JUL02-B68.5,1751475960,2025-07-02T17:06:00+00:00,1,,,,,,0.4400,0.4400,0.4400,0.4300,0.4400,0.4900,0.5000,0.4900,0.5000,0.00,3791.00
KXHIGHLAX-25JUL02-B68.5,1751476020,2025-07-02T17:07:00+00:00,1,,,,,,0.4400,0.4400,0.4400,0.4300,0.4300,0.5000,0.5000,0.5000,0.5000,0.00,3791.00
KXHIGHLAX-25JUL02-B68.5,1751476080,2025-07-02T17:08:00+00:00,1,,,,,,0.4400,0.4300,0.4400,0.4300,0.4300,0.5000,0.5000,0.5000,0.5000,0.00,3791.00
KXHIGHLAX-25JUL02-B68.5,1751476140,2025-07-02T17:09:00+00:00,1,,,,,,0.4400,0.4300,0.4600,0.4300,0.4300,0.5000,0.5000,0.4900,0.5000,0.00,3791.00
KXHIGHLAX-25JUL02-B68.5,1751476200,2025-07-02T17:10:00+00:00,1,,,,,,0.4400,0.4300,0.4400,0.4300,0.4300,0.5000,0.5000,0.5000,0.5000,0.00,3791.00
KXHIGHLAX-25JUL02-B68.5,1751476260,2025-07-02T17:11:00+00:00,1,0.4300,0.4300,0.4300,0.4300,0.4300,0.4400,0.4300,0.4400,0.4300,0.4400,0.5000,0.5700,0.5000,0.5400,13.00,3778.00
KXHIGHLAX-25JUL02-B68.5,1751476320,2025-07-02T17:12:00+00:00,1,,,,,,0.4300,0.4400,0.4400,0.4300,0.4400,0.5400,0.5800,0.5000,0.5500,0.00,3778.00
KXHIGHLAX-25JUL02-B68.5,1751476380,2025-07-02T17:13:00+00:00,1,,,,,,0.4300,0.4400,0.4400,0.4300,0.4400,0.5500,0.5800,0.5000,0.5100,0.00,3778.00
KXHIGHLAX-25JUL02-B68.5,1751476440,2025-07-02T17:14:00+00:00,1,0.4300,0.4300,0.4100,0.4100,0.4154,0.4300,0.4400,0.4400,0.4100,0.4200,0.5100,0.5800,0.5000,0.5200,160.00,3618.00
KXHIGHLAX-25JUL02-B68.5,1751476500,2025-07-02T17:15:00+00:00,1,,,,,,0.4100,0.4200,0.4200,0.4200,0.4200,0.5200,0.5800,0.4900,0.5100,0.00,3618.00
KXHIGHLAX-25JUL02-B68.5,1751476560,2025-07-02T17:16:00+00:00,1,,,,,,0.4100,0.4200,0.4200,0.4200,0.4200,0.5100,0.5800,0.4900,0.5000,0.00,3618.00
KXHIGHLAX-25JUL02-B68.5,1751476620,2025-07-02T17:17:00+00:00,1,,,,,,0.4100,0.4200,0.4200,0.4200,0.4200,0.5000,0.5800,0.5000,0.5000,0.00,3618.00
KXHIGHLAX-25JUL02-B68.5,1751476680,2025-07-02T17:18:00+00:00,1,,,,,,0.4100,0.4200,0.4200,0.4200,0.4200,0.5000,0.5000,0.5000,0.5000,0.00,3618.00
KXHIGHLAX-25JUL02-B68.5,1751476740,2025-07-02T17:19:00+00:00,1,,,,,,0.4100,0.4200,0.4200,0.4200,0.4200,0.5000,0.5000,0.5000,0.5000,0.00,3618.00
KXHIGHLAX-25JUL02-B68.5,1751476800,2025-07-02T17:20:00+00:00,1,,,,,,0.4100,0.4200,0.4200,0.4200,0.4200,0.5000,0.5000,0.5000,0.5000,0.00,3618.00
KXHIGHLAX-25JUL02-B68.5,1751476860,2025-07-02T17:21:00+00:00,1,,,,,,0.4100,0.4200,0.4200,0.4200,0.4200,0.5000,0.5000,0.5000,0.5000,0.00,3618.00
KXHIGHLAX-25JUL02-B68.5,1751476920,2025-07-02T17:22:00+00:00,1,,,,,,0.4100,0.4200,0.4200,0.4200,0.4200,0.5000,0.5000,0.5000,0.5000,0.00,3618.00
KXHIGHLAX-25JUL02-B68.5,1751476980,2025-07-02T17:23:00+00:00,1,,,,,,0.4100,0.4200,0.4200,0.4200,0.4200,0.5000,0.5000,0.5000,0.5000,0.00,3618.00
KXHIGHLAX-25JUL02-B68.5,1751477040,2025-07-02T17:24:00+00:00,1,,,,,,0.4100,0.4200,0.4200,0.4200,0.4200,0.5000,0.5000,0.5000,0.5000,0.00,3618.00
KXHIGHLAX-25JUL02-B68.5,1751477100,2025-07-02T17:25:00+00:00,1,,,,,,0.4100,0.4200,0.4200,0.4200,0.4200,0.5000,0.5000,0.4700,0.5000,0.00,3618.00
KXHIGHLAX-25JUL02-B68.5,1751477160,2025-07-02T17:26:00+00:00,1,,,,,,0.4100,0.4200,0.4200,0.4200,0.4200,0.5000,0.5000,0.5000,0.5000,0.00,3618.00
KXHIGHLAX-25JUL02-B68.5,1751477220,2025-07-02T17:27:00+00:00,1,,,,,,0.4100,0.4200,0.4200,0.4200,0.4200,0.5000,0.5000,0.5000,0.5000,0.00,3618.00
KXHIGHLAX-25JUL02-B68.5,1751477280,2025-07-02T17:28:00+00:00,1,,,,,,0.4100,0.4200,0.4200,0.4200,0.4200,0.5000,0.5000,0.5000,0.5000,0.00,3618.00
KXHIGHLAX-25JUL02-B68.5,1751477340,2025-07-02T17:29:00+00:00,1,,,,,,0.4100,0.4200,0.4200,0.4200,0.4200,0.5000,0.5000,0.5000,0.5000,0.00,3618.00
KXHIGHLAX-25JUL02-B68.5,1751477400,2025-07-02T17:30:00+00:00,1,,,,,,0.4100,0.4200,0.4200,0.4200,0.4200,0.5000,0.5000,0.5000,0.5000,0.00,3618.00
KXHIGHLAX-25JUL02-B68.5,1751477460,2025-07-02T17:31:00+00:00,1,,,,,,0.4100,0.4200,0.4200,0.4200,0.4200,0.5000,0.5000,0.5000,0.5000,0.00,3618.00
KXHIGHLAX-25JUL02-B68.5,1751477520,2025-07-02T17:32:00+00:00,1,,,,,,0.4100,0.4200,0.4200,0.4200,0.4200,0.5000,0.5000,0.5000,0.5000,0.00,3618.00
KXHIGHLAX-25JUL02-B68.5,1751477580,2025-07-02T17:33:00+00:00,1,,,,,,0.4100,0.4200,0.4200,0.4200,0.4200,0.5000,0.5000,0.5000,0.5000,0.00,3618.00
KXHIGHLAX-25JUL02-B68.5,1751477640,2025-07-02T17:34:00+00:00,1,,,,,,0.4100,0.4200,0.4300,0.4200,0.4200,0.5000,0.5000,0.4700,0.5000,0.00,3618.00
KXHIGHLAX-25JUL02-B68.5,1751477700,2025-07-02T17:35:00+00:00,1,,,,,,0.4100,0.4200,0.4200,0.4200,0.4200,0.5000,0.5000,0.4700,0.4700,0.00,3618.00
KXHIGHLAX-25JUL02-B68.5,1751477880,2025-07-02T17:38:00+00:00,1,,,,,,0.4100,0.4200,0.4200,0.4200,0.4200,0.4700,0.4700,0.4700,0.4700,0.00,3618.00
KXHIGHLAX-25JUL02-B68.5,1751477940,2025-07-02T17:39:00+00:00,1,,,,,,0.4100,0.4200,0.4200,0.4200,0.4200,0.4700,0.4700,0.4700,0.4700,0.00,3618.00
KXHIGHLAX-25JUL02-B68.5,1751478000,2025-07-02T17:40:00+00:00,1,,,,,,0.4100,0.4200,0.4200,0.4200,0.4200,0.4700,0.4700,0.4700,0.4700,0.00,3618.00
KXHIGHLAX-25JUL02-B68.5,1751478300,2025-07-02T17:45:00+00:00,1,,,,,,0.4100,0.4200,0.4200,0.4200,0.4200,0.4700,0.4700,0.4700,0.4700,0.00,3618.00
KXHIGHLAX-25JUL02-B68.5,1751478360,2025-07-02T17:46:00+00:00,1,0.4300,0.4300,0.4300,0.4300,0.4300,0.4100,0.4200,0.4200,0.2000,0.2100,0.4700,0.4700,0.4300,0.4300,13.00,3618.00
KXHIGHLAX-25JUL02-B68.5,1751478420,2025-07-02T17:47:00+00:00,1,,,,,,0.4300,0.2100,0.2100,0.2000,0.2000,0.4300,0.5000,0.4100,0.4700,0.00,3618.00
KXHIGHLAX-25JUL02-B68.5,1751478480,2025-07-02T17:48:00+00:00,1,,,,,,0.4300,0.2000,0.2100,0.2000,0.2100,0.4700,0.4700,0.4000,0.4000,0.00,3618.00
KXHIGHLAX-25JUL02-B68.5,1751478540,2025-07-02T17:49:00+00:00,1,,,,,,0.4300,0.2100,0.2100,0.2000,0.2100,0.4000,0.4900,0.4000,0.4300,0.00,3618.00
KXHIGHLAX-25JUL02-B68.5,1751478660,2025-07-02T17:51:00+00:00,1,,,,,,0.4300,0.2100,0.3700,0.2000,0.3500,0.4300,0.5000,0.4000,0.4900,0.00,3618.00
KXHIGHLAX-25JUL02-B68.5,1751478720,2025-07-02T17:52:00+00:00,1,,,,,,0.4300,0.3500,0.3600,0.3500,0.3500,0.4900,0.5000,0.4900,0.5000,0.00,3618.00
KXHIGHLAX-25JUL02-B68.5,1751478780,2025-07-02T17:53:00+00:00,1,,,,,,0.4300,0.3500,0.3600,0.3500,0.3600,0.5000,0.5000,0.5000,0.5000,0.00,3618.00
KXHIGHLAX-25JUL02-B68.5,1751478840,2025-07-02T17:54:00+00:00,1,,,,,,0.4300,0.3600,0.3600,0.3500,0.3500,0.5000,0.5000,0.5000,0.5000,0.00,3618.00
KXHIGHLAX-25JUL02-B68.5,1751478900,2025-07-02T17:55:00+00:00,1,,,,,,0.4300,0.3500,0.3700,0.3500,0.3500,0.5000,0.5000,0.5000,0.5000,0.00,3618.00
KXHIGHLAX-25JUL02-B68.5,1751478960,2025-07-02T17:56:00+00:00,1,,,,,,0.4300,0.3500,0.3600,0.3500,0.3600,0.5000,0.5000,0.4700,0.4700,0.00,3618.00
KXHIGHLAX-25JUL02-B68.5,1751479020,2025-07-02T17:57:00+00:00,1,,,,,,0.4300,0.3600,0.3600,0.3600,0.3600,0.4700,0.4700,0.4700,0.4700,0.00,3618.00
KXHIGHLAX-25JUL02-B68.5,1751479080,2025-07-02T17:58:00+00:00,1,,,,,,0.4300,0.3600,0.3600,0.3600,0.3600,0.4700,0.4700,0.4700,0.4700,0.00,3618.00
KXHIGHLAX-25JUL02-B68.5,1751479140,2025-07-02T17:59:00+00:00,1,,,,,,0.4300,0.3600,0.4300,0.3600,0.4300,0.4700,0.4900,0.4700,0.4900,0.00,3618.00
KXHIGHLAX-25JUL02-B68.5,1751479200,2025-07-02T18:00:00+00:00,1,,,,,,0.4300,0.4300,0.4300,0.4300,0.4300,0.4900,0.4900,0.4600,0.4600,0.00,3618.00
KXHIGHLAX-25JUL02-B68.5,1751479260,2025-07-02T18:01:00+00:00,1,,,,,,0.4300,0.4300,0.4300,0.4100,0.4100,0.4600,0.5000,0.4600,0.5000,0.00,3618.00
KXHIGHLAX-25JUL02-B68.5,1751479320,2025-07-02T18:02:00+00:00,1,,,,,,0.4300,0.4100,0.4200,0.4100,0.4200,0.5000,0.5000,0.4900,0.4900,0.00,3618.00
KXHIGHLAX-25JUL02-B68.5,1751479380,2025-07-02T18:03:00+00:00,1,,,,,,0.4300,0.4200,0.4200,0.4100,0.4100,0.4900,0.5000,0.4900,0.4900,0.00,3618.00
KXHIGHLAX-25JUL02-B68.5,1751479440,2025-07-02T18:04:00+00:00,1,,,,,,0.4300,0.4100,0.4200,0.4100,0.4200,0.4900,0.5000,0.4900,0.4900,0.00,3618.00
KXHIGHLAX-25JUL02-B68.5,1751479500,2025-07-02T18:05:00+00:00,1,,,,,,0.4300,0.4200,0.4200,0.4100,0.4200,0.4900,0.5000,0.4900,0.5000,0.00,3618.00
KXHIGHLAX-25JUL02-B68.5,1751479560,2025-07-02T18:06:00+00:00,1,,,,,,0.4300,0.4200,0.4200,0.4100,0.4200,0.5000,0.5000,0.4900,0.4900,0.00,3618.00
KXHIGHLAX-25JUL02-B68.5,1751479620,2025-07-02T18:07:00+00:00,1,,,,,,0.4300,0.4200,0.4200,0.4100,0.4200,0.4900,0.4900,0.4900,0.4900,0.00,3618.00
KXHIGHLAX-25JUL02-B68.5,1751479680,2025-07-02T18:08:00+00:00,1,,,,,,0.4300,0.4200,0.4200,0.4100,0.4200,0.4900,0.4900,0.4900,0.4900,0.00,3618.00
KXHIGHLAX-25JUL02-B68.5,1751479740,2025-07-02T18:09:00+00:00,1,,,,,,0.4300,0.4200,0.4200,0.4100,0.4100,0.4900,0.4900,0.4900,0.4900,0.00,3618.00
KXHIGHLAX-25JUL02-B68.5,1751479800,2025-07-02T18:10:00+00:00,1,,,,,,0.4300,0.4100,0.4200,0.4100,0.4100,0.4900,0.4900,0.4900,0.4900,0.00,3618.00
KXHIGHLAX-25JUL02-B68.5,1751479860,2025-07-02T18:11:00+00:00,1,,,,,,0.4300,0.4100,0.4200,0.4100,0.4100,0.4900,0.4900,0.4700,0.4700,0.00,3618.00
KXHIGHLAX-25JUL02-B68.5,1751479920,2025-07-02T18:12:00+00:00,1,,,,,,0.4300,0.4100,0.4300,0.4100,0.4200,0.4700,0.5000,0.4700,0.5000,0.00,3618.00
KXHIGHLAX-25JUL02-B68.5,1751479980,2025-07-02T18:13:00+00:00,1,,,,,,0.4300,0.4200,0.4200,0.4100,0.4200,0.5000,0.5000,0.5000,0.5000,0.00,3618.00
KXHIGHLAX-25JUL02-B68.5,1751480040,2025-07-02T18:14:00+00:00,1,,,,,,0.4300,0.4200,0.4200,0.4100,0.4200,0.5000,0.5000,0.5000,0.5000,0.00,3618.00
KXHIGHLAX-25JUL02-B68.5,1751480100,2025-07-02T18:15:00+00:00,1,,,,,,0.4300,0.4200,0.4200,0.4100,0.4200,0.5000,0.5000,0.5000,0.5000,0.00,3618.00
KXHIGHLAX-25JUL02-B68.5,1751480160,2025-07-02T18:16:00+00:00,1,,,,,,0.4300,0.4200,0.4200,0.4100,0.4200,0.5000,0.5000,0.5000,0.5000,0.00,3618.00
KXHIGHLAX-25JUL02-B68.5,1751480220,2025-07-02T18:17:00+00:00,1,,,,,,0.4300,0.4200,0.4200,0.4100,0.4100,0.5000,0.5000,0.5000,0.5000,0.00,3618.00
KXHIGHLAX-25JUL02-B68.5,1751480280,2025-07-02T18:18:00+00:00,1,,,,,,0.4300,0.4100,0.4200,0.4100,0.4100,0.5000,0.5000,0.5000,0.5000,0.00,3618.00
KXHIGHLAX-25JUL02-B68.5,1751480340,2025-07-02T18:19:00+00:00,1,,,,,,0.4300,0.4100,0.4200,0.4100,0.4100,0.5000,0.5000,0.5000,0.5000,0.00,3618.00
KXHIGHLAX-25JUL02-B68.5,1751480400,2025-07-02T18:20:00+00:00,1,,,,,,0.4300,0.4100,0.4200,0.4100,0.4100,0.5000,0.5000,0.5000,0.5000,0.00,3618.00
KXHIGHLAX-25JUL02-B68.5,1751480460,2025-07-02T18:21:00+00:00,1,,,,,,0.4300,0.4100,0.4200,0.4100,0.4100,0.5000,0.5000,0.4900,0.5000,0.00,3618.00
KXHIGHLAX-25JUL02-B68.5,1751480520,2025-07-02T18:22:00+00:00,1,0.4200,0.4200,0.4100,0.4100,0.4107,0.4300,0.4100,0.4300,0.4100,0.4100,0.5000,0.5000,0.5000,0.5000,222.00,3818.00
KXHIGHLAX-25JUL02-B68.5,1751480580,2025-07-02T18:23:00+00:00,1,,,,,,0.4100,0.4100,0.4400,0.4100,0.4400,0.5000,0.5000,0.5000,0.5000,0.00,3818.00
KXHIGHLAX-25JUL02-B68.5,1751480640,2025-07-02T18:24:00+00:00,1,,,,,,0.4100,0.4400,0.4400,0.4400,0.4400,0.5000,0.5000,0.5000,0.5000,0.00,3818.00
KXHIGHLAX-25JUL02-B68.5,1751480700,2025-07-02T18:25:00+00:00,1,,,,,,0.4100,0.4400,0.4400,0.4400,0.4400,0.5000,0.5000,0.5000,0.5000,0.00,3818.00
KXHIGHLAX-25JUL02-B68.5,1751480760,2025-07-02T18:26:00+00:00,1,0.5000,0.5000,0.5000,0.5000,0.5000,0.4100,0.4400,0.5100,0.4400,0.5100,0.5000,0.5400,0.5000,0.5300,10.00,3818.00
KXHIGHLAX-25JUL02-B68.5,1751480820,2025-07-02T18:27:00+00:00,1,,,,,,0.5000,0.5100,0.5100,0.5100,0.5100,0.5300,0.5400,0.5200,0.5300,0.00,3818.00
KXHIGHLAX-25JUL02-B68.5,1751480880,2025-07-02T18:28:00+00:00,1,,,,,,0.5000,0.5100,0.5100,0.5100,0.5100,0.5300,0.5400,0.5200,0.5300,0.00,3818.00
KXHIGHLAX-25JUL02-B68.5,1751480940,2025-07-02T18:29:00+00:00,1,,,,,,0.5000,0.5100,0.5100,0.5000,0.5000,0.5300,0.5400,0.5200,0.5400,0.00,3818.00
KXHIGHLAX-25JUL02-B68.5,1751481000,2025-07-02T18:30:00+00:00,1,,,,,,0.5000,0.5000,0.5000,0.5000,0.5000,0.5400,0.5400,0.5100,0.5400,0.00,3818.00
KXHIGHLAX-25JUL02-B68.5,1751481060,2025-07-02T18:31:00+00:00,1,,,,,,0.5000,0.5000,0.5000,0.5000,0.5000,0.5400,0.5400,0.5200,0.5300,0.00,3818.00
KXHIGHLAX-25JUL02-B68.5,1751481120,2025-07-02T18:32:00+00:00,1,,,,,,0.5000,0.5000,0.5000,0.5000,0.5000,0.5300,0.5400,0.5200,0.5300,0.00,3818.00
KXHIGHLAX-25JUL02-B68.5,1751481180,2025-07-02T18:33:00+00:00,1,,,,,,0.5000,0.5000,0.5000,0.5000,0.5000,0.5300,0.5500,0.5100,0.5300,0.00,3818.00
KXHIGHLAX-25JUL02-B68.5,1751481240,2025-07-02T18:34:00+00:00,1,,,,,,0.5000,0.5000,0.5000,0.5000,0.5000,0.5300,0.5400,0.5300,0.5300,0.00,3818.00
KXHIGHLAX-25JUL02-B68.5,1751481300,2025-07-02T18:35:00+00:00,1,0.5000,0.5000,0.5000,0.5000,0.5000,0.5000,0.5000,0.5000,0.5000,0.5000,0.5300,0.5400,0.5100,0.5400,10.00,3818.00
KXHIGHLAX-25JUL02-B68.5,1751481360,2025-07-02T18:36:00+00:00,1,,,,,,0.5000,0.5000,0.5000,0.5000,0.5000,0.5400,0.5400,0.5100,0.5300,0.00,3818.00
KXHIGHLAX-25JUL02-B68.5,1751481420,2025-07-02T18:37:00+00:00,1,,,,,,0.5000,0.5000,0.5000,0.5000,0.5000,0.5300,0.5400,0.5200,0.5300,0.00,3818.00
KXHIGHLAX-25JUL02-B68.5,1751481480,2025-07-02T18:38:00+00:00,1,0.5000,0.5000,0.5000,0.5000,0.5000,0.5000,0.5000,0.5000,0.5000,0.5000,0.5300,0.5400,0.5200,0.5400,8.00,3818.00
KXHIGHLAX-25JUL02-B68.5,1751481540,2025-07-02T18:39:00+00:00,1,,,,,,0.5000,0.5000,0.5000,0.4300,0.4300,0.5400,0.5400,0.5100,0.5200,0.00,3818.00
KXHIGHLAX-25JUL02-B68.5,1751481600,2025-07-02T18:40:00+00:00,1,,,,,,0.5000,0.4300,0.4400,0.4300,0.4300,0.5200,0.5400,0.5000,0.5200,0.00,3818.00
KXHIGHLAX-25JUL02-B68.5,1751481660,2025-07-02T18:41:00+00:00,1,,,,,,0.5000,0.4300,0.4400,0.4300,0.4300,0.5200,0.5400,0.5100,0.5300,0.00,3818.00
KXHIGHLAX-25JUL02-B68.5,1751481720,2025-07-02T18:42:00+00:00,1,,,,,,0.5000,0.4300,0.4400,0.4300,0.4300,0.5300,0.5300,0.5300,0.5300,0.00,3818.00
KXHIGHLAX-25JUL02-B68.5,1751481780,2025-07-02T18:43:00+00:00,1,,,,,,0.5000,0.4300,0.4500,0.4300,0.4500,0.5300,0.5300,0.5300,0.5300,0.00,3818.00
KXHIGHLAX-25JUL02-B68.5,1751481840,2025-07-02T18:44:00+00:00,1,,,,,,0.5000,0.4500,0.4600,0.4400,0.4500,0.5300,0.5400,0.5000,0.5300,0.00,3818.00
KXHIGHLAX-25JUL02-B68.5,1751481900,2025-07-02T18:45:00+00:00,1,,,,,,0.5000,0.4500,0.4600,0.4500,0.4600,0.5300,0.5400,0.5100,0.5100,0.00,3818.00
KXHIGHLAX-25JUL02-B68.5,1751481960,2025-07-02T18:46:00+00:00,1,,,,,,0.5000,0.4600,0.4600,0.4500,0.4600,0.5100,0.5400,0.4900,0.5000,0.00,3818.00
KXHIGHLAX-25JUL02-B68.5,1751482020,2025-07-02T18:47:00+00:00,1,,,,,,0.5000,0.4600,0.4600,0.4500,0.4600,0.5000,0.5400,0.4900,0.5300,0.00,3818.00
KXHIGHLAX-25JUL02-B68.5,1751482080,2025-07-02T18:48:00+00:00,1,0.4700,0.4700,0.4700,0.4700,0.4700,0.5000,0.4600,0.4700,0.4500,0.4600,0.5300,0.5300,0.5200,0.5200,45.00,3818.00
KXHIGHLAX-25JUL02-B68.5,1751482140,2025-07-02T18:49:00+00:00,1,,,,,,0.4700,0.4600,0.4600,0.4600,0.4600,0.5200,0.5200,0.5200,0.5200,0.00,3818.00
KXHIGHLAX-25JUL02-B68.5,1751482200,2025-07-02T18:50:00+00:00,1,,,,,,0.4700,0.4600,0.4600,0.4600,0.4600,0.5200,0.5300,0.5200,0.5200,0.00,3818.00
KXHIGHLAX-25JUL02-B68.5,1751482260,2025-07-02T18:51:00+00:00,1,,,,,,0.4700,0.4600,0.4600,0.4600,0.4600,0.5200,0.5300,0.4700,0.4700,0.00,3818.00
KXHIGHLAX-25JUL02-B68.5,1751482320,2025-07-02T18:52:00+00:00,1,0.4700,0.4700,0.4700,0.4700,0.4700,0.4700,0.4600,0.4900,0.4600,0.4900,0.4700,0.5300,0.4700,0.5200,10.00,3818.00
KXHIGHLAX-25JUL02-B68.5,1751482380,2025-07-02T18:53:00+00:00,1,0.5200,0.5200,0.5200,0.5200,0.5200,0.4700,0.4900,0.5200,0.4600,0.4700,0.5200,0.5300,0.5100,0.5200,88.00,3906.00
KXHIGHLAX-25JUL02-B68.5,1751482440,2025-07-02T18:54:00+00:00,1,0.5200,0.5300,0.5200,0.5300,0.5296,0.5200,0.4700,0.4700,0.4600,0.4700,0.5200,0.5300,0.5200,0.5300,450.00,4356.00
KXHIGHLAX-25JUL02-B68.5,1751482500,2025-07-02T18:55:00+00:00,1,,,,,,0.5300,0.4700,0.4700,0.4600,0.4700,0.5300,0.5300,0.5200,0.5200,0.00,4356.00
KXHIGHLAX-25JUL02-B68.5,1751482560,2025-07-02T18:56:00+00:00,1,,,,,,0.5300,0.4700,0.4700,0.4600,0.4700,0.5200,0.5300,0.5200,0.5300,0.00,4356.00
KXHIGHLAX-25JUL02-B68.5,1751482620,2025-07-02T18:57:00+00:00,1,,,,,,0.5300,0.4700,0.4700,0.4600,0.4700,0.5300,0.5300,0.5100,0.5300,0.00,4356.00
KXHIGHLAX-25JUL02-B68.5,1751482680,2025-07-02T18:58:00+00:00,1,0.5200,0.5300,0.5200,0.5300,0.5267,0.5300,0.4700,0.4700,0.4600,0.4600,0.5300,0.5400,0.5100,0.5300,48.00,4404.00
KXHIGHLAX-25JUL02-B68.5,1751482740,2025-07-02T18:59:00+00:00,1,,,,,,0.5300,0.4600,0.4700,0.4600,0.4700,0.5300,0.5400,0.5200,0.5400,0.00,4404.00
KXHIGHLAX-25JUL02-B68.5,1751482800,2025-07-02T19:00:00+00:00,1,,,,,,0.5300,0.4700,0.4700,0.4600,0.4700,0.5400,0.5400,0.5200,0.5400,0.00,4404.00
KXHIGHLAX-25JUL02-B68.5,1751482860,2025-07-02T19:01:00+00:00,1,,,,,,0.5300,0.4700,0.4700,0.4600,0.4700,0.5400,0.5400,0.5200,0.5300,0.00,4404.00
KXHIGHLAX-25JUL02-B68.5,1751482920,2025-07-02T19:02:00+00:00,1,,,,,,0.5300,0.4700,0.4700,0.4600,0.4700,0.5300,0.5400,0.5200,0.5300,0.00,4404.00
KXHIGHLAX-25JUL02-B68.5,1751482980,2025-07-02T19:03:00+00:00,1,,,,,,0.5300,0.4700,0.4700,0.4600,0.4700,0.5300,0.5400,0.5200,0.5300,0.00,4404.00
KXHIGHLAX-25JUL02-B68.5,1751483040,2025-07-02T19:04:00+00:00,1,,,,,,0.5300,0.4700,0.4700,0.4600,0.4700,0.5300,0.5400,0.5200,0.5300,0.00,4404.00
KXHIGHLAX-25JUL02-B68.5,1751483100,2025-07-02T19:05:00+00:00,1,,,,,,0.5300,0.4700,0.4700,0.4600,0.4700,0.5300,0.5400,0.5200,0.5300,0.00,4404.00
KXHIGHLAX-25JUL02-B68.5,1751483160,2025-07-02T19:06:00+00:00,1,0.5300,0.5300,0.5300,0.5300,0.5300,0.5300,0.4700,0.4700,0.4600,0.4700,0.5300,0.5400,0.5200,0.5200,10.00,4414.00
KXHIGHLAX-25JUL02-B68.5,1751483220,2025-07-02T19:07:00+00:00,1,0.4700,0.4700,0.4600,0.4600,0.4618,0.5300,0.4700,0.4700,0.4600,0.4600,0.5200,0.5400,0.4800,0.4800,87.00,4414.00
KXHIGHLAX-25JUL02-B68.5,1751483280,2025-07-02T19:08:00+00:00,1,,,,,,0.4600,0.4600,0.4600,0.4600,0.4600,0.4800,0.4800,0.4800,0.4800,0.00,4414.00
KXHIGHLAX-25JUL02-B68.5,1751483460,2025-07-02T19:11:00+00:00,1,0.4600,0.4600,0.4600,0.4600,0.4600,0.4600,0.4600,0.4600,0.4600,0.4600,0.4800,0.4800,0.4800,0.4800,1.00,4414.00
KXHIGHLAX-25JUL02-B68.5,1751483700,2025-07-02T19:15:00+00:00,1,0.4600,0.4600,0.1800,0.1800,0.3955,0.4600,0.4600,0.4600,0.1800,0.1800,0.4800,0.4900,0.4800,0.4900,134.00,4379.00
KXHIGHLAX-25JUL02-B68.5,1751483760,2025-07-02T19:16:00+00:00,1,,,,,,0.1800,0.1800,0.1800,0.1200,0.1200,0.4900,0.4900,0.4900,0.4900,0.00,4379.00
KXHIGHLAX-25JUL02-B68.5,1751483820,2025-07-02T19:17:00+00:00,1,,,,,,0.1800,0.1200,0.1200,0.1200,0.1200,0.4900,0.4900,0.4900,0.4900,0.00,4379.00
KXHIGHLAX-25JUL02-B68.5,1751483880,2025-07-02T19:18:00+00:00,1,,,,,,0.1800,0.1200,0.2500,0.1200,0.2500,0.4900,0.4900,0.4900,0.4900,0.00,4379.00
KXHIGHLAX-25JUL02-B68.5,1751483940,2025-07-02T19:19:00+00:00,1,,,,,,0.1800,0.2500,0.2500,0.1200,0.1800,0.4900,0.4900,0.4900,0.4900,0.00,4379.00
KXHIGHLAX-25JUL02-B68.5,1751484000,2025-07-02T19:20:00+00:00,1,,,,,,0.1800,0.1800,0.1900,0.1800,0.1900,0.4900,0.4900,0.4800,0.4800,0.00,4379.00
KXHIGHLAX-25JUL02-B68.5,1751484060,2025-07-02T19:21:00+00:00,1,,,,,,0.1800,0.1900,0.1900,0.1900,0.1900,0.4800,0.4800,0.4800,0.4800,0.00,4379.00
KXHIGHLAX-25JUL02-B68.5,1751484300,2025-07-02T19:25:00+00:00,1,,,,,,0.1800,0.1900,0.1900,0.1900,0.1900,0.4800,0.4800,0.4800,0.4800,0.00,4379.00
KXHIGHLAX-25JUL02-B68.5,1751484360,2025-07-02T19:26:00+00:00,1,,,,,,0.1800,0.1900,0.2000,0.1900,0.2000,0.4800,0.4800,0.4700,0.4700,0.00,4379.00
KXHIGHLAX-25JUL02-B68.5,1751484420,2025-07-02T19:27:00+00:00,1,,,,,,0.1800,0.2000,0.2100,0.2000,0.2100,0.4700,0.4700,0.4600,0.4600,0.00,4379.00
KXHIGHLAX-25JUL02-B68.5,1751484480,2025-07-02T19:28:00+00:00,1,,,,,,0.1800,0.2100,0.2100,0.2100,0.2100,0.4600,0.4600,0.4600,0.4600,0.00,4379.00
KXHIGHLAX-25JUL02-B68.5,1751485020,2025-07-02T19:37:00+00:00,1,,,,,,0.1800,0.2100,0.2100,0.2100,0.2100,0.4600,0.4600,0.4600,0.4600,0.00,4379.00
KXHIGHLAX-25JUL02-B68.5,1751485080,2025-07-02T19:38:00+00:00,1,,,,,,0.1800,0.2100,0.2100,0.2100,0.2100,0.4600,0.4600,0.4600,0.4600,0.00,4379.00
KXHIGHLAX-25JUL02-B68.5,1751485140,2025-07-02T19:39:00+00:00,1,,,,,,0.1800,0.2100,0.2100,0.2100,0.2100,0.4600,0.4600,0.4600,0.4600,0.00,4379.00
KXHIGHLAX-25JUL02-B68.5,1751485200,2025-07-02T19:40:00+00:00,1,,,,,,0.1800,0.2100,0.2100,0.2100,0.2100,0.4600,0.4600,0.4600,0.4600,0.00,4379.00
KXHIGHLAX-25JUL02-B68.5,1751485320,2025-07-02T19:42:00+00:00,1,0.2100,0.2100,0.1900,0.1900,0.1941,0.1800,0.2100,0.2400,0.1900,0.2400,0.4600,0.5200,0.4600,0.4800,111.00,4477.00
KXHIGHLAX-25JUL02-B68.5,1751485380,2025-07-02T19:43:00+00:00,1,,,,,,0.1900,0.2400,0.2400,0.2400,0.2400,0.4800,0.4800,0.4600,0.4600,0.00,4477.00
KXHIGHLAX-25JUL02-B68.5,1751485440,2025-07-02T19:44:00+00:00,1,0.3400,0.3400,0.3300,0.3300,0.3315,0.1900,0.2400,0.3400,0.2400,0.2400,0.4600,0.4600,0.4600,0.4600,98.00,4560.00
KXHIGHLAX-25JUL02-B68.5,1751485500,2025-07-02T19:45:00+00:00,1,,,,,,0.3300,0.2400,0.2400,0.2400,0.2400,0.4600,0.4600,0.4600,0.4600,0.00,4560.00
KXHIGHLAX-25JUL02-B68.5,1751485560,2025-07-02T19:46:00+00:00,1,,,,,,0.3300,0.2400,0.2900,0.2400,0.2900,0.4600,0.4600,0.4600,0.4600,0.00,4560.00
KXHIGHLAX-25JUL02-B68.5,1751485620,2025-07-02T19:47:00+00:00,1,0.2900,0.2900,0.1900,0.1900,0.1957,0.3300,0.2900,0.2900,0.1900,0.1900,0.4600,0.4600,0.4600,0.4600,98.00,4544.00
KXHIGHLAX-25JUL02-B68.5,1751485680,2025-07-02T19:48:00+00:00,1,,,,,,0.1900,0.1900,0.2000,0.1800,0.1900,0.4600,0.4600,0.4100,0.4200,0.00,4544.00
KXHIGHLAX-25JUL02-B68.5,1751485740,2025-07-02T19:49:00+00:00,1,,,,,,0.1900,0.1900,0.2000,0.1900,0.1900,0.4200,0.4200,0.4200,0.4200,0.00,4544.00
KXHIGHLAX-25JUL02-B68.5,1751485800,2025-07-02T19:50:00+00:00,1,0.1900,0.1900,0.1900,0.1900,0.1900,0.1900,0.1900,0.2000,0.1800,0.1900,0.4200,0.4200,0.4200,0.4200,99.00,4643.00
KXHIGHLAX-25JUL02-B68.5,1751485860,2025-07-02T19:51:00+00:00,1,,,,,,0.1900,0.1900,0.2000,0.1900,0.1900,0.4200,0.4200,0.4200,0.4200,0.00,4643.00
KXHIGHLAX-25JUL02-B68.5,1751485920,2025-07-02T19:52:00+00:00,1,0.1900,0.1900,0.1900,0.1900,0.1900,0.1900,0.1900,0.2000,0.1800,0.1900,0.4200,0.4200,0.4200,0.4200,99.00,4742.00
KXHIGHLAX-25JUL02-B68.5,1751485980,2025-07-02T19:53:00+00:00,1,0.2000,0.2000,0.2000,0.2000,0.2000,0.1900,0.1900,0.2000,0.1900,0.1900,0.4200,0.4200,0.4200,0.4200,10.00,4741.00
KXHIGHLAX-25JUL02-B68.5,1751486040,2025-07-02T19:54:00+00:00,1,,,,,,0.2000,0.1900,0.2000,0.1900,0.1900,0.4200,0.4200,0.4200,0.4200,0.00,4741.00
KXHIGHLAX-25JUL02-B68.5,1751486100,2025-07-02T19:55:00+00:00,1,,,,,,0.2000,0.1900,0.2000,0.1900,0.1900,0.4200,0.4200,0.4200,0.4200,0.00,4741.00
KXHIGHLAX-25JUL02-B68.5,1751486160,2025-07-02T19:56:00+00:00,1,0.1900,0.1900,0.1900,0.1900,0.1900,0.2000,0.1900,0.2000,0.1900,0.1900,0.4200,0.4200,0.4200,0.4200,84.00,4825.00
KXHIGHLAX-25JUL02-B68.5,1751486220,2025-07-02T19:57:00+00:00,1,,,,,,0.1900,0.1900,0.1900,0.1900,0.1900,0.4200,0.4200,0.4200,0.4200,0.00,4825.00
KXHIGHLAX-25JUL02-B68.5,1751486280,2025-07-02T19:58:00+00:00,1,,,,,,0.1900,0.1900,0.1900,0.1900,0.1900,0.4200,0.4200,0.4200,0.4200,0.00,4825.00
KXHIGHLAX-25JUL02-B68.5,1751486340,2025-07-02T19:59:00+00:00,1,,,,,,0.1900,0.1900,0.1900,0.1900,0.1900,0.4200,0.4200,0.4200,0.4200,0.00,4825.00
KXHIGHLAX-25JUL02-B68.5,1751486400,2025-07-02T20:00:00+00:00,1,,,,,,0.1900,0.1900,0.1900,0.1900,0.1900,0.4200,0.4200,0.4200,0.4200,0.00,4825.00
KXHIGHLAX-25JUL02-B68.5,1751486460,2025-07-02T20:01:00+00:00,1,,,,,,0.1900,0.1900,0.1900,0.1900,0.1900,0.4200,0.4200,0.4200,0.4200,0.00,4825.00
KXHIGHLAX-25JUL02-B68.5,1751486520,2025-07-02T20:02:00+00:00,1,,,,,,0.1900,0.1900,0.1900,0.1900,0.1900,0.4200,0.4200,0.4200,0.4200,0.00,4825.00
KXHIGHLAX-25JUL02-B68.5,1751486580,2025-07-02T20:03:00+00:00,1,,,,,,0.1900,0.1900,0.1900,0.1800,0.1900,0.4200,0.4200,0.4200,0.4200,0.00,4825.00
KXHIGHLAX-25JUL02-B68.5,1751486640,2025-07-02T20:04:00+00:00,1,,,,,,0.1900,0.1900,0.1900,0.1800,0.1900,0.4200,0.4200,0.4200,0.4200,0.00,4825.00
KXHIGHLAX-25JUL02-B68.5,1751486700,2025-07-02T20:05:00+00:00,1,0.1800,0.1800,0.1400,0.1400,0.1432,0.1900,0.1900,0.1900,0.0700,0.0800,0.4200,0.4200,0.1400,0.4200,500.00,4835.00
KXHIGHLAX-25JUL02-B68.5,1751486760,2025-07-02T20:06:00+00:00,1,,,,,,0.1400,0.0800,0.0800,0.0700,0.0800,0.4200,0.4200,0.4200,0.4200,0.00,4835.00
KXHIGHLAX-25JUL02-B68.5,1751486820,2025-07-02T20:07:00+00:00,1,,,,,,0.1400,0.0800,0.0800,0.0700,0.0800,0.4200,0.4200,0.3800,0.3800,0.00,4835.00
KXHIGHLAX-25JUL02-B68.5,1751486880,2025-07-02T20:08:00+00:00,1,0.0800,0.0800,0.0600,0.0600,0.0724,0.1400,0.0800,0.0800,0.0600,0.0700,0.3800,0.3800,0.3800,0.3800,58.00,4851.00
KXHIGHLAX-25JUL02-B68.5,1751486940,2025-07-02T20:09:00+00:00,1,,,,,,0.0600,0.0700,0.0700,0.0600,0.0700,0.3800,0.3800,0.3200,0.3200,0.00,4851.00
KXHIGHLAX-25JUL02-B68.5,1751487000,2025-07-02T20:10:00+00:00,1,0.0700,0.0700,0.0600,0.0600,0.0602,0.0600,0.0700,0.0700,0.0500,0.0500,0.3200,0.3200,0.3200,0.3200,1059.00,5229.00
KXHIGHLAX-25JUL02-B68.5,1751487060,2025-07-02T20:11:00+00:00,1,,,,,,0.0600,0.0500,0.0500,0.0500,0.0500,0.3200,0.3200,0.3200,0.3200,0.00,5229.00
KXHIGHLAX-25JUL02-B68.5,1751487120,2025-07-02T20:12:00+00:00,1,,,,,,0.0600,0.0500,0.0500,0.0500,0.0500,0.3200,0.3200,0.3200,0.3200,0.00,5229.00
KXHIGHLAX-25JUL02-B68.5,1751487240,2025-07-02T20:14:00+00:00,1,,,,,,0.0600,0.0500,0.0500,0.0500,0.0500,0.3200,0.3200,0.3200,0.3200,0.00,5229.00
KXHIGHLAX-25JUL02-B68.5,1751487360,2025-07-02T20:16:00+00:00,1,,,,,,0.0600,0.0500,0.0500,0.0500,0.0500,0.3200,0.3200,0.3200,0.3200,0.00,5229.00
KXHIGHLAX-25JUL02-B68.5,1751487480,2025-07-02T20:18:00+00:00,1,0.3200,0.5300,0.3200,0.5300,0.4905,0.0600,0.0500,0.1900,0.0500,0.1900,0.3200,0.5300,0.3200,0.4900,196.00,5229.00
KXHIGHLAX-25JUL02-B68.5,1751487540,2025-07-02T20:19:00+00:00,1,0.2000,0.2000,0.1900,0.1900,0.1961,0.5300,0.1900,0.2000,0.0600,0.1700,0.4900,0.5000,0.4900,0.4900,28.00,5257.00
KXHIGHLAX-25JUL02-B68.5,1751487600,2025-07-02T20:20:00+00:00,1,0.4900,0.5200,0.1500,0.1500,0.2331,0.1900,0.1700,0.1800,0.0500,0.0500,0.4900,0.5200,0.1400,0.1400,438.00,5601.00
KXHIGHLAX-25JUL02-B68.5,1751487660,2025-07-02T20:21:00+00:00,1,0.1400,0.2300,0.1400,0.2300,0.1744,0.1500,0.0500,0.0800,0.0500,0.0800,0.1400,0.5100,0.1400,0.2500,108.00,5657.00
KXHIGHLAX-25JUL02-B68.5,1751487720,2025-07-02T20:22:00+00:00,1,0.2500,0.5300,0.2500,0.5300,0.3788,0.2300,0.0800,0.0800,0.0800,0.0800,0.2500,0.5300,0.2500,0.5000,252.00,5688.00
KXHIGHLAX-25JUL02-B68.5,1751487840,2025-07-02T20:24:00+00:00,1,,,,,,0.5300,0.0800,0.0800,0.0800,0.0800,0.5000,0.5000,0.4800,0.4900,0.00,5688.00
KXHIGHLAX-25JUL02-B68.5,1751487900,2025-07-02T20:25:00+00:00,1,,,,,,0.5300,0.0800,0.0800,0.0800,0.0800,0.4900,0.5000,0.4800,0.5000,0.00,5688.00
KXHIGHLAX-25JUL02-B68.5,1751487960,2025-07-02T20:26:00+00:00,1,,,,,,0.5300,0.0800,0.0800,0.0800,0.0800,0.5000,0.5000,0.4900,0.5000,0.00,5688.00
KXHIGHLAX-25JUL02-B68.5,1751488020,2025-07-02T20:27:00+00:00,1,,,,,,0.5300,0.0800,0.0800,0.0800,0.0800,0.5000,0.5000,0.4900,0.5000,0.00,5688.00
KXHIGHLAX-25JUL02-B68.5,1751488080,2025-07-02T20:28:00+00:00,1,,,,,,0.5300,0.0800,0.0800,0.0800,0.0800,0.5000,0.5000,0.4900,0.5000,0.00,5688.00
KXHIGHLAX-25JUL02-B68.5,1751488140,2025-07-02T20:29:00+00:00,1,,,,,,0.5300,0.0800,0.0800,0.0800,0.0800,0.5000,0.5000,0.2900,0.3000,0.00,5688.00
KXHIGHLAX-25JUL02-B68.5,1751488200,2025-07-02T20:30:00+00:00,1,,,,,,0.5300,0.0800,0.0800,0.0800,0.0800,0.3000,0.3000,0.2900,0.3000,0.00,5688.00
KXHIGHLAX-25JUL02-B68.5,1751488260,2025-07-02T20:31:00+00:00,1,,,,,,0.5300,0.0800,0.0800,0.0800,0.0800,0.3000,0.3000,0.2900,0.3000,0.00,5688.00
KXHIGHLAX-25JUL02-B68.5,1751488320,2025-07-02T20:32:00+00:00,1,,,,,,0.5300,0.0800,0.0800,0.0800,0.0800,0.3000,0.3000,0.2900,0.3000,0.00,5688.00
KXHIGHLAX-25JUL02-B68.5,1751488380,2025-07-02T20:33:00+00:00,1,,,,,,0.5300,0.0800,0.0800,0.0800,0.0800,0.3000,0.3000,0.2900,0.3000,0.00,5688.00
KXHIGHLAX-25JUL02-B68.5,1751488440,2025-07-02T20:34:00+00:00,1,,,,,,0.5300,0.0800,0.0800,0.0800,0.0800,0.3000,0.3000,0.2900,0.3000,0.00,5688.00
KXHIGHLAX-25JUL02-B68.5,1751488500,2025-07-02T20:35:00+00:00,1,,,,,,0.5300,0.0800,0.0800,0.0800,0.0800,0.3000,0.3000,0.2900,0.3000,0.00,5688.00
KXHIGHLAX-25JUL02-B68.5,1751488560,2025-07-02T20:36:00+00:00,1,,,,,,0.5300,0.0800,0.0800,0.0800,0.0800,0.3000,0.5000,0.2900,0.3000,0.00,5688.00
KXHIGHLAX-25JUL02-B68.5,1751488620,2025-07-02T20:37:00+00:00,1,,,,,,0.5300,0.0800,0.0800,0.0800,0.0800,0.3000,0.3000,0.2900,0.3000,0.00,5688.00
KXHIGHLAX-25JUL02-B68.5,1751488680,2025-07-02T20:38:00+00:00,1,,,,,,0.5300,0.0800,0.0800,0.0800,0.0800,0.3000,0.3000,0.2900,0.3000,0.00,5688.00
KXHIGHLAX-25JUL02-B68.5,1751488740,2025-07-02T20:39:00+00:00,1,,,,,,0.5300,0.0800,0.0800,0.0800,0.0800,0.3000,0.3000,0.2900,0.3000,0.00,5688.00
KXHIGHLAX-25JUL02-B68.5,1751488800,2025-07-02T20:40:00+00:00,1,0.0800,0.0800,0.0400,0.0400,0.0554,0.5300,0.0800,0.0800,0.0400,0.0500,0.3000,0.3000,0.2900,0.2900,152.00,5804.00
KXHIGHLAX-25JUL02-B68.5,1751488860,2025-07-02T20:41:00+00:00,1,0.0500,0.1500,0.0500,0.1500,0.0813,0.0400,0.0500,0.0800,0.0500,0.0800,0.2900,0.2900,0.1500,0.1600,32.00,5810.00
KXHIGHLAX-25JUL02-B68.5,1751488920,2025-07-02T20:42:00+00:00,1,0.1100,0.1200,0.1000,0.1000,0.1073,0.1500,0.0800,0.1200,0.0800,0.1000,0.1600,0.3000,0.1300,0.2900,84.00,5880.00
KXHIGHLAX-25JUL02-B68.5,1751488980,2025-07-02T20:43:00+00:00,1,,,,,,0.1000,0.1000,0.1100,0.1000,0.1100,0.2900,0.3000,0.2900,0.3000,0.00,5880.00
KXHIGHLAX-25JUL02-B68.5,1751489040,2025-07-02T20:44:00+00:00,1,0.1100,0.1100,0.1100,0.1100,0.1100,0.1000,0.1100,0.1300,0.1000,0.1300,0.3000,0.3000,0.1800,0.1800,10.00,5890.00
KXHIGHLAX-25JUL02-B68.5,1751489100,2025-07-02T20:45:00+00:00,1,0.1300,0.1300,0.0500,0.0500,0.1002,0.1100,0.1300,0.1300,0.0500,0.0500,0.1800,0.1800,0.1800,0.1800,108.00,5875.00
KXHIGHLAX-25JUL02-B68.5,1751489160,2025-07-02T20:46:00+00:00,1,0.0500,0.0500,0.0400,0.0400,0.0427,0.0500,0.0500,0.0500,0.0400,0.0400,0.1800,0.1800,0.1800,0.1800,252.00,5807.00
KXHIGHLAX-25JUL02-B68.5,1751489220,2025-07-02T20:47:00+00:00,1,,,,,,0.0400,0.0400,0.0400,0.0400,0.0400,0.1800,0.1800,0.1800,0.1800,0.00,5807.00
KXHIGHLAX-25JUL02-B68.5,1751489280,2025-07-02T20:48:00+00:00,1,,,,,,0.0400,0.0400,0.0400,0.0400,0.0400,0.1800,0.1800,0.1800,0.1800,0.00,5807.00
KXHIGHLAX-25JUL02-B68.5,1751489340,2025-07-02T20:49:00+00:00,1,0.0400,0.0400,0.0400,0.0400,0.0400,0.0400,0.0400,0.0400,0.0400,0.0400,0.1800,0.1800,0.1800,0.1800,1.00,5807.00
KXHIGHLAX-25JUL02-B68.5,1751489400,2025-07-02T20:50:00+00:00,1,,,,,,0.0400,0.0400,0.0700,0.0400,0.0600,0.1800,0.1800,0.1800,0.1800,0.00,5807.00
KXHIGHLAX-25JUL02-B68.5,1751489460,2025-07-02T20:51:00+00:00,1,,,,,,0.0400,0.0600,0.0800,0.0600,0.0700,0.1800,0.1800,0.1800,0.1800,0.00,5807.00
KXHIGHLAX-25JUL02-B68.5,1751489520,2025-07-02T20:52:00+00:00,1,,,,,,0.0400,0.0700,0.0800,0.0700,0.0700,0.1800,0.1800,0.1800,0.1800,0.00,5807.00
KXHIGHLAX-25JUL02-B68.5,1751489580,2025-07-02T20:53:00+00:00,1,,,,,,0.0400,0.0700,0.0800,0.0700,0.0700,0.1800,0.1800,0.1800,0.1800,0.00,5807.00
KXHIGHLAX-25JUL02-B68.5,1751489640,2025-07-02T20:54:00+00:00,1,,,,,,0.0400,0.0700,0.0800,0.0700,0.0700,0.1800,0.1800,0.1800,0.1800,0.00,5807.00
KXHIGHLAX-25JUL02-B68.5,1751489700,2025-07-02T20:55:00+00:00,1,,,,,,0.0400,0.0700,0.0800,0.0700,0.0700,0.1800,0.1800,0.1800,0.1800,0.00,5807.00
KXHIGHLAX-25JUL02-B68.5,1751489760,2025-07-02T20:56:00+00:00,1,0.1800,0.1800,0.1800,0.1800,0.1800,0.0400,0.0700,0.0800,0.0700,0.0700,0.1800,0.1800,0.1700,0.1700,10.00,5807.00
KXHIGHLAX-25JUL02-B68.5,1751489820,2025-07-02T20:57:00+00:00,1,0.1700,0.6000,0.1700,0.6000,0.4771,0.1800,0.0700,0.1000,0.0700,0.1000,0.1700,0.6000,0.1700,0.4900,126.00,5837.00
KXHIGHLAX-25JUL02-B68.5,1751489880,2025-07-02T20:58:00+00:00,1,,,,,,0.6000,0.1000,0.1000,0.1000,0.1000,0.4900,0.5000,0.4800,0.4900,0.00,5837.00
KXHIGHLAX-25JUL02-B68.5,1751489940,2025-07-02T20:59:00+00:00,1,0.4900,0.5000,0.4900,0.5000,0.4955,0.6000,0.1000,0.1000,0.1000,0.1000,0.4900,0.5000,0.3900,0.4000,106.00,5868.00
KXHIGHLAX-25JUL02-B68.5,1751490000,2025-07-02T21:00:00+00:00,1,,,,,,0.5000,0.1000,0.1000,0.1000,0.1000,0.4000,0.4000,0.3700,0.3800,0.00,5868.00
KXHIGHLAX-25JUL02-B68.5,1751490060,2025-07-02T21:01:00+00:00,1,,,,,,0.5000,0.1000,0.1500,0.1000,0.1500,0.3800,0.3800,0.3700,0.3800,0.00,5868.00
KXHIGHLAX-25JUL02-B68.5,1751490120,2025-07-02T21:02:00+00:00,1,,,,,,0.5000,0.1500,0.1500,0.1500,0.1500,0.3800,0.3800,0.3700,0.3800,0.00,5868.00
KXHIGHLAX-25JUL02-B68.5,1751490180,2025-07-02T21:03:00+00:00,1,0.3800,0.3800,0.1800,0.1800,0.3519,0.5000,0.1500,0.1500,0.1500,0.1500,0.3800,0.3800,0.1800,0.1800,57.00,5876.00
KXHIGHLAX-25JUL02-B68.5,1751490240,2025-07-02T21:04:00+00:00,1,0.1800,0.1800,0.1800,0.1800,0.1800,0.1800,0.1500,0.1700,0.1500,0.1700,0.1800,0.3700,0.1800,0.2800,2.00,5878.00
KXHIGHLAX-25JUL02-B68.5,1751490300,2025-07-02T21:05:00+00:00,1,0.1700,0.1700,0.1700,0.1700,0.1700,0.1800,0.1700,0.1700,0.1400,0.1400,0.2800,0.2800,0.2800,0.2800,20.00,5878.00
KXHIGHLAX-25JUL02-B68.5,1751490360,2025-07-02T21:06:00+00:00,1,,,,,,0.1700,0.1400,0.1600,0.1400,0.1600,0.2800,0.2800,0.2800,0.2800,0.00,5878.00
KXHIGHLAX-25JUL02-B68.5,1751490420,2025-07-02T21:07:00+00:00,1,,,,,,0.1700,0.1600,0.1600,0.1600,0.1600,0.2800,0.2800,0.2800,0.2800,0.00,5878.00
KXHIGHLAX-25JUL02-B68.5,1751490480,2025-07-02T21:08:00+00:00,1,,,,,,0.1700,0.1600,0.1700,0.1600,0.1600,0.2800,0.2800,0.2800,0.2800,0.00,5878.00
KXHIGHLAX-25JUL02-B68.5,1751490540,2025-07-02T21:09:00+00:00,1,,,,,,0.1700,0.1600,0.1800,0.1600,0.1700,0.2800,0.2800,0.2800,0.2800,0.00,5878.00
KXHIGHLAX-25JUL02-B68.5,1751490600,2025-07-02T21:10:00+00:00,1,,,,,,0.1700,0.1700,0.1700,0.1700,0.1700,0.2800,0.2800,0.2800,0.2800,0.00,5878.00
KXHIGHLAX-25JUL02-B68.5,1751490660,2025-07-02T21:11:00+00:00,1,,,,,,0.1700,0.1700,0.2300,0.1700,0.2300,0.2800,0.2800,0.2800,0.2800,0.00,5878.00
KXHIGHLAX-25JUL02-B68.5,1751490720,2025-07-02T21:12:00+00:00,1,,,,,,0.1700,0.2300,0.2500,0.2300,0.2500,0.2800,0.2800,0.2800,0.2800,0.00,5878.00
KXHIGHLAX-25JUL02-B68.5,1751490780,2025-07-02T21:13:00+00:00,1,,,,,,0.1700,0.2500,0.2500,0.2500,0.2500,0.2800,0.2800,0.2800,0.2800,0.00,5878.00
KXHIGHLAX-25JUL02-B68.5,1751490840,2025-07-02T21:14:00+00:00,1,,,,,,0.1700,0.2500,0.2700,0.2500,0.2700,0.2800,0.2800,0.2800,0.2800,0.00,5878.00
KXHIGHLAX-25JUL02-B68.5,1751490960,2025-07-02T21:16:00+00:00,1,0.2800,0.4800,0.2800,0.4800,0.3646,0.1700,0.2700,0.2700,0.2700,0.2700,0.2800,0.4800,0.2800,0.4800,39.00,5902.00
KXHIGHLAX-25JUL02-B68.5,1751491020,2025-07-02T21:17:00+00:00,1,0.2700,0.2700,0.2600,0.2700,0.2689,0.4800,0.2700,0.2800,0.2600,0.2800,0.4800,0.4800,0.4700,0.4700,19.00,5920.00
KXHIGHLAX-25JUL02-B68.5,1751491080,2025-07-02T21:18:00+00:00,1,0.2800,0.2800,0.2800,0.2800,0.2800,0.2700,0.2800,0.2800,0.2800,0.2800,0.4700,0.4700,0.4700,0.4700,2.00,5922.00
KXHIGHLAX-25JUL02-B68.5,1751491140,2025-07-02T21:19:00+00:00,1,,,,,,0.2800,0.2800,0.2800,0.2800,0.2800,0.4700,0.4700,0.4700,0.4700,0.00,5922.00
KXHIGHLAX-25JUL02-B68.5,1751491200,2025-07-02T21:20:00+00:00,1,0.3900,0.3900,0.3900,0.3900,0.3900,0.2800,0.2800,0.2800,0.2800,0.2800,0.4700,0.4700,0.3900,0.4000,15.00,5935.00
KXHIGHLAX-25JUL02-B68.5,1751491260,2025-07-02T21:21:00+00:00,1,0.4000,0.4800,0.2800,0.2800,0.3586,0.3900,0.2800,0.2800,0.2700,0.2700,0.4000,0.4800,0.2800,0.2800,28.00,5950.00
KXHIGHLAX-25JUL02-B68.5,1751491320,2025-07-02T21:22:00+00:00,1,0.2800,0.2800,0.2800,0.2800,0.2800,0.2800,0.2700,0.2700,0.2700,0.2700,0.2800,0.3100,0.2800,0.3100,6.00,5956.00
KXHIGHLAX-25JUL02-B68.5,1751491380,2025-07-02T21:23:00+00:00,1,0.3100,0.3100,0.3100,0.3100,0.3100,0.2800,0.2700,0.2700,0.2700,0.2700,0.3100,0.4200,0.3100,0.4200,28.00,5984.00
KXHIGHLAX-25JUL02-B68.5,1751491440,2025-07-02T21:24:00+00:00,1,,,,,,0.3100,0.2700,0.2700,0.2700,0.2700,0.4200,0.4200,0.4200,0.4200,0.00,5984.00
KXHIGHLAX-25JUL02-B68.5,1751491500,2025-07-02T21:25:00+00:00,1,,,,,,0.3100,0.2700,0.2700,0.2700,0.2700,0.4200,0.4200,0.4200,0.4200,0.00,5984.00
KXHIGHLAX-25JUL02-B68.5,1751491560,2025-07-02T21:26:00+00:00,1,,,,,,0.3100,0.2700,0.2700,0.2700,0.2700,0.4200,0.4200,0.4200,0.4200,0.00,5984.00
KXHIGHLAX-25JUL02-B68.5,1751491620,2025-07-02T21:27:00+00:00,1,0.4200,0.4200,0.4200,0.4200,0.4200,0.3100,0.2700,0.2700,0.2700,0.2700,0.4200,0.4200,0.4200,0.4200,2.00,5986.00
KXHIGHLAX-25JUL02-B68.5,1751491680,2025-07-02T21:28:00+00:00,1,0.4200,0.4200,0.4200,0.4200,0.4200,0.4200,0.2700,0.2700,0.2700,0.2700,0.4200,0.4200,0.4200,0.4200,1.00,5987.00
KXHIGHLAX-25JUL02-B68.5,1751491740,2025-07-02T21:29:00+00:00,1,,,,,,0.4200,0.2700,0.2700,0.2700,0.2700,0.4200,0.4200,0.4200,0.4200,0.00,5987.00
KXHIGHLAX-25JUL02-B68.5,1751491800,2025-07-02T21:30:00+00:00,1,0.4200,0.4200,0.4200,0.4200,0.4200,0.4200,0.2700,0.2700,0.2700,0.2700,0.4200,0.4200,0.4200,0.4200,4.00,5991.00
KXHIGHLAX-25JUL02-B68.5,1751491860,2025-07-02T21:31:00+00:00,1,0.4200,0.4200,0.4200,0.4200,0.4200,0.4200,0.2700,0.2700,0.2700,0.2700,0.4200,0.4500,0.4200,0.4500,3.00,5994.00
KXHIGHLAX-25JUL02-B68.5,1751491920,2025-07-02T21:32:00+00:00,1,,,,,,0.4200,0.2700,0.2700,0.2700,0.2700,0.4500,0.4500,0.4500,0.4500,0.00,5994.00
KXHIGHLAX-25JUL02-B68.5,1751491980,2025-07-02T21:33:00+00:00,1,,,,,,0.4200,0.2700,0.2700,0.2700,0.2700,0.4500,0.4500,0.4500,0.4500,0.00,5994.00
KXHIGHLAX-25JUL02-B68.5,1751492040,2025-07-02T21:34:00+00:00,1,,,,,,0.4200,0.2700,0.2700,0.2700,0.2700,0.4500,0.4500,0.4500,0.4500,0.00,5994.00
KXHIGHLAX-25JUL02-B68.5,1751492100,2025-07-02T21:35:00+00:00,1,0.2800,0.2800,0.2700,0.2700,0.2754,0.4200,0.2700,0.2800,0.2700,0.2700,0.4500,0.4500,0.4400,0.4400,26.00,6020.00
KXHIGHLAX-25JUL02-B68.5,1751492160,2025-07-02T21:36:00+00:00,1,,,,,,0.2700,0.2700,0.2700,0.2700,0.2700,0.4400,0.4400,0.4400,0.4400,0.00,6020.00
KXHIGHLAX-25JUL02-B68.5,1751492220,2025-07-02T21:37:00+00:00,1,,,,,,0.2700,0.2700,0.2700,0.2700,0.2700,0.4400,0.4400,0.4400,0.4400,0.00,6020.00
KXHIGHLAX-25JUL02-B68.5,1751492280,2025-07-02T21:38:00+00:00,1,,,,,,0.2700,0.2700,0.2700,0.2700,0.2700,0.4400,0.4400,0.4400,0.4400,0.00,6020.00
KXHIGHLAX-25JUL02-B68.5,1751492340,2025-07-02T21:39:00+00:00,1,,,,,,0.2700,0.2700,0.2700,0.2700,0.2700,0.4400,0.4400,0.4400,0.4400,0.00,6020.00
KXHIGHLAX-25JUL02-B68.5,1751492400,2025-07-02T21:40:00+00:00,1,,,,,,0.2700,0.2700,0.2700,0.2700,0.2700,0.4400,0.4400,0.4400,0.4400,0.00,6020.00
KXHIGHLAX-25JUL02-B68.5,1751492460,2025-07-02T21:41:00+00:00,1,0.2700,0.2700,0.2300,0.2300,0.2332,0.2700,0.2700,0.2700,0.2300,0.2300,0.4400,0.4400,0.4400,0.4400,25.00,6045.00
KXHIGHLAX-25JUL02-B68.5,1751492520,2025-07-02T21:42:00+00:00,1,,,,,,0.2300,0.2300,0.2300,0.2300,0.2300,0.4400,0.4400,0.4400,0.4400,0.00,6045.00
KXHIGHLAX-25JUL02-B68.5,1751492580,2025-07-02T21:43:00+00:00,1,,,,,,0.2300,0.2300,0.2300,0.2300,0.2300,0.4400,0.4400,0.4400,0.4400,0.00,6045.00
KXHIGHLAX-25JUL02-B68.5,1751492640,2025-07-02T21:44:00+00:00,1,,,,,,0.2300,0.2300,0.2300,0.2300,0.2300,0.4400,0.4400,0.4400,0.4400,0.00,6045.00
KXHIGHLAX-25JUL02-B68.5,1751492700,2025-07-02T21:45:00+00:00,1,0.4400,0.4500,0.4400,0.4500,0.4433,0.2300,0.2300,0.2400,0.2200,0.2300,0.4400,0.4500,0.4400,0.4400,21.00,6052.00
KXHIGHLAX-25JUL02-B68.5,1751492760,2025-07-02T21:46:00+00:00,1,,,,,,0.4500,0.2300,0.2300,0.2300,0.2300,0.4400,0.4400,0.4400,0.4400,0.00,6052.00
KXHIGHLAX-25JUL02-B68.5,1751492820,2025-07-02T21:47:00+00:00,1,,,,,,0.4500,0.2300,0.2300,0.2300,0.2300,0.4400,0.4400,0.4400,0.4400,0.00,6052.00
KXHIGHLAX-25JUL02-B68.5,1751492880,2025-07-02T21:48:00+00:00,1,,,,,,0.4500,0.2300,0.2300,0.2300,0.2300,0.4400,0.4400,0.4400,0.4400,0.00,6052.00
KXHIGHLAX-25JUL02-B68.5,1751492940,2025-07-02T21:49:00+00:00,1,,,,,,0.4500,0.2300,0.2300,0.2300,0.2300,0.4400,0.4400,0.4400,0.4400,0.00,6052.00
KXHIGHLAX-25JUL02-B68.5,1751493000,2025-07-02T21:50:00+00:00,1,0.2300,0.2300,0.2100,0.2100,0.2195,0.4500,0.2300,0.2300,0.1700,0.1700,0.4400,0.4400,0.4400,0.4400,126.00,6178.00
KXHIGHLAX-25JUL02-B68.5,1751493060,2025-07-02T21:51:00+00:00,1,,,,,,0.2100,0.1700,0.1700,0.1700,0.1700,0.4400,0.4400,0.4400,0.4400,0.00,6178.00
KXHIGHLAX-25JUL02-B68.5,1751493120,2025-07-02T21:52:00+00:00,1,0.1700,0.1700,0.1700,0.1700,0.1700,0.2100,0.1700,0.1700,0.1700,0.1700,0.4400,0.4400,0.4400,0.4400,1.00,6179.00
KXHIGHLAX-25JUL02-B68.5,1751493180,2025-07-02T21:53:00+00:00,1,,,,,,0.1700,0.1700,0.1700,0.1600,0.1600,0.4400,0.4400,0.4400,0.4400,0.00,6179.00
KXHIGHLAX-25JUL02-B68.5,1751493240,2025-07-02T21:54:00+00:00,1,,,,,,0.1700,0.1600,0.1600,0.1100,0.1100,0.4400,0.4400,0.4400,0.4400,0.00,6179.00
KXHIGHLAX-25JUL02-B68.5,1751493300,2025-07-02T21:55:00+00:00,1,,,,,,0.1700,0.1100,0.1200,0.1100,0.1200,0.4400,0.4400,0.4400,0.4400,0.00,6179.00
KXHIGHLAX-25JUL02-B68.5,1751493360,2025-07-02T21:56:00+00:00,1,,,,,,0.1700,0.1200,0.1400,0.1200,0.1400,0.4400,0.4400,0.4400,0.4400,0.00,6179.00
KXHIGHLAX-25JUL02-B68.5,1751493420,2025-07-02T21:57:00+00:00,1,,,,,,0.1700,0.1400,0.1400,0.1400,0.1400,0.4400,0.4400,0.4400,0.4400,0.00,6179.00
KXHIGHLAX-25JUL02-B68.5,1751493480,2025-07-02T21:58:00+00:00,1,,,,,,0.1700,0.1400,0.1400,0.1400,0.1400,0.4400,0.4400,0.4400,0.4400,0.00,6179.00
KXHIGHLAX-25JUL02-B68.5,1751493540,2025-07-02T21:59:00+00:00,1,,,,,,0.1700,0.1400,0.1400,0.1400,0.1400,0.4400,0.4400,0.4400,0.4400,0.00,6179.00
KXHIGHLAX-25JUL02-B68.5,1751493600,2025-07-02T22:00:00+00:00,1,0.4400,0.4400,0.4400,0.4400,0.4400,0.1700,0.1400,0.1400,0.1400,0.1400,0.4400,0.4400,0.4400,0.4400,1.00,6179.00
KXHIGHLAX-25JUL02-B68.5,1751493660,2025-07-02T22:01:00+00:00,1,,,,,,0.4400,0.1400,0.1400,0.1400,0.1400,0.4400,0.4400,0.4400,0.4400,0.00,6179.00
KXHIGHLAX-25JUL02-B68.5,1751493780,2025-07-02T22:03:00+00:00,1,,,,,,0.4400,0.1400,0.1600,0.1400,0.1600,0.4400,0.4400,0.4400,0.4400,0.00,6179.00
KXHIGHLAX-25JUL02-B68.5,1751493840,2025-07-02T22:04:00+00:00,1,0.1500,0.1500,0.1400,0.1400,0.1417,0.4400,0.1600,0.1600,0.1400,0.1400,0.4400,0.4400,0.4300,0.4400,100.00,6196.00
KXHIGHLAX-25JUL02-B68.5,1751493900,2025-07-02T22:05:00+00:00,1,0.1500,0.1500,0.1500,0.1500,0.1500,0.1400,0.1400,0.1500,0.1400,0.1500,0.4400,0.4400,0.3900,0.3900,10.00,6206.00
KXHIGHLAX-25JUL02-B68.5,1751493960,2025-07-02T22:06:00+00:00,1,0.3900,0.3900,0.3900,0.3900,0.3900,0.1500,0.1500,0.1500,0.1500,0.1500,0.3900,0.3900,0.3900,0.3900,9.00,6206.00
KXHIGHLAX-25JUL02-B68.5,1751494020,2025-07-02T22:07:00+00:00,1,,,,,,0.3900,0.1500,0.1500,0.1500,0.1500,0.3900,0.3900,0.3900,0.3900,0.00,6206.00
KXHIGHLAX-25JUL02-B68.5,1751494080,2025-07-02T22:08:00+00:00,1,,,,,,0.3900,0.1500,0.1500,0.1400,0.1500,0.3900,0.3900,0.3900,0.3900,0.00,6206.00
KXHIGHLAX-25JUL02-B68.5,1751494140,2025-07-02T22:09:00+00:00,1,0.1500,0.1500,0.0200,0.0200,0.0508,0.3900,0.1500,0.1500,0.0000,0.0000,0.3900,0.3900,0.0100,0.0100,53.00,6213.00
KXHIGHLAX-25JUL02-B68.5,1751494200,2025-07-02T22:10:00+00:00,1,,,,,,0.0200,0.0000,0.0000,0.0000,0.0000,0.0100,0.0100,0.0100,0.0100,0.00,6213.00
KXHIGHLAX-25JUL02-B68.5,1751494260,2025-07-02T22:11:00+00:00,1,,,,,,0.0200,0.0000,0.0000,0.0000,0.0000,0.0100,0.0100,0.0100,0.0100,0.00,6213.00
KXHIGHLAX-25JUL02-B68.5,1751494320,2025-07-02T22:12:00+00:00,1,0.0100,0.0100,0.0100,0.0100,0.0100,0.0200,0.0000,0.0000,0.0000,0.0000,0.0100,0.0100,0.0100,0.0100,260.00,6213.00
KXHIGHLAX-25JUL02-B68.5,1751494380,2025-07-02T22:13:00+00:00,1,,,,,,0.0100,0.0000,0.0000,0.0000,0.0000,0.0100,0.0100,0.0100,0.0100,0.00,6213.00
KXHIGHLAX-25JUL02-B68.5,1751494680,2025-07-02T22:18:00+00:00,1,0.0100,0.0100,0.0100,0.0100,0.0100,0.0100,0.0000,0.0000,0.0000,0.0000,0.0100,0.0100,0.0100,0.0100,126.00,6213.00
KXHIGHLAX-25JUL02-B68.5,1751494860,2025-07-02T22:21:00+00:00,1,,,,,,0.0100,0.0000,0.0000,0.0000,0.0000,0.0100,0.0100,0.0100,0.0100,0.00,6213.00
KXHIGHLAX-25JUL02-B68.5,1751494980,2025-07-02T22:23:00+00:00,1,,,,,,0.0100,0.0000,0.0000,0.0000,0.0000,0.0100,0.0100,0.0100,0.0100,0.00,6213.00
KXHIGHLAX-25JUL02-B68.5,1751495100,2025-07-02T22:25:00+00:00,1,,,,,,0.0100,0.0000,0.0000,0.0000,0.0000,0.0100,0.0100,0.0100,0.0100,0.00,6213.00
KXHIGHLAX-25JUL02-B68.5,1751496000,2025-07-02T22:40:00+00:00,1,,,,,,0.0100,0.0000,0.0000,0.0000,0.0000,0.0100,0.0100,0.0100,0.0100,0.00,6213.00
KXHIGHLAX-25JUL02-B68.5,1751497260,2025-07-02T23:01:00+00:00,1,0.0100,0.0100,0.0100,0.0100,0.0100,0.0100,0.0000,0.0000,0.0000,0.0000,0.0100,0.0100,0.0100,0.0100,280.00,6493.00
KXHIGHLAX-25JUL02-B68.5,1751497680,2025-07-02T23:08:00+00:00,1,0.0100,0.0100,0.0100,0.0100,0.0100,0.0100,0.0000,0.0000,0.0000,0.0000,0.0100,0.0100,0.0100,0.0100,386.00,6879.00
KXHIGHLAX-25JUL02-B68.5,1751499060,2025-07-02T23:31:00+00:00,1,,,,,,0.0100,0.0000,0.0000,0.0000,0.0000,0.0100,0.0100,0.0100,0.0100,0.00,6879.00
KXHIGHLAX-25JUL02-B68.5,1751500440,2025-07-02T23:54:00+00:00,1,,,,,,0.0100,0.0000,0.0000,0.0000,0.0000,0.0100,0.0100,0.0100,0.0100,0.00,6879.00
KXHIGHLAX-25JUL02-B68.5,1751500620,2025-07-02T23:57:00+00:00,1,,,,,,0.0100,0.0000,0.0000,0.0000,0.0000,0.0100,0.0100,0.0100,0.0100,0.00,6879.00
KXHIGHLAX-25JUL02-B70.5,1751414400,2025-07-02T00:00:00+00:00,1,0.4700,0.4700,0.4700,0.4700,0.4700,0.5200,0.4700,0.4700,0.4700,0.4700,0.5200,0.5200,0.5200,0.5200,45.00,747.00
KXHIGHLAX-25JUL02-B70.5,1751414460,2025-07-02T00:01:00+00:00,1,,,,,,0.4700,0.4700,0.4700,0.4700,0.4700,0.5200,0.5200,0.5200,0.5200,0.00,747.00
KXHIGHLAX-25JUL02-B70.5,1751414520,2025-07-02T00:02:00+00:00,1,,,,,,0.4700,0.4700,0.4700,0.4700,0.4700,0.5200,0.5200,0.5200,0.5200,0.00,747.00
KXHIGHLAX-25JUL02-B70.5,1751414580,2025-07-02T00:03:00+00:00,1,,,,,,0.4700,0.4700,0.4700,0.4700,0.4700,0.5200,0.5200,0.5100,0.5100,0.00,747.00
KXHIGHLAX-25JUL02-B70.5,1751414640,2025-07-02T00:04:00+00:00,1,,,,,,0.4700,0.4700,0.4700,0.4700,0.4700,0.5100,0.5200,0.5100,0.5200,0.00,747.00
KXHIGHLAX-25JUL02-B70.5,1751414700,2025-07-02T00:05:00+00:00,1,,,,,,0.4700,0.4700,0.4700,0.4700,0.4700,0.5200,0.5200,0.5200,0.5200,0.00,747.00
KXHIGHLAX-25JUL02-B70.5,1751414820,2025-07-02T00:07:00+00:00,1,,,,,,0.4700,0.4700,0.4700,0.4700,0.4700,0.5200,0.5200,0.5200,0.5200,0.00,747.00
KXHIGHLAX-25JUL02-B70.5,1751415180,2025-07-02T00:13:00+00:00,1,,,,,,0.4700,0.4700,0.4700,0.4700,0.4700,0.5200,0.5200,0.5200,0.5200,0.00,747.00
KXHIGHLAX-25JUL02-B70.5,1751415420,2025-07-02T00:17:00+00:00,1,,,,,,0.4700,0.4700,0.4700,0.4700,0.4700,0.5200,0.5200,0.5200,0.5200,0.00,747.00
KXHIGHLAX-25JUL02-B70.5,1751415480,2025-07-02T00:18:00+00:00,1,,,,,,0.4700,0.4700,0.4700,0.4700,0.4700,0.5200,0.5200,0.5200,0.5200,0.00,747.00
KXHIGHLAX-25JUL02-B70.5,1751415540,2025-07-02T00:19:00+00:00,1,,,,,,0.4700,0.4700,0.4700,0.4700,0.4700,0.5200,0.5200,0.5200,0.5200,0.00,747.00
KXHIGHLAX-25JUL02-B70.5,1751415600,2025-07-02T00:20:00+00:00,1,,,,,,0.4700,0.4700,0.4700,0.4700,0.4700,0.5200,0.5200,0.5200,0.5200,0.00,747.00
KXHIGHLAX-25JUL02-B70.5,1751415660,2025-07-02T00:21:00+00:00,1,,,,,,0.4700,0.4700,0.4700,0.4700,0.4700,0.5200,0.5200,0.5200,0.5200,0.00,747.00
KXHIGHLAX-25JUL02-B70.5,1751415720,2025-07-02T00:22:00+00:00,1,,,,,,0.4700,0.4700,0.4700,0.4700,0.4700,0.5200,0.5200,0.5200,0.5200,0.00,747.00
KXHIGHLAX-25JUL02-B70.5,1751415780,2025-07-02T00:23:00+00:00,1,,,,,,0.4700,0.4700,0.4700,0.4700,0.4700,0.5200,0.5200,0.5200,0.5200,0.00,747.00
KXHIGHLAX-25JUL02-B70.5,1751415840,2025-07-02T00:24:00+00:00,1,,,,,,0.4700,0.4700,0.4700,0.4700,0.4700,0.5200,0.5200,0.5200,0.5200,0.00,747.00
KXHIGHLAX-25JUL02-B70.5,1751416140,2025-07-02T00:29:00+00:00,1,,,,,,0.4700,0.4700,0.4700,0.4700,0.4700,0.5200,0.5200,0.5200,0.5200,0.00,747.00
KXHIGHLAX-25JUL02-B70.5,1751416260,2025-07-02T00:31:00+00:00,1,,,,,,0.4700,0.4700,0.4700,0.4700,0.4700,0.5200,0.5200,0.5200,0.5200,0.00,747.00
KXHIGHLAX-25JUL02-B70.5,1751416320,2025-07-02T00:32:00+00:00,1,,,,,,0.4700,0.4700,0.4700,0.4700,0.4700,0.5200,0.5200,0.5200,0.5200,0.00,747.00
KXHIGHLAX-25JUL02-B70.5,1751416380,2025-07-02T00:33:00+00:00,1,,,,,,0.4700,0.4700,0.4700,0.4700,0.4700,0.5200,0.5200,0.5200,0.5200,0.00,747.00
KXHIGHLAX-25JUL02-B70.5,1751416440,2025-07-02T00:34:00+00:00,1,,,,,,0.4700,0.4700,0.4700,0.4700,0.4700,0.5200,0.5200,0.5200,0.5200,0.00,747.00
KXHIGHLAX-25JUL02-B70.5,1751416560,2025-07-02T00:36:00+00:00,1,,,,,,0.4700,0.4700,0.4700,0.4700,0.4700,0.5200,0.5300,0.5200,0.5300,0.00,747.00
KXHIGHLAX-25JUL02-B70.5,1751416620,2025-07-02T00:37:00+00:00,1,,,,,,0.4700,0.4700,0.4700,0.4700,0.4700,0.5300,0.5300,0.5200,0.5200,0.00,747.00
KXHIGHLAX-25JUL02-B70.5,1751416680,2025-07-02T00:38:00+00:00,1,,,,,,0.4700,0.4700,0.4700,0.4700,0.4700,0.5200,0.5200,0.5200,0.5200,0.00,747.00
KXHIGHLAX-25JUL02-B70.5,1751416980,2025-07-02T00:43:00+00:00,1,,,,,,0.4700,0.4700,0.4700,0.4700,0.4700,0.5200,0.5300,0.5200,0.5200,0.00,747.00
KXHIGHLAX-25JUL02-B70.5,1751417220,2025-07-02T00:47:00+00:00,1,,,,,,0.4700,0.4700,0.4700,0.4700,0.4700,0.5200,0.5200,0.5200,0.5200,0.00,747.00
KXHIGHLAX-25JUL02-B70.5,1751417280,2025-07-02T00:48:00+00:00,1,,,,,,0.4700,0.4700,0.4700,0.4700,0.4700,0.5200,0.5200,0.5200,0.5200,0.00,747.00
KXHIGHLAX-25JUL02-B70.5,1751417340,2025-07-02T00:49:00+00:00,1,,,,,,0.4700,0.4700,0.4700,0.4700,0.4700,0.5200,0.5200,0.5200,0.5200,0.00,747.00
KXHIGHLAX-25JUL02-B70.5,1751417520,2025-07-02T00:52:00+00:00,1,,,,,,0.4700,0.4700,0.4700,0.4700,0.4700,0.5200,0.5300,0.5200,0.5200,0.00,747.00
KXHIGHLAX-25JUL02-B70.5,1751417580,2025-07-02T00:53:00+00:00,1,,,,,,0.4700,0.4700,0.4800,0.4700,0.4800,0.5200,0.5200,0.5200,0.5200,0.00,747.00
KXHIGHLAX-25JUL02-B70.5,1751417640,2025-07-02T00:54:00+00:00,1,,,,,,0.4700,0.4800,0.4800,0.4800,0.4800,0.5200,0.5200,0.5200,0.5200,0.00,747.00
KXHIGHLAX-25JUL02-B70.5,1751417700,2025-07-02T00:55:00+00:00,1,,,,,,0.4700,0.4800,0.4800,0.4800,0.4800,0.5200,0.5300,0.5200,0.5300,0.00,747.00
KXHIGHLAX-25JUL02-B70.5,1751417760,2025-07-02T00:56:00+00:00,1,,,,,,0.4700,0.4800,0.4800,0.4800,0.4800,0.5300,0.5300,0.5300,0.5300,0.00,747.00
KXHIGHLAX-25JUL02-B70.5,1751417880,2025-07-02T00:58:00+00:00,1,,,,,,0.4700,0.4800,0.4800,0.4800,0.4800,0.5300,0.5300,0.5300,0.5300,0.00,747.00
KXHIGHLAX-25JUL02-B70.5,1751417940,2025-07-02T00:59:00+00:00,1,,,,,,0.4700,0.4800,0.4800,0.4800,0.4800,0.5300,0.5300,0.5300,0.5300,0.00,747.00
KXHIGHLAX-25JUL02-B70.5,1751418120,2025-07-02T01:02:00+00:00,1,0.5300,0.5300,0.5300,0.5300,0.5300,0.4700,0.4800,0.4800,0.4800,0.4800,0.5300,0.5300,0.5300,0.5300,18.00,765.00
KXHIGHLAX-25JUL02-B70.5,1751418180,2025-07-02T01:03:00+00:00,1,,,,,,0.5300,0.4800,0.4900,0.4800,0.4900,0.5300,0.5300,0.5300,0.5300,0.00,765.00
KXHIGHLAX-25JUL02-B70.5,1751418240,2025-07-02T01:04:00+00:00,1,,,,,,0.5300,0.4900,0.4900,0.4900,0.4900,0.5300,0.5300,0.5300,0.5300,0.00,765.00
KXHIGHLAX-25JUL02-B70.5,1751418300,2025-07-02T01:05:00+00:00,1,,,,,,0.5300,0.4900,0.4900,0.4900,0.4900,0.5300,0.5300,0.5300,0.5300,0.00,765.00
KXHIGHLAX-25JUL02-B70.5,1751418660,2025-07-02T01:11:00+00:00,1,,,,,,0.5300,0.4900,0.4900,0.4900,0.4900,0.5300,0.5300,0.5300,0.5300,0.00,765.00
KXHIGHLAX-25JUL02-B70.5,1751418720,2025-07-02T01:12:00+00:00,1,,,,,,0.5300,0.4900,0.4900,0.4900,0.4900,0.5300,0.5300,0.5300,0.5300,0.00,765.00
KXHIGHLAX-25JUL02-B70.5,1751418780,2025-07-02T01:13:00+00:00,1,,,,,,0.5300,0.4900,0.4900,0.4900,0.4900,0.5300,0.5300,0.5300,0.5300,0.00,765.00
KXHIGHLAX-25JUL02-B70.5,1751419140,2025-07-02T01:19:00+00:00,1,,,,,,0.5300,0.4900,0.4900,0.4900,0.4900,0.5300,0.5400,0.5300,0.5300,0.00,765.00
KXHIGHLAX-25JUL02-B70.5,1751419200,2025-07-02T01:20:00+00:00,1,,,,,,0.5300,0.4900,0.4900,0.4900,0.4900,0.5300,0.5300,0.5300,0.5300,0.00,765.00
KXHIGHLAX-25JUL02-B70.5,1751419260,2025-07-02T01:21:00+00:00,1,,,,,,0.5300,0.4900,0.4900,0.4900,0.4900,0.5300,0.5300,0.5300,0.5300,0.00,765.00
KXHIGHLAX-25JUL02-B70.5,1751419320,2025-07-02T01:22:00+00:00,1,,,,,,0.5300,0.4900,0.4900,0.4900,0.4900,0.5300,0.5400,0.5300,0.5300,0.00,765.00
KXHIGHLAX-25JUL02-B70.5,1751419380,2025-07-02T01:23:00+00:00,1,,,,,,0.5300,0.4900,0.4900,0.4900,0.4900,0.5300,0.5300,0.5300,0.5300,0.00,765.00
KXHIGHLAX-25JUL02-B70.5,1751419560,2025-07-02T01:26:00+00:00,1,,,,,,0.5300,0.4900,0.4900,0.4900,0.4900,0.5300,0.5300,0.5300,0.5300,0.00,765.00
KXHIGHLAX-25JUL02-B70.5,1751419680,2025-07-02T01:28:00+00:00,1,,,,,,0.5300,0.4900,0.4900,0.4900,0.4900,0.5300,0.5300,0.5300,0.5300,0.00,765.00
KXHIGHLAX-25JUL02-B70.5,1751419860,2025-07-02T01:31:00+00:00,1,,,,,,0.5300,0.4900,0.4900,0.4900,0.4900,0.5300,0.5300,0.5300,0.5300,0.00,765.00
KXHIGHLAX-25JUL02-B70.5,1751419920,2025-07-02T01:32:00+00:00,1,,,,,,0.5300,0.4900,0.4900,0.4900,0.4900,0.5300,0.5300,0.5300,0.5300,0.00,765.00
KXHIGHLAX-25JUL02-B70.5,1751420220,2025-07-02T01:37:00+00:00,1,,,,,,0.5300,0.4900,0.4900,0.4900,0.4900,0.5300,0.5300,0.5300,0.5300,0.00,765.00
KXHIGHLAX-25JUL02-B70.5,1751420280,2025-07-02T01:38:00+00:00,1,,,,,,0.5300,0.4900,0.4900,0.4900,0.4900,0.5300,0.5300,0.5300,0.5300,0.00,765.00
KXHIGHLAX-25JUL02-B70.5,1751420340,2025-07-02T01:39:00+00:00,1,,,,,,0.5300,0.4900,0.4900,0.4900,0.4900,0.5300,0.5300,0.5300,0.5300,0.00,765.00
KXHIGHLAX-25JUL02-B70.5,1751420400,2025-07-02T01:40:00+00:00,1,,,,,,0.5300,0.4900,0.4900,0.4900,0.4900,0.5300,0.5300,0.5300,0.5300,0.00,765.00
KXHIGHLAX-25JUL02-B70.5,1751420460,2025-07-02T01:41:00+00:00,1,,,,,,0.5300,0.4900,0.4900,0.4900,0.4900,0.5300,0.5300,0.5300,0.5300,0.00,765.00
KXHIGHLAX-25JUL02-B70.5,1751420520,2025-07-02T01:42:00+00:00,1,,,,,,0.5300,0.4900,0.4900,0.4900,0.4900,0.5300,0.5300,0.5300,0.5300,0.00,765.00
KXHIGHLAX-25JUL02-B70.5,1751420580,2025-07-02T01:43:00+00:00,1,,,,,,0.5300,0.4900,0.4900,0.4900,0.4900,0.5300,0.5300,0.5300,0.5300,0.00,765.00
KXHIGHLAX-25JUL02-B70.5,1751420640,2025-07-02T01:44:00+00:00,1,,,,,,0.5300,0.4900,0.4900,0.4900,0.4900,0.5300,0.5300,0.5300,0.5300,0.00,765.00
KXHIGHLAX-25JUL02-B70.5,1751420820,2025-07-02T01:47:00+00:00,1,,,,,,0.5300,0.4900,0.4900,0.4900,0.4900,0.5300,0.5300,0.5300,0.5300,0.00,765.00
KXHIGHLAX-25JUL02-B70.5,1751420880,2025-07-02T01:48:00+00:00,1,,,,,,0.5300,0.4900,0.4900,0.4900,0.4900,0.5300,0.5300,0.5300,0.5300,0.00,765.00
KXHIGHLAX-25JUL02-B70.5,1751421300,2025-07-02T01:55:00+00:00,1,0.5300,0.5300,0.5300,0.5300,0.5300,0.5300,0.4900,0.4900,0.4900,0.4900,0.5300,0.5500,0.5300,0.5300,29.00,794.00
KXHIGHLAX-25JUL02-B70.5,1751421480,2025-07-02T01:58:00+00:00,1,,,,,,0.5300,0.4900,0.4900,0.4900,0.4900,0.5300,0.5500,0.5300,0.5300,0.00,794.00
KXHIGHLAX-25JUL02-B70.5,1751422020,2025-07-02T02:07:00+00:00,1,,,,,,0.5300,0.4900,0.4900,0.4900,0.4900,0.5300,0.5500,0.5300,0.5300,0.00,794.00
KXHIGHLAX-25JUL02-B70.5,1751422080,2025-07-02T02:08:00+00:00,1,,,,,,0.5300,0.4900,0.4900,0.4900,0.4900,0.5300,0.5300,0.5300,0.5300,0.00,794.00
KXHIGHLAX-25JUL02-B70.5,1751422140,2025-07-02T02:09:00+00:00,1,,,,,,0.5300,0.4900,0.4900,0.4900,0.4900,0.5300,0.5300,0.5300,0.5300,0.00,794.00
KXHIGHLAX-25JUL02-B70.5,1751422200,2025-07-02T02:10:00+00:00,1,,,,,,0.5300,0.4900,0.4900,0.4900,0.4900,0.5300,0.5300,0.5300,0.5300,0.00,794.00
KXHIGHLAX-25JUL02-B70.5,1751422260,2025-07-02T02:11:00+00:00,1,,,,,,0.5300,0.4900,0.4900,0.4900,0.4900,0.5300,0.5300,0.5300,0.5300,0.00,794.00
KXHIGHLAX-25JUL02-B70.5,1751422380,2025-07-02T02:13:00+00:00,1,0.4900,0.4900,0.4900,0.4900,0.4900,0.5300,0.4900,0.4900,0.4700,0.4700,0.5300,0.5300,0.5300,0.5300,7.00,801.00
KXHIGHLAX-25JUL02-B70.5,1751422440,2025-07-02T02:14:00+00:00,1,,,,,,0.4900,0.4700,0.4800,0.4700,0.4800,0.5300,0.5300,0.5200,0.5200,0.00,801.00
KXHIGHLAX-25JUL02-B70.5,1751422500,2025-07-02T02:15:00+00:00,1,,,,,,0.4900,0.4800,0.4900,0.4800,0.4900,0.5200,0.5300,0.5200,0.5300,0.00,801.00
KXHIGHLAX-25JUL02-B70.5,1751422560,2025-07-02T02:16:00+00:00,1,,,,,,0.4900,0.4900,0.5000,0.4800,0.5000,0.5300,0.5300,0.5300,0.5300,0.00,801.00
KXHIGHLAX-25JUL02-B70.5,1751422740,2025-07-02T02:19:00+00:00,1,0.5300,0.5300,0.5300,0.5300,0.5300,0.4900,0.5000,0.5000,0.4700,0.4800,0.5300,0.5500,0.5300,0.5400,7.00,801.00
KXHIGHLAX-25JUL02-B70.5,1751422800,2025-07-02T02:20:00+00:00,1,,,,,,0.5300,0.4800,0.4800,0.4800,0.4800,0.5400,0.5400,0.5300,0.5300,0.00,801.00
KXHIGHLAX-25JUL02-B70.5,1751422860,2025-07-02T02:21:00+00:00,1,,,,,,0.5300,0.4800,0.4800,0.4800,0.4800,0.5300,0.5400,0.5300,0.5300,0.00,801.00
KXHIGHLAX-25JUL02-B70.5,1751422920,2025-07-02T02:22:00+00:00,1,,,,,,0.5300,0.4800,0.4800,0.4700,0.4700,0.5300,0.5400,0.5300,0.5400,0.00,801.00
KXHIGHLAX-25JUL02-B70.5,1751422980,2025-07-02T02:23:00+00:00,1,,,,,,0.5300,0.4700,0.4700,0.4700,0.4700,0.5400,0.5400,0.5400,0.5400,0.00,801.00
KXHIGHLAX-25JUL02-B70.5,1751423160,2025-07-02T02:26:00+00:00,1,,,,,,0.5300,0.4700,0.4900,0.4700,0.4800,0.5400,0.5400,0.5300,0.5300,0.00,801.00
KXHIGHLAX-25JUL02-B70.5,1751423220,2025-07-02T02:27:00+00:00,1,,,,,,0.5300,0.4800,0.4800,0.4800,0.4800,0.5300,0.5300,0.5300,0.5300,0.00,801.00
KXHIGHLAX-25JUL02-B70.5,1751423280,2025-07-02T02:28:00+00:00,1,,,,,,0.5300,0.4800,0.4800,0.4700,0.4800,0.5300,0.5400,0.5300,0.5300,0.00,801.00
KXHIGHLAX-25JUL02-B70.5,1751423340,2025-07-02T02:29:00+00:00,1,,,,,,0.5300,0.4800,0.4800,0.4800,0.4800,0.5300,0.5300,0.5300,0.5300,0.00,801.00
KXHIGHLAX-25JUL02-B70.5,1751423460,2025-07-02T02:31:00+00:00,1,,,,,,0.5300,0.4800,0.4800,0.4800,0.4800,0.5300,0.5300,0.5300,0.5300,0.00,801.00
KXHIGHLAX-25JUL02-B70.5,1751423520,2025-07-02T02:32:00+00:00,1,,,,,,0.5300,0.4800,0.4900,0.4800,0.4900,0.5300,0.5300,0.5300,0.5300,0.00,801.00
KXHIGHLAX-25JUL02-B70.5,1751423640,2025-07-02T02:34:00+00:00,1,0.5300,0.5300,0.5300,0.5300,0.5300,0.5300,0.4900,0.4900,0.4900,0.4900,0.5300,0.5400,0.5300,0.5300,36.00,829.00
KXHIGHLAX-25JUL02-B70.5,1751423700,2025-07-02T02:35:00+00:00,1,,,,,,0.5300,0.4900,0.4900,0.4900,0.4900,0.5300,0.5300,0.5300,0.5300,0.00,829.00
KXHIGHLAX-25JUL02-B70.5,1751423760,2025-07-02T02:36:00+00:00,1,,,,,,0.5300,0.4900,0.4900,0.4800,0.4800,0.5300,0.5300,0.5300,0.5300,0.00,829.00
KXHIGHLAX-25JUL02-B70.5,1751423820,2025-07-02T02:37:00+00:00,1,,,,,,0.5300,0.4800,0.4900,0.4800,0.4900,0.5300,0.5300,0.5300,0.5300,0.00,829.00
KXHIGHLAX-25JUL02-B70.5,1751423880,2025-07-02T02:38:00+00:00,1,,,,,,0.5300,0.4900,0.4900,0.4800,0.4900,0.5300,0.5300,0.5300,0.5300,0.00,829.00
KXHIGHLAX-25JUL02-B70.5,1751423940,2025-07-02T02:39:00+00:00,1,0.4900,0.4900,0.4900,0.4900,0.4900,0.5300,0.4900,0.4900,0.4900,0.4900,0.5300,0.5300,0.5300,0.5300,3.00,829.00
KXHIGHLAX-25JUL02-B70.5,1751424000,2025-07-02T02:40:00+00:00,1,,,,,,0.4900,0.4900,0.4900,0.4900,0.4900,0.5300,0.5300,0.5300,0.5300,0.00,829.00
KXHIGHLAX-25JUL02-B70.5,1751424060,2025-07-02T02:41:00+00:00,1,,,,,,0.4900,0.4900,0.4900,0.4900,0.4900,0.5300,0.5300,0.5300,0.5300,0.00,829.00
KXHIGHLAX-25JUL02-B70.5,1751424180,2025-07-02T02:43:00+00:00,1,,,,,,0.4900,0.4900,0.4900,0.4800,0.4800,0.5300,0.5300,0.5300,0.5300,0.00,829.00
KXHIGHLAX-25JUL02-B70.5,1751424240,2025-07-02T02:44:00+00:00,1,,,,,,0.4900,0.4800,0.4900,0.4800,0.4800,0.5300,0.5300,0.5300,0.5300,0.00,829.00
KXHIGHLAX-25JUL02-B70.5,1751424300,2025-07-02T02:45:00+00:00,1,,,,,,0.4900,0.4800,0.4900,0.4800,0.4900,0.5300,0.5300,0.5300,0.5300,0.00,829.00
KXHIGHLAX-25JUL02-B70.5,1751424420,2025-07-02T02:47:00+00:00,1,,,,,,0.4900,0.4900,0.4900,0.4800,0.4900,0.5300,0.5400,0.5300,0.5300,0.00,829.00
KXHIGHLAX-25JUL02-B70.5,1751424480,2025-07-02T02:48:00+00:00,1,,,,,,0.4900,0.4900,0.4900,0.4800,0.4800,0.5300,0.5300,0.5300,0.5300,0.00,829.00
KXHIGHLAX-25JUL02-B70.5,1751424540,2025-07-02T02:49:00+00:00,1,0.5300,0.5300,0.5300,0.5300,0.5300,0.4900,0.4800,0.4900,0.4800,0.4900,0.5300,0.5400,0.5300,0.5400,45.00,874.00
KXHIGHLAX-25JUL02-B70.5,1751424600,2025-07-02T02:50:00+00:00,1,,,,,,0.5300,0.4900,0.4900,0.4900,0.4900,0.5400,0.5400,0.5400,0.5400,0.00,874.00
KXHIGHLAX-25JUL02-B70.5,1751424720,2025-07-02T02:52:00+00:00,1,,,,,,0.5300,0.4900,0.4900,0.4900,0.4900,0.5400,0.5400,0.5400,0.5400,0.00,874.00
KXHIGHLAX-25JUL02-B70.5,1751424840,2025-07-02T02:54:00+00:00,1,,,,,,0.5300,0.4900,0.4900,0.4900,0.4900,0.5400,0.5400,0.5400,0.5400,0.00,874.00
KXHIGHLAX-25JUL02-B70.5,1751424900,2025-07-02T02:55:00+00:00,1,,,,,,0.5300,0.4900,0.4900,0.4900,0.4900,0.5400,0.5500,0.5400,0.5400,0.00,874.00
KXHIGHLAX-25JUL02-B70.5,1751424960,2025-07-02T02:56:00+00:00,1,,,,,,0.5300,0.4900,0.4900,0.4800,0.4900,0.5400,0.5400,0.5400,0.5400,0.00,874.00
KXHIGHLAX-25JUL02-B70.5,1751425020,2025-07-02T02:57:00+00:00,1,,,,,,0.5300,0.4900,0.4900,0.4800,0.4800,0.5400,0.5500,0.5300,0.5300,0.00,874.00
KXHIGHLAX-25JUL02-B70.5,1751425080,2025-07-02T02:58:00+00:00,1,,,,,,0.5300,0.4800,0.4800,0.4800,0.4800,0.5300,0.5500,0.5300,0.5400,0.00,874.00
KXHIGHLAX-25JUL02-B70.5,1751425140,2025-07-02T02:59:00+00:00,1,,,,,,0.5300,0.4800,0.4800,0.4800,0.4800,0.5400,0.5400,0.5400,0.5400,0.00,874.00
KXHIGHLAX-25JUL02-B70.5,1751425260,2025-07-02T03:01:00+00:00,1,,,,,,0.5300,0.4800,0.4800,0.4800,0.4800,0.5400,0.5500,0.5300,0.5400,0.00,874.00
KXHIGHLAX-25JUL02-B70.5,1751425320,2025-07-02T03:02:00+00:00,1,,,,,,0.5300,0.4800,0.4800,0.4800,0.4800,0.5400,0.5400,0.5400,0.5400,0.00,874.00
KXHIGHLAX-25JUL02-B70.5,1751425380,2025-07-02T03:03:00+00:00,1,,,,,,0.5300,0.4800,0.4800,0.4800,0.4800,0.5400,0.5400,0.5400,0.5400,0.00,874.00
KXHIGHLAX-25JUL02-B70.5,1751425440,2025-07-02T03:04:00+00:00,1,,,,,,0.5300,0.4800,0.4800,0.4800,0.4800,0.5400,0.5500,0.5300,0.5300,0.00,874.00
KXHIGHLAX-25JUL02-B70.5,1751425500,2025-07-02T03:05:00+00:00,1,,,,,,0.5300,0.4800,0.4800,0.4700,0.4700,0.5300,0.5500,0.5200,0.5200,0.00,874.00
KXHIGHLAX-25JUL02-B70.5,1751425560,2025-07-02T03:06:00+00:00,1,,,,,,0.5300,0.4700,0.4700,0.4700,0.4700,0.5200,0.5200,0.5200,0.5200,0.00,874.00
KXHIGHLAX-25JUL02-B70.5,1751425620,2025-07-02T03:07:00+00:00,1,,,,,,0.5300,0.4700,0.4800,0.4700,0.4800,0.5200,0.5500,0.5200,0.5300,0.00,874.00
KXHIGHLAX-25JUL02-B70.5,1751425680,2025-07-02T03:08:00+00:00,1,,,,,,0.5300,0.4800,0.4800,0.4700,0.4800,0.5300,0.5300,0.5300,0.5300,0.00,874.00
KXHIGHLAX-25JUL02-B70.5,1751425740,2025-07-02T03:09:00+00:00,1,,,,,,0.5300,0.4800,0.4800,0.4800,0.4800,0.5300,0.5300,0.5300,0.5300,0.00,874.00
KXHIGHLAX-25JUL02-B70.5,1751425800,2025-07-02T03:10:00+00:00,1,,,,,,0.5300,0.4800,0.4800,0.4800,0.4800,0.5300,0.5300,0.5300,0.5300,0.00,874.00
KXHIGHLAX-25JUL02-B70.5,1751425860,2025-07-02T03:11:00+00:00,1,,,,,,0.5300,0.4800,0.4800,0.4700,0.4700,0.5300,0.5500,0.5000,0.5000,0.00,874.00
KXHIGHLAX-25JUL02-B70.5,1751425920,2025-07-02T03:12:00+00:00,1,,,,,,0.5300,0.4700,0.4700,0.4700,0.4700,0.5000,0.5000,0.5000,0.5000,0.00,874.00
KXHIGHLAX-25JUL02-B70.5,1751425980,2025-07-02T03:13:00+00:00,1,,,,,,0.5300,0.4700,0.4700,0.4700,0.4700,0.5000,0.5400,0.5000,0.5100,0.00,874.00
KXHIGHLAX-25JUL02-B70.5,1751426040,2025-07-02T03:14:00+00:00,1,,,,,,0.5300,0.4700,0.4700,0.4700,0.4700,0.5100,0.5100,0.5100,0.5100,0.00,874.00
KXHIGHLAX-25JUL02-B70.5,1751426100,2025-07-02T03:15:00+00:00,1,,,,,,0.5300,0.4700,0.4700,0.4700,0.4700,0.5100,0.5100,0.5100,0.5100,0.00,874.00
KXHIGHLAX-25JUL02-B70.5,1751426160,2025-07-02T03:16:00+00:00,1,,,,,,0.5300,0.4700,0.4700,0.4700,0.4700,0.5100,0.5100,0.5100,0.5100,0.00,874.00
KXHIGHLAX-25JUL02-B70.5,1751426220,2025-07-02T03:17:00+00:00,1,,,,,,0.5300,0.4700,0.4700,0.4700,0.4700,0.5100,0.5100,0.5100,0.5100,0.00,874.00
KXHIGHLAX-25JUL02-B70.5,1751426340,2025-07-02T03:19:00+00:00,1,,,,,,0.5300,0.4700,0.4700,0.4700,0.4700,0.5100,0.5300,0.5100,0.5100,0.00,874.00
KXHIGHLAX-25JUL02-B70.5,1751426460,2025-07-02T03:21:00+00:00,1,,,,,,0.5300,0.4700,0.4700,0.4700,0.4700,0.5100,0.5100,0.5100,0.5100,0.00,874.00
KXHIGHLAX-25JUL02-B70.5,1751426580,2025-07-02T03:23:00+00:00,1,,,,,,0.5300,0.4700,0.4800,0.4700,0.4700,0.5100,0.5500,0.5100,0.5200,0.00,874.00
KXHIGHLAX-25JUL02-B70.5,1751426640,2025-07-02T03:24:00+00:00,1,,,,,,0.5300,0.4700,0.4700,0.4700,0.4700,0.5200,0.5200,0.5200,0.5200,0.00,874.00
KXHIGHLAX-25JUL02-B70.5,1751426700,2025-07-02T03:25:00+00:00,1,,,,,,0.5300,0.4700,0.4700,0.4700,0.4700,0.5200,0.5500,0.5100,0.5100,0.00,874.00
KXHIGHLAX-25JUL02-B70.5,1751426760,2025-07-02T03:26:00+00:00,1,,,,,,0.5300,0.4700,0.4700,0.4700,0.4700,0.5100,0.5100,0.5100,0.5100,0.00,874.00
KXHIGHLAX-25JUL02-B70.5,1751426820,2025-07-02T03:27:00+00:00,1,,,,,,0.5300,0.4700,0.4700,0.4700,0.4700,0.5100,0.5100,0.5100,0.5100,0.00,874.00
KXHIGHLAX-25JUL02-B70.5,1751427060,2025-07-02T03:31:00+00:00,1,,,,,,0.5300,0.4700,0.4700,0.4700,0.4700,0.5100,0.5500,0.5100,0.5200,0.00,874.00
KXHIGHLAX-25JUL02-B70.5,1751427120,2025-07-02T03:32:00+00:00,1,,,,,,0.5300,0.4700,0.4700,0.4700,0.4700,0.5200,0.5200,0.5200,0.5200,0.00,874.00
KXHIGHLAX-25JUL02-B70.5,1751427180,2025-07-02T03:33:00+00:00,1,,,,,,0.5300,0.4700,0.4700,0.4700,0.4700,0.5200,0.5200,0.5200,0.5200,0.00,874.00
KXHIGHLAX-25JUL02-B70.5,1751427240,2025-07-02T03:34:00+00:00,1,,,,,,0.5300,0.4700,0.4700,0.4700,0.4700,0.5200,0.5200,0.5200,0.5200,0.00,874.00
KXHIGHLAX-25JUL02-B70.5,1751427480,2025-07-02T03:38:00+00:00,1,,,,,,0.5300,0.4700,0.4700,0.4700,0.4700,0.5200,0.5200,0.5000,0.5000,0.00,874.00
KXHIGHLAX-25JUL02-B70.5,1751427540,2025-07-02T03:39:00+00:00,1,,,,,,0.5300,0.4700,0.4700,0.4700,0.4700,0.5000,0.5000,0.5000,0.5000,0.00,874.00
KXHIGHLAX-25JUL02-B70.5,1751427600,2025-07-02T03:40:00+00:00,1,,,,,,0.5300,0.4700,0.4700,0.4700,0.4700,0.5000,0.5100,0.5000,0.5100,0.00,874.00
KXHIGHLAX-25JUL02-B70.5,1751427660,2025-07-02T03:41:00+00:00,1,,,,,,0.5300,0.4700,0.4700,0.4700,0.4700,0.5100,0.5100,0.5100,0.5100,0.00,874.00
KXHIGHLAX-25JUL02-B70.5,1751427780,2025-07-02T03:43:00+00:00,1,,,,,,0.5300,0.4700,0.4700,0.4700,0.4700,0.5100,0.5100,0.5100,0.5100,0.00,874.00
KXHIGHLAX-25JUL02-B70.5,1751428020,2025-07-02T03:47:00+00:00,1,,,,,,0.5300,0.4700,0.4700,0.4700,0.4700,0.5100,0.5100,0.5100,0.5100,0.00,874.00
KXHIGHLAX-25JUL02-B70.5,1751428320,2025-07-02T03:52:00+00:00,1,,,,,,0.5300,0.4700,0.4700,0.4700,0.4700,0.5100,0.5100,0.5100,0.5100,0.00,874.00
KXHIGHLAX-25JUL02-B70.5,1751428440,2025-07-02T03:54:00+00:00,1,,,,,,0.5300,0.4700,0.4700,0.4700,0.4700,0.5100,0.5100,0.5100,0.5100,0.00,874.00
KXHIGHLAX-25JUL02-B70.5,1751428500,2025-07-02T03:55:00+00:00,1,,,,,,0.5300,0.4700,0.4700,0.4700,0.4700,0.5100,0.5100,0.5100,0.5100,0.00,874.00
KXHIGHLAX-25JUL02-B70.5,1751428560,2025-07-02T03:56:00+00:00,1,,,,,,0.5300,0.4700,0.4700,0.4700,0.4700,0.5100,0.5100,0.5100,0.5100,0.00,874.00
KXHIGHLAX-25JUL02-B70.5,1751428620,2025-07-02T03:57:00+00:00,1,,,,,,0.5300,0.4700,0.4700,0.4700,0.4700,0.5100,0.5100,0.5100,0.5100,0.00,874.00
KXHIGHLAX-25JUL02-B70.5,1751428680,2025-07-02T03:58:00+00:00,1,,,,,,0.5300,0.4700,0.4700,0.4700,0.4700,0.5100,0.5100,0.5100,0.5100,0.00,874.00
KXHIGHLAX-25JUL02-B70.5,1751428740,2025-07-02T03:59:00+00:00,1,,,,,,0.5300,0.4700,0.4700,0.4700,0.4700,0.5100,0.5100,0.5100,0.5100,0.00,874.00
KXHIGHLAX-25JUL02-B70.5,1751428800,2025-07-02T04:00:00+00:00,1,,,,,,0.5300,0.4700,0.4900,0.4700,0.4900,0.5100,0.5100,0.5100,0.5100,0.00,874.00
KXHIGHLAX-25JUL02-B70.5,1751428860,2025-07-02T04:01:00+00:00,1,,,,,,0.5300,0.4900,0.4900,0.4900,0.4900,0.5100,0.5100,0.5100,0.5100,0.00,874.00
KXHIGHLAX-25JUL02-B70.5,1751429100,2025-07-02T04:05:00+00:00,1,,,,,,0.5300,0.4900,0.4900,0.4900,0.4900,0.5100,0.5100,0.5100,0.5100,0.00,874.00
KXHIGHLAX-25JUL02-B70.5,1751429220,2025-07-02T04:07:00+00:00,1,,,,,,0.5300,0.4900,0.4900,0.4900,0.4900,0.5100,0.5200,0.5100,0.5100,0.00,874.00
KXHIGHLAX-25JUL02-B70.5,1751429280,2025-07-02T04:08:00+00:00,1,,,,,,0.5300,0.4900,0.4900,0.4900,0.4900,0.5100,0.5100,0.5100,0.5100,0.00,874.00
KXHIGHLAX-25JUL02-B70.5,1751429340,2025-07-02T04:09:00+00:00,1,0.4900,0.4900,0.4700,0.4700,0.4814,0.5300,0.4900,0.4900,0.4700,0.4700,0.5100,0.5100,0.4900,0.5100,36.00,889.00
KXHIGHLAX-25JUL02-B70.5,1751429400,2025-07-02T04:10:00+00:00,1,,,,,,0.4700,0.4700,0.4700,0.4700,0.4700,0.5100,0.5100,0.5100,0.5100,0.00,889.00
KXHIGHLAX-25JUL02-B70.5,1751429460,2025-07-02T04:11:00+00:00,1,,,,,,0.4700,0.4700,0.4700,0.4700,0.4700,0.5100,0.5100,0.5100,0.5100,0.00,889.00
KXHIGHLAX-25JUL02-B70.5,1751429700,2025-07-02T04:15:00+00:00,1,,,,,,0.4700,0.4700,0.4700,0.4700,0.4700,0.5100,0.5100,0.5100,0.5100,0.00,889.00
KXHIGHLAX-25JUL02-B70.5,1751429760,2025-07-02T04:16:00+00:00,1,,,,,,0.4700,0.4700,0.4700,0.4700,0.4700,0.5100,0.5100,0.5100,0.5100,0.00,889.00
KXHIGHLAX-25JUL02-B70.5,1751429820,2025-07-02T04:17:00+00:00,1,,,,,,0.4700,0.4700,0.4700,0.4700,0.4700,0.5100,0.5100,0.5100,0.5100,0.00,889.00
KXHIGHLAX-25JUL02-B70.5,1751429940,2025-07-02T04:19:00+00:00,1,,,,,,0.4700,0.4700,0.4700,0.4700,0.4700,0.5100,0.5300,0.5100,0.5100,0.00,889.00
KXHIGHLAX-25JUL02-B70.5,1751430300,2025-07-02T04:25:00+00:00,1,,,,,,0.4700,0.4700,0.4700,0.4700,0.4700,0.5100,0.5100,0.5100,0.5100,0.00,889.00
KXHIGHLAX-25JUL02-B70.5,1751430360,2025-07-02T04:26:00+00:00,1,,,,,,0.4700,0.4700,0.4800,0.4700,0.4800,0.5100,0.5100,0.5100,0.5100,0.00,889.00
KXHIGHLAX-25JUL02-B70.5,1751430420,2025-07-02T04:27:00+00:00,1,0.5100,0.5700,0.5100,0.5700,0.5398,0.4700,0.4800,0.5000,0.4800,0.5000,0.5100,0.5700,0.5100,0.5600,555.00,1444.00
KXHIGHLAX-25JUL02-B70.5,1751430480,2025-07-02T04:28:00+00:00,1,,,,,,0.5700,0.5000,0.5000,0.4900,0.4900,0.5600,0.5700,0.5500,0.5500,0.00,1444.00
KXHIGHLAX-25JUL02-B70.5,1751430660,2025-07-02T04:31:00+00:00,1,,,,,,0.5700,0.4900,0.4900,0.4900,0.4900,0.5500,0.5500,0.5500,0.5500,0.00,1444.00
KXHIGHLAX-25JUL02-B70.5,1751430720,2025-07-02T04:32:00+00:00,1,,,,,,0.5700,0.4900,0.5000,0.4900,0.4900,0.5500,0.5500,0.5500,0.5500,0.00,1444.00
KXHIGHLAX-25JUL02-B70.5,1751431020,2025-07-02T04:37:00+00:00,1,,,,,,0.5700,0.4900,0.5000,0.4900,0.5000,0.5500,0.5500,0.5500,0.5500,0.00,1444.00
KXHIGHLAX-25JUL02-B70.5,1751431080,2025-07-02T04:38:00+00:00,1,,,,,,0.5700,0.5000,0.5200,0.5000,0.5200,0.5500,0.5500,0.5500,0.5500,0.00,1444.00
KXHIGHLAX-25JUL02-B70.5,1751431140,2025-07-02T04:39:00+00:00,1,,,,,,0.5700,0.5200,0.5200,0.5100,0.5200,0.5500,0.5500,0.5500,0.5500,0.00,1444.00
KXHIGHLAX-25JUL02-B70.5,1751431200,2025-07-02T04:40:00+00:00,1,,,,,,0.5700,0.5200,0.5200,0.5100,0.5200,0.5500,0.5500,0.5500,0.5500,0.00,1444.00
KXHIGHLAX-25JUL02-B70.5,1751431260,2025-07-02T04:41:00+00:00,1,,,,,,0.5700,0.5200,0.5200,0.5100,0.5200,0.5500,0.5500,0.5500,0.5500,0.00,1444.00
KXHIGHLAX-25JUL02-B70.5,1751431320,2025-07-02T04:42:00+00:00,1,0.5500,0.5500,0.5500,0.5500,0.5500,0.5700,0.5200,0.5200,0.4900,0.5100,0.5500,0.5700,0.5500,0.5500,45.00,1489.00
KXHIGHLAX-25JUL02-B70.5,1751431380,2025-07-02T04:43:00+00:00,1,,,,,,0.5500,0.5100,0.5200,0.5100,0.5200,0.5500,0.5500,0.5500,0.5500,0.00,1489.00
KXHIGHLAX-25JUL02-B70.5,1751431440,2025-07-02T04:44:00+00:00,1,,,,,,0.5500,0.5200,0.5200,0.5100,0.5200,0.5500,0.5500,0.5500,0.5500,0.00,1489.00
KXHIGHLAX-25JUL02-B70.5,1751431500,2025-07-02T04:45:00+00:00,1,,,,,,0.5500,0.5200,0.5200,0.5100,0.5200,0.5500,0.5500,0.5500,0.5500,0.00,1489.00
KXHIGHLAX-25JUL02-B70.5,1751431560,2025-07-02T04:46:00+00:00,1,,,,,,0.5500,0.5200,0.5200,0.5100,0.5200,0.5500,0.5500,0.5500,0.5500,0.00,1489.00
KXHIGHLAX-25JUL02-B70.5,1751431620,2025-07-02T04:47:00+00:00,1,,,,,,0.5500,0.5200,0.5200,0.5100,0.5200,0.5500,0.5500,0.5500,0.5500,0.00,1489.00
KXHIGHLAX-25JUL02-B70.5,1751431680,2025-07-02T04:48:00+00:00,1,,,,,,0.5500,0.5200,0.5200,0.5100,0.5200,0.5500,0.5500,0.5500,0.5500,0.00,1489.00
KXHIGHLAX-25JUL02-B70.5,1751431740,2025-07-02T04:49:00+00:00,1,,,,,,0.5500,0.5200,0.5200,0.5100,0.5200,0.5500,0.5700,0.5500,0.5500,0.00,1489.00
KXHIGHLAX-25JUL02-B70.5,1751431800,2025-07-02T04:50:00+00:00,1,0.5200,0.5200,0.5200,0.5200,0.5200,0.5500,0.5200,0.5200,0.5100,0.5200,0.5500,0.5700,0.5500,0.5500,44.00,1533.00
KXHIGHLAX-25JUL02-B70.5,1751431860,2025-07-02T04:51:00+00:00,1,0.5200,0.5200,0.5200,0.5200,0.5200,0.5200,0.5200,0.5200,0.5100,0.5200,0.5500,0.5500,0.5500,0.5500,10.00,1543.00
KXHIGHLAX-25JUL02-B70.5,1751431920,2025-07-02T04:52:00+00:00,1,0.5200,0.5200,0.5200,0.5200,0.5200,0.5200,0.5200,0.5200,0.5100,0.5200,0.5500,0.5600,0.5500,0.5500,5.00,1548.00
KXHIGHLAX-25JUL02-B70.5,1751431980,2025-07-02T04:53:00+00:00,1,,,,,,0.5200,0.5200,0.5200,0.5100,0.5200,0.5500,0.5500,0.5500,0.5500,0.00,1548.00
KXHIGHLAX-25JUL02-B70.5,1751432040,2025-07-02T04:54:00+00:00,1,,,,,,0.5200,0.5200,0.5200,0.5100,0.5200,0.5500,0.5500,0.5500,0.5500,0.00,1548.00
KXHIGHLAX-25JUL02-B70.5,1751432100,2025-07-02T04:55:00+00:00,1,,,,,,0.5200,0.5200,0.5200,0.5100,0.5200,0.5500,0.5600,0.5500,0.5500,0.00,1548.00
KXHIGHLAX-25JUL02-B70.5,1751432160,2025-07-02T04:56:00+00:00,1,,,,,,0.5200,0.5200,0.5200,0.5100,0.5200,0.5500,0.5500,0.5500,0.5500,0.00,1548.00
KXHIGHLAX-25JUL02-B70.5,1751432220,2025-07-02T04:57:00+00:00,1,,,,,,0.5200,0.5200,0.5200,0.5100,0.5200,0.5500,0.5500,0.5500,0.5500,0.00,1548.00
KXHIGHLAX-25JUL02-B70.5,1751432280,2025-07-02T04:58:00+00:00,1,,,,,,0.5200,0.5200,0.5200,0.5100,0.5200,0.5500,0.5600,0.5500,0.5500,0.00,1548.00
KXHIGHLAX-25JUL02-B70.5,1751432340,2025-07-02T04:59:00+00:00,1,,,,,,0.5200,0.5200,0.5200,0.5100,0.5200,0.5500,0.5500,0.5500,0.5500,0.00,1548.00
KXHIGHLAX-25JUL02-B70.5,1751432400,2025-07-02T05:00:00+00:00,1,,,,,,0.5200,0.5200,0.5200,0.5100,0.5200,0.5500,0.5500,0.5500,0.5500,0.00,1548.00
KXHIGHLAX-25JUL02-B70.5,1751432460,2025-07-02T05:01:00+00:00,1,,,,,,0.5200,0.5200,0.5200,0.5100,0.5200,0.5500,0.5500,0.5500,0.5500,0.00,1548.00
KXHIGHLAX-25JUL02-B70.5,1751432520,2025-07-02T05:02:00+00:00,1,,,,,,0.5200,0.5200,0.5200,0.5100,0.5200,0.5500,0.5500,0.5500,0.5500,0.00,1548.00
KXHIGHLAX-25JUL02-B70.5,1751432580,2025-07-02T05:03:00+00:00,1,,,,,,0.5200,0.5200,0.5200,0.4900,0.5200,0.5500,0.5500,0.5500,0.5500,0.00,1548.00
KXHIGHLAX-25JUL02-B70.5,1751432640,2025-07-02T05:04:00+00:00,1,,,,,,0.5200,0.5200,0.5200,0.5100,0.5200,0.5500,0.5600,0.5500,0.5500,0.00,1548.00
KXHIGHLAX-25JUL02-B70.5,1751432700,2025-07-02T05:05:00+00:00,1,,,,,,0.5200,0.5200,0.5200,0.5100,0.5200,0.5500,0.5500,0.5500,0.5500,0.00,1548.00
KXHIGHLAX-25JUL02-B70.5,1751432760,2025-07-02T05:06:00+00:00,1,,,,,,0.5200,0.5200,0.5200,0.5100,0.5200,0.5500,0.5500,0.5500,0.5500,0.00,1548.00
KXHIGHLAX-25JUL02-B70.5,1751432820,2025-07-02T05:07:00+00:00,1,,,,,,0.5200,0.5200,0.5200,0.5100,0.5200,0.5500,0.5600,0.5500,0.5500,0.00,1548.00
KXHIGHLAX-25JUL02-B70.5,1751432880,2025-07-02T05:08:00+00:00,1,,,,,,0.5200,0.5200,0.5200,0.5100,0.5200,0.5500,0.5500,0.5500,0.5500,0.00,1548.00
KXHIGHLAX-25JUL02-B70.5,1751432940,2025-07-02T05:09:00+00:00,1,,,,,,0.5200,0.5200,0.5200,0.5100,0.5200,0.5500,0.5500,0.5500,0.5500,0.00,1548.00
KXHIGHLAX-25JUL02-B70.5,1751433000,2025-07-02T05:10:00+00:00,1,,,,,,0.5200,0.5200,0.5200,0.5100,0.5200,0.5500,0.5500,0.5500,0.5500,0.00,1548.00
KXHIGHLAX-25JUL02-B70.5,1751433060,2025-07-02T05:11:00+00:00,1,,,,,,0.5200,0.5200,0.5200,0.5100,0.5200,0.5500,0.5500,0.5500,0.5500,0.00,1548.00
KXHIGHLAX-25JUL02-B70.5,1751433120,2025-07-02T05:12:00+00:00,1,,,,,,0.5200,0.5200,0.5200,0.5100,0.5200,0.5500,0.5500,0.5500,0.5500,0.00,1548.00
KXHIGHLAX-25JUL02-B70.5,1751433180,2025-07-02T05:13:00+00:00,1,,,,,,0.5200,0.5200,0.5200,0.5100,0.5200,0.5500,0.5600,0.5500,0.5500,0.00,1548.00
KXHIGHLAX-25JUL02-B70.5,1751433240,2025-07-02T05:14:00+00:00,1,,,,,,0.5200,0.5200,0.5200,0.5100,0.5200,0.5500,0.5500,0.5500,0.5500,0.00,1548.00
KXHIGHLAX-25JUL02-B70.5,1751433300,2025-07-02T05:15:00+00:00,1,,,,,,0.5200,0.5200,0.5200,0.5100,0.5200,0.5500,0.5500,0.5500,0.5500,0.00,1548.00
KXHIGHLAX-25JUL02-B70.5,1751433360,2025-07-02T05:16:00+00:00,1,,,,,,0.5200,0.5200,0.5200,0.5100,0.5200,0.5500,0.5500,0.5500,0.5500,0.00,1548.00
KXHIGHLAX-25JUL02-B70.5,1751433420,2025-07-02T05:17:00+00:00,1,,,,,,0.5200,0.5200,0.5200,0.5100,0.5200,0.5500,0.5500,0.5500,0.5500,0.00,1548.00
KXHIGHLAX-25JUL02-B70.5,1751433480,2025-07-02T05:18:00+00:00,1,,,,,,0.5200,0.5200,0.5200,0.5100,0.5200,0.5500,0.5500,0.5500,0.5500,0.00,1548.00
KXHIGHLAX-25JUL02-B70.5,1751433540,2025-07-02T05:19:00+00:00,1,,,,,,0.5200,0.5200,0.5200,0.5100,0.5200,0.5500,0.5600,0.5500,0.5500,0.00,1548.00
KXHIGHLAX-25JUL02-B70.5,1751433600,2025-07-02T05:20:00+00:00,1,,,,,,0.5200,0.5200,0.5200,0.5100,0.5200,0.5500,0.5500,0.5500,0.5500,0.00,1548.00
KXHIGHLAX-25JUL02-B70.5,1751433660,2025-07-02T05:21:00+00:00,1,,,,,,0.5200,0.5200,0.5200,0.5100,0.5200,0.5500,0.5500,0.5500,0.5500,0.00,1548.00
KXHIGHLAX-25JUL02-B70.5,1751433720,2025-07-02T05:22:00+00:00,1,,,,,,0.5200,0.5200,0.5200,0.5100,0.5200,0.5500,0.5500,0.5500,0.5500,0.00,1548.00
KXHIGHLAX-25JUL02-B70.5,1751433780,2025-07-02T05:23:00+00:00,1,,,,,,0.5200,0.5200,0.5200,0.5100,0.5200,0.5500,0.5500,0.5500,0.5500,0.00,1548.00
KXHIGHLAX-25JUL02-B70.5,1751433840,2025-07-02T05:24:00+00:00,1,0.5500,0.5500,0.5500,0.5500,0.5500,0.5200,0.5200,0.5200,0.5100,0.5200,0.5500,0.5500,0.5500,0.5500,1.00,1549.00
KXHIGHLAX-25JUL02-B70.5,1751433900,2025-07-02T05:25:00+00:00,1,,,,,,0.5500,0.5200,0.5200,0.5100,0.5200,0.5500,0.5500,0.5500,0.5500,0.00,1549.00
KXHIGHLAX-25JUL02-B70.5,1751433960,2025-07-02T05:26:00+00:00,1,,,,,,0.5500,0.5200,0.5200,0.5100,0.5200,0.5500,0.5500,0.5500,0.5500,0.00,1549.00
KXHIGHLAX-25JUL02-B70.5,1751434020,2025-07-02T05:27:00+00:00,1,,,,,,0.5500,0.5200,0.5200,0.5100,0.5200,0.5500,0.5600,0.5500,0.5500,0.00,1549.00
KXHIGHLAX-25JUL02-B70.5,1751434080,2025-07-02T05:28:00+00:00,1,,,,,,0.5500,0.5200,0.5200,0.5100,0.5200,0.5500,0.5600,0.5500,0.5500,0.00,1549.00
KXHIGHLAX-25JUL02-B70.5,1751434140,2025-07-02T05:29:00+00:00,1,,,,,,0.5500,0.5200,0.5200,0.5100,0.5200,0.5500,0.5500,0.5500,0.5500,0.00,1549.00
KXHIGHLAX-25JUL02-B70.5,1751434200,2025-07-02T05:30:00+00:00,1,,,,,,0.5500,0.5200,0.5200,0.5100,0.5200,0.5500,0.5500,0.5500,0.5500,0.00,1549.00
KXHIGHLAX-25JUL02-B70.5,1751434260,2025-07-02T05:31:00+00:00,1,,,,,,0.5500,0.5200,0.5200,0.5100,0.5200,0.5500,0.5600,0.5500,0.5500,0.00,1549.00
KXHIGHLAX-25JUL02-B70.5,1751434320,2025-07-02T05:32:00+00:00,1,,,,,,0.5500,0.5200,0.5200,0.5200,0.5200,0.5500,0.5600,0.5500,0.5500,0.00,1549.00
KXHIGHLAX-25JUL02-B70.5,1751434380,2025-07-02T05:33:00+00:00,1,,,,,,0.5500,0.5200,0.5200,0.5100,0.5200,0.5500,0.5500,0.5500,0.5500,0.00,1549.00
KXHIGHLAX-25JUL02-B70.5,1751434440,2025-07-02T05:34:00+00:00,1,,,,,,0.5500,0.5200,0.5200,0.5100,0.5200,0.5500,0.5600,0.5500,0.5500,0.00,1549.00
KXHIGHLAX-25JUL02-B70.5,1751434500,2025-07-02T05:35:00+00:00,1,,,,,,0.5500,0.5200,0.5200,0.5100,0.5200,0.5500,0.5500,0.5500,0.5500,0.00,1549.00
KXHIGHLAX-25JUL02-B70.5,1751434560,2025-07-02T05:36:00+00:00,1,,,,,,0.5500,0.5200,0.5200,0.5100,0.5200,0.5500,0.5500,0.5500,0.5500,0.00,1549.00
KXHIGHLAX-25JUL02-B70.5,1751434620,2025-07-02T05:37:00+00:00,1,,,,,,0.5500,0.5200,0.5200,0.5100,0.5200,0.5500,0.5500,0.5500,0.5500,0.00,1549.00
KXHIGHLAX-25JUL02-B70.5,1751434680,2025-07-02T05:38:00+00:00,1,,,,,,0.5500,0.5200,0.5200,0.5100,0.5200,0.5500,0.5500,0.5500,0.5500,0.00,1549.00
KXHIGHLAX-25JUL02-B70.5,1751434740,2025-07-02T05:39:00+00:00,1,,,,,,0.5500,0.5200,0.5200,0.5100,0.5200,0.5500,0.5500,0.5500,0.5500,0.00,1549.00
KXHIGHLAX-25JUL02-B70.5,1751434800,2025-07-02T05:40:00+00:00,1,,,,,,0.5500,0.5200,0.5200,0.5100,0.5200,0.5500,0.5500,0.5500,0.5500,0.00,1549.00
KXHIGHLAX-25JUL02-B70.5,1751434860,2025-07-02T05:41:00+00:00,1,,,,,,0.5500,0.5200,0.5200,0.5100,0.5200,0.5500,0.5500,0.5500,0.5500,0.00,1549.00
KXHIGHLAX-25JUL02-B70.5,1751434920,2025-07-02T05:42:00+00:00,1,,,,,,0.5500,0.5200,0.5200,0.5100,0.5200,0.5500,0.5500,0.5500,0.5500,0.00,1549.00
KXHIGHLAX-25JUL02-B70.5,1751434980,2025-07-02T05:43:00+00:00,1,,,,,,0.5500,0.5200,0.5200,0.5100,0.5200,0.5500,0.5600,0.5500,0.5500,0.00,1549.00
KXHIGHLAX-25JUL02-B70.5,1751435040,2025-07-02T05:44:00+00:00,1,,,,,,0.5500,0.5200,0.5200,0.5100,0.5200,0.5500,0.5500,0.5500,0.5500,0.00,1549.00
KXHIGHLAX-25JUL02-B70.5,1751435100,2025-07-02T05:45:00+00:00,1,,,,,,0.5500,0.5200,0.5200,0.5100,0.5200,0.5500,0.5500,0.5500,0.5500,0.00,1549.00
KXHIGHLAX-25JUL02-B70.5,1751435160,2025-07-02T05:46:00+00:00,1,,,,,,0.5500,0.5200,0.5200,0.5100,0.5200,0.5500,0.5500,0.5500,0.5500,0.00,1549.00
KXHIGHLAX-25JUL02-B70.5,1751435220,2025-07-02T05:47:00+00:00,1,,,,,,0.5500,0.5200,0.5200,0.5100,0.5200,0.5500,0.5500,0.5500,0.5500,0.00,1549.00
KXHIGHLAX-25JUL02-B70.5,1751435280,2025-07-02T05:48:00+00:00,1,,,,,,0.5500,0.5200,0.5200,0.5100,0.5200,0.5500,0.5500,0.5500,0.5500,0.00,1549.00
KXHIGHLAX-25JUL02-B70.5,1751435340,2025-07-02T05:49:00+00:00,1,,,,,,0.5500,0.5200,0.5200,0.5100,0.5200,0.5500,0.5500,0.5500,0.5500,0.00,1549.00
KXHIGHLAX-25JUL02-B70.5,1751435400,2025-07-02T05:50:00+00:00,1,,,,,,0.5500,0.5200,0.5200,0.5100,0.5200,0.5500,0.5500,0.5500,0.5500,0.00,1549.00
KXHIGHLAX-25JUL02-B70.5,1751435460,2025-07-02T05:51:00+00:00,1,,,,,,0.5500,0.5200,0.5200,0.5100,0.5200,0.5500,0.5500,0.5500,0.5500,0.00,1549.00
KXHIGHLAX-25JUL02-B70.5,1751435520,2025-07-02T05:52:00+00:00,1,,,,,,0.5500,0.5200,0.5200,0.5100,0.5200,0.5500,0.5500,0.5500,0.5500,0.00,1549.00
KXHIGHLAX-25JUL02-B70.5,1751435580,2025-07-02T05:53:00+00:00,1,,,,,,0.5500,0.5200,0.5200,0.5100,0.5200,0.5500,0.5500,0.5500,0.5500,0.00,1549.00
KXHIGHLAX-25JUL02-B70.5,1751435640,2025-07-02T05:54:00+00:00,1,,,,,,0.5500,0.5200,0.5200,0.5100,0.5200,0.5500,0.5500,0.5500,0.5500,0.00,1549.00
KXHIGHLAX-25JUL02-B70.5,1751435700,2025-07-02T05:55:00+00:00,1,,,,,,0.5500,0.5200,0.5200,0.5100,0.5200,0.5500,0.5600,0.5500,0.5500,0.00,1549.00
KXHIGHLAX-25JUL02-B70.5,1751435760,2025-07-02T05:56:00+00:00,1,,,,,,0.5500,0.5200,0.5200,0.5100,0.5200,0.5500,0.5500,0.5500,0.5500,0.00,1549.00
KXHIGHLAX-25JUL02-B70.5,1751435820,2025-07-02T05:57:00+00:00,1,,,,,,0.5500,0.5200,0.5200,0.5100,0.5200,0.5500,0.5500,0.5500,0.5500,0.00,1549.00
KXHIGHLAX-25JUL02-B70.5,1751435880,2025-07-02T05:58:00+00:00,1,,,,,,0.5500,0.5200,0.5200,0.5100,0.5200,0.5500,0.5500,0.5500,0.5500,0.00,1549.00
KXHIGHLAX-25JUL02-B70.5,1751435940,2025-07-02T05:59:00+00:00,1,,,,,,0.5500,0.5200,0.5200,0.5100,0.5200,0.5500,0.5500,0.5500,0.5500,0.00,1549.00
KXHIGHLAX-25JUL02-B70.5,1751436000,2025-07-02T06:00:00+00:00,1,,,,,,0.5500,0.5200,0.5200,0.5100,0.5200,0.5500,0.5500,0.5500,0.5500,0.00,1549.00
KXHIGHLAX-25JUL02-B70.5,1751436060,2025-07-02T06:01:00+00:00,1,,,,,,0.5500,0.5200,0.5200,0.5100,0.5200,0.5500,0.5500,0.5500,0.5500,0.00,1549.00
KXHIGHLAX-25JUL02-B70.5,1751436120,2025-07-02T06:02:00+00:00,1,,,,,,0.5500,0.5200,0.5200,0.4900,0.5200,0.5500,0.5500,0.5500,0.5500,0.00,1549.00
KXHIGHLAX-25JUL02-B70.5,1751436180,2025-07-02T06:03:00+00:00,1,,,,,,0.5500,0.5200,0.5200,0.5000,0.5100,0.5500,0.5500,0.5500,0.5500,0.00,1549.00
KXHIGHLAX-25JUL02-B70.5,1751436240,2025-07-02T06:04:00+00:00,1,,,,,,0.5500,0.5100,0.5200,0.5100,0.5200,0.5500,0.5500,0.5500,0.5500,0.00,1549.00
KXHIGHLAX-25JUL02-B70.5,1751436300,2025-07-02T06:05:00+00:00,1,,,,,,0.5500,0.5200,0.5200,0.5000,0.5200,0.5500,0.5500,0.5500,0.5500,0.00,1549.00
KXHIGHLAX-25JUL02-B70.5,1751436360,2025-07-02T06:06:00+00:00,1,,,,,,0.5500,0.5200,0.5200,0.5000,0.5100,0.5500,0.5500,0.5500,0.5500,0.00,1549.00
KXHIGHLAX-25JUL02-B70.5,1751436420,2025-07-02T06:07:00+00:00,1,,,,,,0.5500,0.5100,0.5200,0.5100,0.5200,0.5500,0.5600,0.5500,0.5500,0.00,1549.00
KXHIGHLAX-25JUL02-B70.5,1751436480,2025-07-02T06:08:00+00:00,1,,,,,,0.5500,0.5200,0.5200,0.5100,0.5200,0.5500,0.5500,0.5500,0.5500,0.00,1549.00
KXHIGHLAX-25JUL02-B70.5,1751436540,2025-07-02T06:09:00+00:00,1,,,,,,0.5500,0.5200,0.5200,0.5000,0.5100,0.5500,0.5500,0.5500,0.5500,0.00,1549.00
KXHIGHLAX-25JUL02-B70.5,1751436600,2025-07-02T06:10:00+00:00,1,,,,,,0.5500,0.5100,0.5200,0.5000,0.5200,0.5500,0.5600,0.5400,0.5500,0.00,1549.00
KXHIGHLAX-25JUL02-B70.5,1751436660,2025-07-02T06:11:00+00:00,1,0.5500,0.5700,0.5500,0.5700,0.5567,0.5500,0.5200,0.5200,0.5000,0.5100,0.5500,0.5800,0.5500,0.5600,43.00,1592.00
KXHIGHLAX-25JUL02-B70.5,1751436720,2025-07-02T06:12:00+00:00,1,,,,,,0.5700,0.5100,0.5200,0.5100,0.5200,0.5600,0.5600,0.5600,0.5600,0.00,1592.00
KXHIGHLAX-25JUL02-B70.5,1751436780,2025-07-02T06:13:00+00:00,1,,,,,,0.5700,0.5200,0.5300,0.5200,0.5300,0.5600,0.5600,0.5600,0.5600,0.00,1592.00
KXHIGHLAX-25JUL02-B70.5,1751436840,2025-07-02T06:14:00+00:00,1,,,,,,0.5700,0.5300,0.5300,0.5200,0.5300,0.5600,0.5600,0.5600,0.5600,0.00,1592.00
KXHIGHLAX-25JUL02-B70.5,1751436900,2025-07-02T06:15:00+00:00,1,,,,,,0.5700,0.5300,0.5300,0.5200,0.5300,0.5600,0.5600,0.5600,0.5600,0.00,1592.00
KXHIGHLAX-25JUL02-B70.5,1751436960,2025-07-02T06:16:00+00:00,1,,,,,,0.5700,0.5300,0.5300,0.5200,0.5300,0.5600,0.5600,0.5600,0.5600,0.00,1592.00
KXHIGHLAX-25JUL02-B70.5,1751437020,2025-07-02T06:17:00+00:00,1,,,,,,0.5700,0.5300,0.5300,0.5200,0.5300,0.5600,0.5600,0.5600,0.5600,0.00,1592.00
KXHIGHLAX-25JUL02-B70.5,1751437140,2025-07-02T06:19:00+00:00,1,,,,,,0.5700,0.5300,0.5300,0.5200,0.5300,0.5600,0.5800,0.5600,0.5600,0.00,1592.00
KXHIGHLAX-25JUL02-B70.5,1751437200,2025-07-02T06:20:00+00:00,1,,,,,,0.5700,0.5300,0.5300,0.5200,0.5300,0.5600,0.5600,0.5600,0.5600,0.00,1592.00
KXHIGHLAX-25JUL02-B70.5,1751437260,2025-07-02T06:21:00+00:00,1,,,,,,0.5700,0.5300,0.5300,0.5200,0.5300,0.5600,0.5600,0.5600,0.5600,0.00,1592.00
KXHIGHLAX-25JUL02-B70.5,1751437320,2025-07-02T06:22:00+00:00,1,,,,,,0.5700,0.5300,0.5300,0.5200,0.5300,0.5600,0.5600,0.5600,0.5600,0.00,1592.00
KXHIGHLAX-25JUL02-B70.5,1751437380,2025-07-02T06:23:00+00:00,1,,,,,,0.5700,0.5300,0.5300,0.5200,0.5300,0.5600,0.5600,0.5600,0.5600,0.00,1592.00
KXHIGHLAX-25JUL02-B70.5,1751437440,2025-07-02T06:24:00+00:00,1,,,,,,0.5700,0.5300,0.5300,0.5100,0.5200,0.5600,0.5600,0.5600,0.5600,0.00,1592.00
KXHIGHLAX-25JUL02-B70.5,1751437500,2025-07-02T06:25:00+00:00,1,,,,,,0.5700,0.5200,0.5300,0.5200,0.5300,0.5600,0.5600,0.5600,0.5600,0.00,1592.00
KXHIGHLAX-25JUL02-B70.5,1751437560,2025-07-02T06:26:00+00:00,1,,,,,,0.5700,0.5300,0.5300,0.5100,0.5200,0.5600,0.5600,0.5600,0.5600,0.00,1592.00
KXHIGHLAX-25JUL02-B70.5,1751437620,2025-07-02T06:27:00+00:00,1,,,,,,0.5700,0.5200,0.5300,0.5100,0.5200,0.5600,0.5600,0.5600,0.5600,0.00,1592.00
KXHIGHLAX-25JUL02-B70.5,1751437680,2025-07-02T06:28:00+00:00,1,,,,,,0.5700,0.5200,0.5300,0.5200,0.5300,0.5600,0.5600,0.5600,0.5600,0.00,1592.00
KXHIGHLAX-25JUL02-B70.5,1751437740,2025-07-02T06:29:00+00:00,1,,,,,,0.5700,0.5300,0.5300,0.5100,0.5200,0.5600,0.5600,0.5600,0.5600,0.00,1592.00
KXHIGHLAX-25JUL02-B70.5,1751437800,2025-07-02T06:30:00+00:00,1,,,,,,0.5700,0.5200,0.5300,0.5200,0.5300,0.5600,0.5600,0.5600,0.5600,0.00,1592.00
KXHIGHLAX-25JUL02-B70.5,1751437860,2025-07-02T06:31:00+00:00,1,,,,,,0.5700,0.5300,0.5300,0.5100,0.5200,0.5600,0.5800,0.5600,0.5600,0.00,1592.00
KXHIGHLAX-25JUL02-B70.5,1751437920,2025-07-02T06:32:00+00:00,1,,,,,,0.5700,0.5200,0.5300,0.5200,0.5300,0.5600,0.5600,0.5600,0.5600,0.00,1592.00
KXHIGHLAX-25JUL02-B70.5,1751437980,2025-07-02T06:33:00+00:00,1,,,,,,0.5700,0.5300,0.5300,0.5100,0.5200,0.5600,0.5600,0.5600,0.5600,0.00,1592.00
KXHIGHLAX-25JUL02-B70.5,1751438040,2025-07-02T06:34:00+00:00,1,,,,,,0.5700,0.5200,0.5300,0.5200,0.5300,0.5600,0.5800,0.5600,0.5600,0.00,1592.00
KXHIGHLAX-25JUL02-B70.5,1751438100,2025-07-02T06:35:00+00:00,1,,,,,,0.5700,0.5300,0.5300,0.5100,0.5200,0.5600,0.5600,0.5600,0.5600,0.00,1592.00
KXHIGHLAX-25JUL02-B70.5,1751438160,2025-07-02T06:36:00+00:00,1,,,,,,0.5700,0.5200,0.5300,0.5200,0.5300,0.5600,0.5600,0.5600,0.5600,0.00,1592.00
KXHIGHLAX-25JUL02-B70.5,1751438220,2025-07-02T06:37:00+00:00,1,,,,,,0.5700,0.5300,0.5300,0.5100,0.5200,0.5600,0.5600,0.5600,0.5600,0.00,1592.00
KXHIGHLAX-25JUL02-B70.5,1751438280,2025-07-02T06:38:00+00:00,1,,,,,,0.5700,0.5200,0.5300,0.5200,0.5300,0.5600,0.5600,0.5600,0.5600,0.00,1592.00
KXHIGHLAX-25JUL02-B70.5,1751438340,2025-07-02T06:39:00+00:00,1,,,,,,0.5700,0.5300,0.5300,0.5100,0.5200,0.5600,0.5600,0.5600,0.5600,0.00,1592.00
KXHIGHLAX-25JUL02-B70.5,1751438400,2025-07-02T06:40:00+00:00,1,,,,,,0.5700,0.5200,0.5300,0.5200,0.5300,0.5600,0.5600,0.5600,0.5600,0.00,1592.00
KXHIGHLAX-25JUL02-B70.5,1751438460,2025-07-02T06:41:00+00:00,1,,,,,,0.5700,0.5300,0.5300,0.5100,0.5200,0.5600,0.5600,0.5600,0.5600,0.00,1592.00
KXHIGHLAX-25JUL02-B70.5,1751438520,2025-07-02T06:42:00+00:00,1,,,,,,0.5700,0.5200,0.5300,0.5200,0.5300,0.5600,0.5600,0.5600,0.5600,0.00,1592.00
KXHIGHLAX-25JUL02-B70.5,1751438580,2025-07-02T06:43:00+00:00,1,,,,,,0.5700,0.5300,0.5300,0.5100,0.5200,0.5600,0.5800,0.5600,0.5600,0.00,1592.00
KXHIGHLAX-25JUL02-B70.5,1751438640,2025-07-02T06:44:00+00:00,1,,,,,,0.5700,0.5200,0.5300,0.5200,0.5300,0.5600,0.5600,0.5600,0.5600,0.00,1592.00
KXHIGHLAX-25JUL02-B70.5,1751438700,2025-07-02T06:45:00+00:00,1,,,,,,0.5700,0.5300,0.5300,0.5100,0.5200,0.5600,0.5600,0.5600,0.5600,0.00,1592.00
KXHIGHLAX-25JUL02-B70.5,1751438760,2025-07-02T06:46:00+00:00,1,,,,,,0.5700,0.5200,0.5300,0.5200,0.5300,0.5600,0.5600,0.5600,0.5600,0.00,1592.00
KXHIGHLAX-25JUL02-B70.5,1751438820,2025-07-02T06:47:00+00:00,1,,,,,,0.5700,0.5300,0.5300,0.5100,0.5200,0.5600,0.5600,0.5600,0.5600,0.00,1592.00
KXHIGHLAX-25JUL02-B70.5,1751438880,2025-07-02T06:48:00+00:00,1,,,,,,0.5700,0.5200,0.5300,0.5200,0.5300,0.5600,0.5600,0.5600,0.5600,0.00,1592.00
KXHIGHLAX-25JUL02-B70.5,1751438940,2025-07-02T06:49:00+00:00,1,0.5600,0.5600,0.5600,0.5600,0.5600,0.5700,0.5300,0.5300,0.5100,0.5200,0.5600,0.5600,0.5600,0.5600,17.00,1609.00
KXHIGHLAX-25JUL02-B70.5,1751439000,2025-07-02T06:50:00+00:00,1,,,,,,0.5600,0.5200,0.5300,0.5200,0.5300,0.5600,0.5600,0.5600,0.5600,0.00,1609.00
KXHIGHLAX-25JUL02-B70.5,1751439060,2025-07-02T06:51:00+00:00,1,,,,,,0.5600,0.5300,0.5300,0.5100,0.5200,0.5600,0.5600,0.5600,0.5600,0.00,1609.00
KXHIGHLAX-25JUL02-B70.5,1751439120,2025-07-02T06:52:00+00:00,1,,,,,,0.5600,0.5200,0.5300,0.5200,0.5300,0.5600,0.5600,0.5600,0.5600,0.00,1609.00
KXHIGHLAX-25JUL02-B70.5,1751439180,2025-07-02T06:53:00+00:00,1,,,,,,0.5600,0.5300,0.5300,0.5100,0.5200,0.5600,0.5600,0.5600,0.5600,0.00,1609.00
KXHIGHLAX-25JUL02-B70.5,1751439240,2025-07-02T06:54:00+00:00,1,,,,,,0.5600,0.5200,0.5300,0.5200,0.5300,0.5600,0.5600,0.5600,0.5600,0.00,1609.00
KXHIGHLAX-25JUL02-B70.5,1751439300,2025-07-02T06:55:00+00:00,1,,,,,,0.5600,0.5300,0.5300,0.5100,0.5200,0.5600,0.5800,0.5600,0.5600,0.00,1609.00
KXHIGHLAX-25JUL02-B70.5,1751439360,2025-07-02T06:56:00+00:00,1,,,,,,0.5600,0.5200,0.5300,0.5200,0.5300,0.5600,0.5600,0.5600,0.5600,0.00,1609.00
KXHIGHLAX-25JUL02-B70.5,1751439420,2025-07-02T06:57:00+00:00,1,0.5300,0.5300,0.5300,0.5300,0.5300,0.5600,0.5300,0.5300,0.5200,0.5300,0.5600,0.5600,0.5600,0.5600,2.00,1611.00
KXHIGHLAX-25JUL02-B70.5,1751439480,2025-07-02T06:58:00+00:00,1,,,,,,0.5300,0.5300,0.5300,0.5200,0.5300,0.5600,0.5900,0.5600,0.5700,0.00,1611.00
KXHIGHLAX-25JUL02-B70.5,1751439540,2025-07-02T06:59:00+00:00,1,,,,,,0.5300,0.5300,0.5400,0.5300,0.5400,0.5700,0.5700,0.5700,0.5700,0.00,1611.00
KXHIGHLAX-25JUL02-B70.5,1751439600,2025-07-02T07:00:00+00:00,1,,,,,,0.5300,0.5400,0.5400,0.5300,0.5400,0.5700,0.5700,0.5700,0.5700,0.00,1611.00
KXHIGHLAX-25JUL02-B70.5,1751439660,2025-07-02T07:01:00+00:00,1,,,,,,0.5300,0.5400,0.5400,0.5400,0.5400,0.5700,0.5900,0.5700,0.5900,0.00,1611.00
KXHIGHLAX-25JUL02-B70.5,1751440260,2025-07-02T07:11:00+00:00,1,,,,,,0.5300,0.5400,0.5400,0.5400,0.5400,0.5900,0.5900,0.5900,0.5900,0.00,1611.00
KXHIGHLAX-25JUL02-B70.5,1751442780,2025-07-02T07:53:00+00:00,1,,,,,,0.5300,0.5400,0.5400,0.5400,0.5400,0.5900,0.5900,0.5900,0.5900,0.00,1611.00
KXHIGHLAX-25JUL02-B70.5,1751445060,2025-07-02T08:31:00+00:00,1,,,,,,0.5300,0.5400,0.5400,0.5400,0.5400,0.5900,0.5900,0.5900,0.5900,0.00,1611.00
KXHIGHLAX-25JUL02-B70.5,1751454060,2025-07-02T11:01:00+00:00,1,,,,,,0.5300,0.5400,0.5400,0.4900,0.4900,0.5900,0.6900,0.5900,0.6900,0.00,1611.00
KXHIGHLAX-25JUL02-B70.5,1751457660,2025-07-02T12:01:00+00:00,1,,,,,,0.5300,0.4900,0.5300,0.4900,0.5300,0.6900,0.6900,0.5900,0.5900,0.00,1611.00
KXHIGHLAX-25JUL02-B70.5,1751457720,2025-07-02T12:02:00+00:00,1,,,,,,0.5300,0.5300,0.5300,0.5000,0.5100,0.5900,0.6100,0.5600,0.6100,0.00,1611.00
KXHIGHLAX-25JUL02-B70.5,1751457840,2025-07-02T12:04:00+00:00,1,,,,,,0.5300,0.5100,0.5100,0.5000,0.5100,0.6100,0.6100,0.5700,0.5700,0.00,1611.00
KXHIGHLAX-25JUL02-B70.5,1751457900,2025-07-02T12:05:00+00:00,1,,,,,,0.5300,0.5100,0.5200,0.5100,0.5200,0.5700,0.5700,0.5600,0.5600,0.00,1611.00
KXHIGHLAX-25JUL02-B70.5,1751457960,2025-07-02T12:06:00+00:00,1,0.5300,0.5300,0.5300,0.5300,0.5300,0.5300,0.5200,0.5300,0.5200,0.5300,0.5600,0.5600,0.5600,0.5600,1.00,1612.00
KXHIGHLAX-25JUL02-B70.5,1751458020,2025-07-02T12:07:00+00:00,1,,,,,,0.5300,0.5300,0.5400,0.5300,0.5400,0.5600,0.5700,0.5600,0.5600,0.00,1612.00
KXHIGHLAX-25JUL02-B70.5,1751458080,2025-07-02T12:08:00+00:00,1,,,,,,0.5300,0.5400,0.5500,0.5400,0.5500,0.5600,0.5600,0.5600,0.5600,0.00,1612.00
KXHIGHLAX-25JUL02-B70.5,1751458140,2025-07-02T12:09:00+00:00,1,,,,,,0.5300,0.5500,0.5500,0.5400,0.5500,0.5600,0.5600,0.5600,0.5600,0.00,1612.00
KXHIGHLAX-25JUL02-B70.5,1751458200,2025-07-02T12:10:00+00:00,1,,,,,,0.5300,0.5500,0.5500,0.5400,0.5500,0.5600,0.5600,0.5600,0.5600,0.00,1612.00
KXHIGHLAX-25JUL02-B70.5,1751458320,2025-07-02T12:12:00+00:00,1,,,,,,0.5300,0.5500,0.5500,0.5400,0.5500,0.5600,0.5600,0.5600,0.5600,0.00,1612.00
KXHIGHLAX-25JUL02-B70.5,1751458380,2025-07-02T12:13:00+00:00,1,,,,,,0.5300,0.5500,0.5500,0.5400,0.5500,0.5600,0.5600,0.5600,0.5600,0.00,1612.00
KXHIGHLAX-25JUL02-B70.5,1751458440,2025-07-02T12:14:00+00:00,1,,,,,,0.5300,0.5500,0.5500,0.5400,0.5500,0.5600,0.5600,0.5600,0.5600,0.00,1612.00
KXHIGHLAX-25JUL02-B70.5,1751458500,2025-07-02T12:15:00+00:00,1,,,,,,0.5300,0.5500,0.5500,0.5400,0.5500,0.5600,0.5600,0.5600,0.5600,0.00,1612.00
KXHIGHLAX-25JUL02-B70.5,1751458560,2025-07-02T12:16:00+00:00,1,,,,,,0.5300,0.5500,0.5500,0.5400,0.5500,0.5600,0.5600,0.5600,0.5600,0.00,1612.00
KXHIGHLAX-25JUL02-B70.5,1751458620,2025-07-02T12:17:00+00:00,1,0.5500,0.5500,0.5500,0.5500,0.5500,0.5300,0.5500,0.5500,0.5400,0.5500,0.5600,0.5600,0.5500,0.5600,60.00,1672.00
KXHIGHLAX-25JUL02-B70.5,1751458680,2025-07-02T12:18:00+00:00,1,,,,,,0.5500,0.5500,0.5500,0.5400,0.5400,0.5600,0.5600,0.5600,0.5600,0.00,1672.00
KXHIGHLAX-25JUL02-B70.5,1751458740,2025-07-02T12:19:00+00:00,1,,,,,,0.5500,0.5400,0.5400,0.5400,0.5400,0.5600,0.5600,0.5600,0.5600,0.00,1672.00
KXHIGHLAX-25JUL02-B70.5,1751458800,2025-07-02T12:20:00+00:00,1,,,,,,0.5500,0.5400,0.5400,0.5400,0.5400,0.5600,0.5600,0.5600,0.5600,0.00,1672.00
KXHIGHLAX-25JUL02-B70.5,1751458860,2025-07-02T12:21:00+00:00,1,,,,,,0.5500,0.5400,0.5400,0.5400,0.5400,0.5600,0.5600,0.5600,0.5600,0.00,1672.00
KXHIGHLAX-25JUL02-B70.5,1751458920,2025-07-02T12:22:00+00:00,1,,,,,,0.5500,0.5400,0.5400,0.5400,0.5400,0.5600,0.5600,0.5600,0.5600,0.00,1672.00
KXHIGHLAX-25JUL02-B70.5,1751458980,2025-07-02T12:23:00+00:00,1,,,,,,0.5500,0.5400,0.5400,0.5400,0.5400,0.5600,0.5600,0.5600,0.5600,0.00,1672.00
KXHIGHLAX-25JUL02-B70.5,1751459040,2025-07-02T12:24:00+00:00,1,,,,,,0.5500,0.5400,0.5400,0.5400,0.5400,0.5600,0.5600,0.5600,0.5600,0.00,1672.00
KXHIGHLAX-25JUL02-B70.5,1751459100,2025-07-02T12:25:00+00:00,1,,,,,,0.5500,0.5400,0.5400,0.5400,0.5400,0.5600,0.5600,0.5600,0.5600,0.00,1672.00
KXHIGHLAX-25JUL02-B70.5,1751459220,2025-07-02T12:27:00+00:00,1,,,,,,0.5500,0.5400,0.5400,0.5400,0.5400,0.5600,0.5600,0.5600,0.5600,0.00,1672.00
KXHIGHLAX-25JUL02-B70.5,1751459280,2025-07-02T12:28:00+00:00,1,,,,,,0.5500,0.5400,0.5400,0.5400,0.5400,0.5600,0.5600,0.5600,0.5600,0.00,1672.00
KXHIGHLAX-25JUL02-B70.5,1751459340,2025-07-02T12:29:00+00:00,1,,,,,,0.5500,0.5400,0.5400,0.5400,0.5400,0.5600,0.5600,0.5600,0.5600,0.00,1672.00
KXHIGHLAX-25JUL02-B70.5,1751459400,2025-07-02T12:30:00+00:00,1,,,,,,0.5500,0.5400,0.5400,0.5400,0.5400,0.5600,0.5600,0.5600,0.5600,0.00,1672.00
KXHIGHLAX-25JUL02-B70.5,1751459460,2025-07-02T12:31:00+00:00,1,,,,,,0.5500,0.5400,0.5400,0.5400,0.5400,0.5600,0.5600,0.5600,0.5600,0.00,1672.00
KXHIGHLAX-25JUL02-B70.5,1751459520,2025-07-02T12:32:00+00:00,1,,,,,,0.5500,0.5400,0.5600,0.5400,0.5600,0.5600,0.6100,0.5600,0.6000,0.00,1672.00
KXHIGHLAX-25JUL02-B70.5,1751459580,2025-07-02T12:33:00+00:00,1,,,,,,0.5500,0.5600,0.5700,0.5600,0.5700,0.6000,0.6000,0.5800,0.5800,0.00,1672.00
KXHIGHLAX-25JUL02-B70.5,1751459640,2025-07-02T12:34:00+00:00,1,,,,,,0.5500,0.5700,0.5700,0.5500,0.5500,0.5800,0.5800,0.5700,0.5700,0.00,1672.00
KXHIGHLAX-25JUL02-B70.5,1751459700,2025-07-02T12:35:00+00:00,1,,,,,,0.5500,0.5500,0.5500,0.5500,0.5500,0.5700,0.5700,0.5700,0.5700,0.00,1672.00
KXHIGHLAX-25JUL02-B70.5,1751459760,2025-07-02T12:36:00+00:00,1,,,,,,0.5500,0.5500,0.5500,0.5500,0.5500,0.5700,0.5700,0.5700,0.5700,0.00,1672.00
KXHIGHLAX-25JUL02-B70.5,1751459820,2025-07-02T12:37:00+00:00,1,,,,,,0.5500,0.5500,0.5500,0.5500,0.5500,0.5700,0.5800,0.5700,0.5800,0.00,1672.00
KXHIGHLAX-25JUL02-B70.5,1751459880,2025-07-02T12:38:00+00:00,1,,,,,,0.5500,0.5500,0.5500,0.5500,0.5500,0.5800,0.5800,0.5700,0.5700,0.00,1672.00
KXHIGHLAX-25JUL02-B70.5,1751459940,2025-07-02T12:39:00+00:00,1,,,,,,0.5500,0.5500,0.5500,0.5500,0.5500,0.5700,0.5700,0.5700,0.5700,0.00,1672.00
KXHIGHLAX-25JUL02-B70.5,1751460120,2025-07-02T12:42:00+00:00,1,,,,,,0.5500,0.5500,0.5500,0.5500,0.5500,0.5700,0.5800,0.5700,0.5800,0.00,1672.00
KXHIGHLAX-25JUL02-B70.5,1751460180,2025-07-02T12:43:00+00:00,1,,,,,,0.5500,0.5500,0.5500,0.5500,0.5500,0.5800,0.5800,0.5700,0.5700,0.00,1672.00
KXHIGHLAX-25JUL02-B70.5,1751460420,2025-07-02T12:47:00+00:00,1,,,,,,0.5500,0.5500,0.5500,0.5500,0.5500,0.5700,0.5800,0.5700,0.5800,0.00,1672.00
KXHIGHLAX-25JUL02-B70.5,1751460480,2025-07-02T12:48:00+00:00,1,,,,,,0.5500,0.5500,0.5600,0.5500,0.5600,0.5800,0.5800,0.5700,0.5700,0.00,1672.00
KXHIGHLAX-25JUL02-B70.5,1751460540,2025-07-02T12:49:00+00:00,1,,,,,,0.5500,0.5600,0.5600,0.5500,0.5500,0.5700,0.5700,0.5700,0.5700,0.00,1672.00
KXHIGHLAX-25JUL02-B70.5,1751460600,2025-07-02T12:50:00+00:00,1,,,,,,0.5500,0.5500,0.5500,0.5500,0.5500,0.5700,0.5800,0.5700,0.5800,0.00,1672.00
KXHIGHLAX-25JUL02-B70.5,1751460660,2025-07-02T12:51:00+00:00,1,,,,,,0.5500,0.5500,0.5600,0.5500,0.5600,0.5800,0.5800,0.5700,0.5700,0.00,1672.00
KXHIGHLAX-25JUL02-B70.5,1751460720,2025-07-02T12:52:00+00:00,1,,,,,,0.5500,0.5600,0.5600,0.5500,0.5500,0.5700,0.5800,0.5700,0.5800,0.00,1672.00
KXHIGHLAX-25JUL02-B70.5,1751460780,2025-07-02T12:53:00+00:00,1,,,,,,0.5500,0.5500,0.5500,0.5500,0.5500,0.5800,0.5800,0.5700,0.5700,0.00,1672.00
KXHIGHLAX-25JUL02-B70.5,1751460840,2025-07-02T12:54:00+00:00,1,,,,,,0.5500,0.5500,0.5600,0.5500,0.5600,0.5700,0.5800,0.5700,0.5700,0.00,1672.00
KXHIGHLAX-25JUL02-B70.5,1751460900,2025-07-02T12:55:00+00:00,1,,,,,,0.5500,0.5600,0.5600,0.5600,0.5600,0.5700,0.5800,0.5700,0.5800,0.00,1672.00
KXHIGHLAX-25JUL02-B70.5,1751460960,2025-07-02T12:56:00+00:00,1,,,,,,0.5500,0.5600,0.5600,0.5500,0.5600,0.5800,0.5800,0.5700,0.5700,0.00,1672.00
KXHIGHLAX-25JUL02-B70.5,1751461020,2025-07-02T12:57:00+00:00,1,,,,,,0.5500,0.5600,0.5600,0.5500,0.5600,0.5700,0.5800,0.5700,0.5700,0.00,1672.00
KXHIGHLAX-25JUL02-B70.5,1751461080,2025-07-02T12:58:00+00:00,1,,,,,,0.5500,0.5600,0.5600,0.5500,0.5600,0.5700,0.5800,0.5700,0.5700,0.00,1672.00
KXHIGHLAX-25JUL02-B70.5,1751461140,2025-07-02T12:59:00+00:00,1,,,,,,0.5500,0.5600,0.5600,0.5600,0.5600,0.5700,0.5700,0.5700,0.5700,0.00,1672.00
KXHIGHLAX-25JUL02-B70.5,1751461200,2025-07-02T13:00:00+00:00,1,,,,,,0.5500,0.5600,0.5600,0.5500,0.5600,0.5700,0.5800,0.5700,0.5700,0.00,1672.00
KXHIGHLAX-25JUL02-B70.5,1751461260,2025-07-02T13:01:00+00:00,1,,,,,,0.5500,0.5600,0.5600,0.5500,0.5600,0.5700,0.5800,0.5700,0.5700,0.00,1672.00
KXHIGHLAX-25JUL02-B70.5,1751461320,2025-07-02T13:02:00+00:00,1,,,,,,0.5500,0.5600,0.5600,0.5500,0.5600,0.5700,0.5800,0.5700,0.5700,0.00,1672.00
KXHIGHLAX-25JUL02-B70.5,1751461380,2025-07-02T13:03:00+00:00,1,,,,,,0.5500,0.5600,0.5600,0.5500,0.5600,0.5700,0.5900,0.5700,0.5700,0.00,1672.00
KXHIGHLAX-25JUL02-B70.5,1751461440,2025-07-02T13:04:00+00:00,1,,,,,,0.5500,0.5600,0.5600,0.5500,0.5500,0.5700,0.5900,0.5700,0.5800,0.00,1672.00
KXHIGHLAX-25JUL02-B70.5,1751461500,2025-07-02T13:05:00+00:00,1,,,,,,0.5500,0.5500,0.5600,0.5500,0.5600,0.5800,0.5800,0.5700,0.5700,0.00,1672.00
KXHIGHLAX-25JUL02-B70.5,1751461560,2025-07-02T13:06:00+00:00,1,,,,,,0.5500,0.5600,0.5600,0.5500,0.5500,0.5700,0.5900,0.5700,0.5800,0.00,1672.00
KXHIGHLAX-25JUL02-B70.5,1751461620,2025-07-02T13:07:00+00:00,1,,,,,,0.5500,0.5500,0.5600,0.5500,0.5600,0.5800,0.5900,0.5700,0.5700,0.00,1672.00
KXHIGHLAX-25JUL02-B70.5,1751461680,2025-07-02T13:08:00+00:00,1,,,,,,0.5500,0.5600,0.5600,0.5500,0.5500,0.5700,0.5800,0.5700,0.5800,0.00,1672.00
KXHIGHLAX-25JUL02-B70.5,1751461740,2025-07-02T13:09:00+00:00,1,,,,,,0.5500,0.5500,0.5600,0.5500,0.5600,0.5800,0.5800,0.5700,0.5700,0.00,1672.00
KXHIGHLAX-25JUL02-B70.5,1751461800,2025-07-02T13:10:00+00:00,1,0.5600,0.5600,0.5600,0.5600,0.5600,0.5500,0.5600,0.5600,0.5500,0.5500,0.5700,0.5700,0.5600,0.5700,11.00,1683.00
KXHIGHLAX-25JUL02-B70.5,1751461860,2025-07-02T13:11:00+00:00,1,,,,,,0.5600,0.5500,0.5500,0.5500,0.5500,0.5700,0.5700,0.5600,0.5600,0.00,1683.00
KXHIGHLAX-25JUL02-B70.5,1751461920,2025-07-02T13:12:00+00:00,1,,,,,,0.5600,0.5500,0.5500,0.5500,0.5500,0.5600,0.5700,0.5600,0.5600,0.00,1683.00
KXHIGHLAX-25JUL02-B70.5,1751461980,2025-07-02T13:13:00+00:00,1,,,,,,0.5600,0.5500,0.5600,0.5500,0.5500,0.5600,0.5900,0.5600,0.5700,0.00,1683.00
KXHIGHLAX-25JUL02-B70.5,1751462040,2025-07-02T13:14:00+00:00,1,,,,,,0.5600,0.5500,0.5500,0.5500,0.5500,0.5700,0.5700,0.5600,0.5600,0.00,1683.00
KXHIGHLAX-25JUL02-B70.5,1751462100,2025-07-02T13:15:00+00:00,1,0.5600,0.5600,0.5600,0.5600,0.5600,0.5600,0.5500,0.5500,0.5500,0.5500,0.5600,0.5700,0.5600,0.5600,2.00,1683.00
KXHIGHLAX-25JUL02-B70.5,1751462160,2025-07-02T13:16:00+00:00,1,,,,,,0.5600,0.5500,0.5500,0.5500,0.5500,0.5600,0.5900,0.5600,0.5800,0.00,1683.00
KXHIGHLAX-25JUL02-B70.5,1751462220,2025-07-02T13:17:00+00:00,1,,,,,,0.5600,0.5500,0.5600,0.5500,0.5600,0.5800,0.5800,0.5700,0.5700,0.00,1683.00
KXHIGHLAX-25JUL02-B70.5,1751462280,2025-07-02T13:18:00+00:00,1,,,,,,0.5600,0.5600,0.5600,0.5600,0.5600,0.5700,0.5800,0.5700,0.5800,0.00,1683.00
KXHIGHLAX-25JUL02-B70.5,1751462340,2025-07-02T13:19:00+00:00,1,,,,,,0.5600,0.5600,0.5600,0.5500,0.5600,0.5800,0.5800,0.5700,0.5700,0.00,1683.00
KXHIGHLAX-25JUL02-B70.5,1751462400,2025-07-02T13:20:00+00:00,1,,,,,,0.5600,0.5600,0.5600,0.5600,0.5600,0.5700,0.5900,0.5700,0.5700,0.00,1683.00
KXHIGHLAX-25JUL02-B70.5,1751462460,2025-07-02T13:21:00+00:00,1,,,,,,0.5600,0.5600,0.5600,0.5500,0.5500,0.5700,0.5700,0.5700,0.5700,0.00,1683.00
KXHIGHLAX-25JUL02-B70.5,1751462520,2025-07-02T13:22:00+00:00,1,,,,,,0.5600,0.5500,0.5700,0.5500,0.5700,0.5700,0.5900,0.5700,0.5900,0.00,1683.00
KXHIGHLAX-25JUL02-B70.5,1751462580,2025-07-02T13:23:00+00:00,1,0.5800,0.5800,0.5800,0.5800,0.5800,0.5600,0.5700,0.5700,0.5500,0.5500,0.5900,0.5900,0.5800,0.5800,4.00,1687.00
KXHIGHLAX-25JUL02-B70.5,1751462640,2025-07-02T13:24:00+00:00,1,,,,,,0.5800,0.5500,0.5600,0.5500,0.5600,0.5800,0.5800,0.5700,0.5700,0.00,1687.00
KXHIGHLAX-25JUL02-B70.5,1751462700,2025-07-02T13:25:00+00:00,1,,,,,,0.5800,0.5600,0.5600,0.5600,0.5600,0.5700,0.5800,0.5700,0.5700,0.00,1687.00
KXHIGHLAX-25JUL02-B70.5,1751462760,2025-07-02T13:26:00+00:00,1,,,,,,0.5800,0.5600,0.5600,0.5600,0.5600,0.5700,0.5800,0.5700,0.5800,0.00,1687.00
KXHIGHLAX-25JUL02-B70.5,1751462820,2025-07-02T13:27:00+00:00,1,,,,,,0.5800,0.5600,0.5600,0.5600,0.5600,0.5800,0.5900,0.5700,0.5700,0.00,1687.00
KXHIGHLAX-25JUL02-B70.5,1751462880,2025-07-02T13:28:00+00:00,1,,,,,,0.5800,0.5600,0.5600,0.5600,0.5600,0.5700,0.5800,0.5700,0.5800,0.00,1687.00
KXHIGHLAX-25JUL02-B70.5,1751462940,2025-07-02T13:29:00+00:00,1,,,,,,0.5800,0.5600,0.5600,0.5500,0.5600,0.5800,0.5800,0.5700,0.5700,0.00,1687.00
KXHIGHLAX-25JUL02-B70.5,1751463000,2025-07-02T13:30:00+00:00,1,,,,,,0.5800,0.5600,0.5600,0.5600,0.5600,0.5700,0.5800,0.5700,0.5800,0.00,1687.00
KXHIGHLAX-25JUL02-B70.5,1751463060,2025-07-02T13:31:00+00:00,1,,,,,,0.5800,0.5600,0.5600,0.5600,0.5600,0.5800,0.5800,0.5700,0.5700,0.00,1687.00
KXHIGHLAX-25JUL02-B70.5,1751463120,2025-07-02T13:32:00+00:00,1,,,,,,0.5800,0.5600,0.5600,0.5500,0.5500,0.5700,0.5900,0.5700,0.5900,0.00,1687.00
KXHIGHLAX-25JUL02-B70.5,1751463180,2025-07-02T13:33:00+00:00,1,,,,,,0.5800,0.5500,0.5600,0.5500,0.5600,0.5900,0.5900,0.5800,0.5800,0.00,1687.00
KXHIGHLAX-25JUL02-B70.5,1751463240,2025-07-02T13:34:00+00:00,1,,,,,,0.5800,0.5600,0.5600,0.5600,0.5600,0.5800,0.5800,0.5700,0.5700,0.00,1687.00
KXHIGHLAX-25JUL02-B70.5,1751463300,2025-07-02T13:35:00+00:00,1,0.5700,0.5700,0.5700,0.5700,0.5700,0.5800,0.5600,0.5600,0.5400,0.5400,0.5700,0.5800,0.5700,0.5800,14.00,1687.00
KXHIGHLAX-25JUL02-B70.5,1751463360,2025-07-02T13:36:00+00:00,1,,,,,,0.5700,0.5400,0.5500,0.5400,0.5500,0.5800,0.5800,0.5700,0.5700,0.00,1687.00
KXHIGHLAX-25JUL02-B70.5,1751463420,2025-07-02T13:37:00+00:00,1,,,,,,0.5700,0.5500,0.5600,0.5400,0.5400,0.5700,0.5900,0.5700,0.5900,0.00,1687.00
KXHIGHLAX-25JUL02-B70.5,1751463480,2025-07-02T13:38:00+00:00,1,0.5700,0.5700,0.5700,0.5700,0.5700,0.5700,0.5400,0.5600,0.5400,0.5500,0.5900,0.5900,0.5700,0.5800,25.00,1687.00
KXHIGHLAX-25JUL02-B70.5,1751463540,2025-07-02T13:39:00+00:00,1,,,,,,0.5700,0.5500,0.5700,0.5500,0.5700,0.5800,0.5900,0.5800,0.5800,0.00,1687.00
KXHIGHLAX-25JUL02-B70.5,1751463600,2025-07-02T13:40:00+00:00,1,,,,,,0.5700,0.5700,0.5700,0.5400,0.5400,0.5800,0.5800,0.5800,0.5800,0.00,1687.00
KXHIGHLAX-25JUL02-B70.5,1751463660,2025-07-02T13:41:00+00:00,1,,,,,,0.5700,0.5400,0.5500,0.5400,0.5500,0.5800,0.5800,0.5700,0.5700,0.00,1687.00
KXHIGHLAX-25JUL02-B70.5,1751463720,2025-07-02T13:42:00+00:00,1,,,,,,0.5700,0.5500,0.5600,0.5500,0.5600,0.5700,0.5800,0.5700,0.5700,0.00,1687.00
KXHIGHLAX-25JUL02-B70.5,1751463780,2025-07-02T13:43:00+00:00,1,,,,,,0.5700,0.5600,0.5700,0.5600,0.5700,0.5700,0.5900,0.5700,0.5800,0.00,1687.00
KXHIGHLAX-25JUL02-B70.5,1751463840,2025-07-02T13:44:00+00:00,1,,,,,,0.5700,0.5700,0.5700,0.5500,0.5500,0.5800,0.5800,0.5800,0.5800,0.00,1687.00
KXHIGHLAX-25JUL02-B70.5,1751463900,2025-07-02T13:45:00+00:00,1,,,,,,0.5700,0.5500,0.5600,0.5500,0.5600,0.5800,0.5800,0.5700,0.5700,0.00,1687.00
KXHIGHLAX-25JUL02-B70.5,1751463960,2025-07-02T13:46:00+00:00,1,,,,,,0.5700,0.5600,0.5600,0.5500,0.5500,0.5700,0.5800,0.5700,0.5800,0.00,1687.00
KXHIGHLAX-25JUL02-B70.5,1751464020,2025-07-02T13:47:00+00:00,1,,,,,,0.5700,0.5500,0.5600,0.5400,0.5400,0.5800,0.5900,0.5800,0.5900,0.00,1687.00
KXHIGHLAX-25JUL02-B70.5,1751464080,2025-07-02T13:48:00+00:00,1,,,,,,0.5700,0.5400,0.5600,0.5400,0.5600,0.5900,0.5900,0.5800,0.5800,0.00,1687.00
KXHIGHLAX-25JUL02-B70.5,1751464140,2025-07-02T13:49:00+00:00,1,,,,,,0.5700,0.5600,0.5600,0.5400,0.5400,0.5800,0.5800,0.5800,0.5800,0.00,1687.00
KXHIGHLAX-25JUL02-B70.5,1751464200,2025-07-02T13:50:00+00:00,1,,,,,,0.5700,0.5400,0.5600,0.5400,0.5600,0.5800,0.5800,0.5700,0.5700,0.00,1687.00
KXHIGHLAX-25JUL02-B70.5,1751464260,2025-07-02T13:51:00+00:00,1,,,,,,0.5700,0.5600,0.5600,0.5500,0.5500,0.5700,0.5800,0.5700,0.5800,0.00,1687.00
KXHIGHLAX-25JUL02-B70.5,1751464320,2025-07-02T13:52:00+00:00,1,,,,,,0.5700,0.5500,0.5600,0.5400,0.5400,0.5800,0.5900,0.5800,0.5900,0.00,1687.00
KXHIGHLAX-25JUL02-B70.5,1751464380,2025-07-02T13:53:00+00:00,1,,,,,,0.5700,0.5400,0.5600,0.5400,0.5600,0.5900,0.5900,0.5800,0.5800,0.00,1687.00
KXHIGHLAX-25JUL02-B70.5,1751464440,2025-07-02T13:54:00+00:00,1,,,,,,0.5700,0.5600,0.5600,0.5500,0.5500,0.5800,0.5800,0.5800,0.5800,0.00,1687.00
KXHIGHLAX-25JUL02-B70.5,1751464500,2025-07-02T13:55:00+00:00,1,0.5400,0.5400,0.5400,0.5400,0.5400,0.5700,0.5500,0.5600,0.5300,0.5300,0.5800,0.5900,0.5800,0.5900,10.00,1687.00
KXHIGHLAX-25JUL02-B70.5,1751464620,2025-07-02T13:57:00+00:00,1,,,,,,0.5400,0.5300,0.5500,0.5300,0.5500,0.5900,0.5900,0.5600,0.5700,0.00,1687.00
KXHIGHLAX-25JUL02-B70.5,1751464680,2025-07-02T13:58:00+00:00,1,,,,,,0.5400,0.5500,0.5600,0.5500,0.5600,0.5700,0.5900,0.5700,0.5700,0.00,1687.00
KXHIGHLAX-25JUL02-B70.5,1751464740,2025-07-02T13:59:00+00:00,1,,,,,,0.5400,0.5600,0.5600,0.5400,0.5400,0.5700,0.5900,0.5700,0.5800,0.00,1687.00
KXHIGHLAX-25JUL02-B70.5,1751464800,2025-07-02T14:00:00+00:00,1,,,,,,0.5400,0.5400,0.5500,0.5400,0.5500,0.5800,0.5800,0.5600,0.5600,0.00,1687.00
KXHIGHLAX-25JUL02-B70.5,1751464860,2025-07-02T14:01:00+00:00,1,0.5600,0.5600,0.5600,0.5600,0.5600,0.5400,0.5500,0.5600,0.5300,0.5400,0.5600,0.5900,0.5600,0.5700,26.00,1687.00
KXHIGHLAX-25JUL02-B70.5,1751464920,2025-07-02T14:02:00+00:00,1,,,,,,0.5600,0.5400,0.5500,0.5400,0.5500,0.5700,0.5700,0.5600,0.5600,0.00,1687.00
KXHIGHLAX-25JUL02-B70.5,1751464980,2025-07-02T14:03:00+00:00,1,,,,,,0.5600,0.5500,0.5500,0.5400,0.5500,0.5600,0.5700,0.5600,0.5600,0.00,1687.00
KXHIGHLAX-25JUL02-B70.5,1751465040,2025-07-02T14:04:00+00:00,1,,,,,,0.5600,0.5500,0.5500,0.5400,0.5500,0.5600,0.5700,0.5600,0.5600,0.00,1687.00
KXHIGHLAX-25JUL02-B70.5,1751465100,2025-07-02T14:05:00+00:00,1,,,,,,0.5600,0.5500,0.5500,0.5400,0.5500,0.5600,0.5700,0.5600,0.5600,0.00,1687.00
KXHIGHLAX-25JUL02-B70.5,1751465160,2025-07-02T14:06:00+00:00,1,,,,,,0.5600,0.5500,0.5500,0.5400,0.5500,0.5600,0.5700,0.5600,0.5600,0.00,1687.00
KXHIGHLAX-25JUL02-B70.5,1751465220,2025-07-02T14:07:00+00:00,1,,,,,,0.5600,0.5500,0.5500,0.5200,0.5400,0.5600,0.5700,0.5600,0.5700,0.00,1687.00
KXHIGHLAX-25JUL02-B70.5,1751465280,2025-07-02T14:08:00+00:00,1,,,,,,0.5600,0.5400,0.5400,0.5400,0.5400,0.5700,0.5700,0.5700,0.5700,0.00,1687.00
KXHIGHLAX-25JUL02-B70.5,1751465340,2025-07-02T14:09:00+00:00,1,,,,,,0.5600,0.5400,0.5400,0.5400,0.5400,0.5700,0.5700,0.5700,0.5700,0.00,1687.00
KXHIGHLAX-25JUL02-B70.5,1751465400,2025-07-02T14:10:00+00:00,1,,,,,,0.5600,0.5400,0.5400,0.5400,0.5400,0.5700,0.5700,0.5700,0.5700,0.00,1687.00
KXHIGHLAX-25JUL02-B70.5,1751465460,2025-07-02T14:11:00+00:00,1,,,,,,0.5600,0.5400,0.5400,0.5400,0.5400,0.5700,0.5700,0.5700,0.5700,0.00,1687.00
KXHIGHLAX-25JUL02-B70.5,1751465520,2025-07-02T14:12:00+00:00,1,,,,,,0.5600,0.5400,0.5400,0.5300,0.5300,0.5700,0.5700,0.5700,0.5700,0.00,1687.00
KXHIGHLAX-25JUL02-B70.5,1751465580,2025-07-02T14:13:00+00:00,1,,,,,,0.5600,0.5300,0.5400,0.5300,0.5400,0.5700,0.5700,0.5700,0.5700,0.00,1687.00
KXHIGHLAX-25JUL02-B70.5,1751465640,2025-07-02T14:14:00+00:00,1,,,,,,0.5600,0.5400,0.5400,0.5300,0.5400,0.5700,0.5700,0.5700,0.5700,0.00,1687.00
KXHIGHLAX-25JUL02-B70.5,1751465700,2025-07-02T14:15:00+00:00,1,,,,,,0.5600,0.5400,0.5400,0.5400,0.5400,0.5700,0.5700,0.5700,0.5700,0.00,1687.00
KXHIGHLAX-25JUL02-B70.5,1751465760,2025-07-02T14:16:00+00:00,1,,,,,,0.5600,0.5400,0.5400,0.5400,0.5400,0.5700,0.5700,0.5700,0.5700,0.00,1687.00
KXHIGHLAX-25JUL02-B70.5,1751465820,2025-07-02T14:17:00+00:00,1,,,,,,0.5600,0.5400,0.5400,0.5400,0.5400,0.5700,0.5700,0.5700,0.5700,0.00,1687.00
KXHIGHLAX-25JUL02-B70.5,1751465880,2025-07-02T14:18:00+00:00,1,0.5300,0.5300,0.5300,0.5300,0.5300,0.5600,0.5400,0.5400,0.5300,0.5300,0.5700,0.5700,0.5600,0.5600,9.00,1687.00
KXHIGHLAX-25JUL02-B70.5,1751465940,2025-07-02T14:19:00+00:00,1,,,,,,0.5300,0.5300,0.5300,0.5200,0.5300,0.5600,0.5600,0.5500,0.5500,0.00,1687.00
KXHIGHLAX-25JUL02-B70.5,1751466000,2025-07-02T14:20:00+00:00,1,,,,,,0.5300,0.5300,0.5300,0.5300,0.5300,0.5500,0.5700,0.5500,0.5500,0.00,1687.00
KXHIGHLAX-25JUL02-B70.5,1751466060,2025-07-02T14:21:00+00:00,1,,,,,,0.5300,0.5300,0.5300,0.5300,0.5300,0.5500,0.5500,0.5500,0.5500,0.00,1687.00
KXHIGHLAX-25JUL02-B70.5,1751466120,2025-07-02T14:22:00+00:00,1,,,,,,0.5300,0.5300,0.5300,0.5300,0.5300,0.5500,0.5600,0.5500,0.5600,0.00,1687.00
KXHIGHLAX-25JUL02-B70.5,1751466180,2025-07-02T14:23:00+00:00,1,,,,,,0.5300,0.5300,0.5400,0.5300,0.5300,0.5600,0.5700,0.5600,0.5600,0.00,1687.00
KXHIGHLAX-25JUL02-B70.5,1751466240,2025-07-02T14:24:00+00:00,1,,,,,,0.5300,0.5300,0.5400,0.5300,0.5400,0.5600,0.5700,0.5600,0.5700,0.00,1687.00
KXHIGHLAX-25JUL02-B70.5,1751466300,2025-07-02T14:25:00+00:00,1,,,,,,0.5300,0.5400,0.5400,0.5400,0.5400,0.5700,0.5700,0.5700,0.5700,0.00,1687.00
KXHIGHLAX-25JUL02-B70.5,1751466360,2025-07-02T14:26:00+00:00,1,,,,,,0.5300,0.5400,0.5400,0.5300,0.5300,0.5700,0.5700,0.5600,0.5600,0.00,1687.00
KXHIGHLAX-25JUL02-B70.5,1751466420,2025-07-02T14:27:00+00:00,1,0.5700,0.5700,0.5700,0.5700,0.5700,0.5300,0.5300,0.5400,0.5300,0.5400,0.5600,0.5700,0.5600,0.5700,1.00,1688.00
KXHIGHLAX-25JUL02-B70.5,1751466480,2025-07-02T14:28:00+00:00,1,,,,,,0.5700,0.5400,0.5500,0.5400,0.5500,0.5700,0.5900,0.5700,0.5800,0.00,1688.00
KXHIGHLAX-25JUL02-B70.5,1751466540,2025-07-02T14:29:00+00:00,1,0.5500,0.5500,0.5500,0.5500,0.5500,0.5700,0.5500,0.5500,0.5400,0.5400,0.5800,0.5800,0.5700,0.5700,8.00,1688.00
KXHIGHLAX-25JUL02-B70.5,1751466600,2025-07-02T14:30:00+00:00,1,,,,,,0.5500,0.5400,0.5500,0.5400,0.5500,0.5700,0.5700,0.5700,0.5700,0.00,1688.00
KXHIGHLAX-25JUL02-B70.5,1751466660,2025-07-02T14:31:00+00:00,1,,,,,,0.5500,0.5500,0.5500,0.5500,0.5500,0.5700,0.5700,0.5600,0.5600,0.00,1688.00
KXHIGHLAX-25JUL02-B70.5,1751466720,2025-07-02T14:32:00+00:00,1,0.5600,0.5600,0.5600,0.5600,0.5600,0.5500,0.5500,0.5500,0.5400,0.5400,0.5600,0.5800,0.5600,0.5600,35.00,1723.00
KXHIGHLAX-25JUL02-B70.5,1751466780,2025-07-02T14:33:00+00:00,1,,,,,,0.5600,0.5400,0.5500,0.5400,0.5500,0.5600,0.5600,0.5600,0.5600,0.00,1723.00
KXHIGHLAX-25JUL02-B70.5,1751466840,2025-07-02T14:34:00+00:00,1,,,,,,0.5600,0.5500,0.5500,0.5500,0.5500,0.5600,0.5900,0.5600,0.5600,0.00,1723.00
KXHIGHLAX-25JUL02-B70.5,1751466900,2025-07-02T14:35:00+00:00,1,,,,,,0.5600,0.5500,0.5500,0.5500,0.5500,0.5600,0.5600,0.5600,0.5600,0.00,1723.00
KXHIGHLAX-25JUL02-B70.5,1751466960,2025-07-02T14:36:00+00:00,1,,,,,,0.5600,0.5500,0.5500,0.5500,0.5500,0.5600,0.5700,0.5600,0.5700,0.00,1723.00
KXHIGHLAX-25JUL02-B70.5,1751467020,2025-07-02T14:37:00+00:00,1,,,,,,0.5600,0.5500,0.5600,0.5500,0.5500,0.5700,0.5900,0.5700,0.5900,0.00,1723.00
KXHIGHLAX-25JUL02-B70.5,1751467080,2025-07-02T14:38:00+00:00,1,,,,,,0.5600,0.5500,0.5600,0.5500,0.5600,0.5900,0.5900,0.5900,0.5900,0.00,1723.00
KXHIGHLAX-25JUL02-B70.5,1751467140,2025-07-02T14:39:00+00:00,1,,,,,,0.5600,0.5600,0.5600,0.5600,0.5600,0.5900,0.5900,0.5900,0.5900,0.00,1723.00
KXHIGHLAX-25JUL02-B70.5,1751467200,2025-07-02T14:40:00+00:00,1,,,,,,0.5600,0.5600,0.5600,0.5500,0.5600,0.5900,0.5900,0.5900,0.5900,0.00,1723.00
KXHIGHLAX-25JUL02-B70.5,1751467260,2025-07-02T14:41:00+00:00,1,,,,,,0.5600,0.5600,0.5600,0.5600,0.5600,0.5900,0.5900,0.5900,0.5900,0.00,1723.00
KXHIGHLAX-25JUL02-B70.5,1751467320,2025-07-02T14:42:00+00:00,1,,,,,,0.5600,0.5600,0.5600,0.5600,0.5600,0.5900,0.5900,0.5900,0.5900,0.00,1723.00
KXHIGHLAX-25JUL02-B70.5,1751467380,2025-07-02T14:43:00+00:00,1,,,,,,0.5600,0.5600,0.5600,0.5500,0.5600,0.5900,0.5900,0.5900,0.5900,0.00,1723.00
KXHIGHLAX-25JUL02-B70.5,1751467440,2025-07-02T14:44:00+00:00,1,,,,,,0.5600,0.5600,0.5600,0.5600,0.5600,0.5900,0.5900,0.5900,0.5900,0.00,1723.00
KXHIGHLAX-25JUL02-B70.5,1751467500,2025-07-02T14:45:00+00:00,1,0.5900,0.5900,0.5900,0.5900,0.5900,0.5600,0.5600,0.5700,0.5500,0.5600,0.5900,0.6000,0.5900,0.6000,16.00,1739.00
KXHIGHLAX-25JUL02-B70.5,1751467560,2025-07-02T14:46:00+00:00,1,,,,,,0.5900,0.5600,0.5700,0.5400,0.5700,0.6000,0.6000,0.6000,0.6000,0.00,1739.00
KXHIGHLAX-25JUL02-B70.5,1751467620,2025-07-02T14:47:00+00:00,1,,,,,,0.5900,0.5700,0.5700,0.5700,0.5700,0.6000,0.6000,0.6000,0.6000,0.00,1739.00
KXHIGHLAX-25JUL02-B70.5,1751467680,2025-07-02T14:48:00+00:00,1,,,,,,0.5900,0.5700,0.5700,0.5500,0.5700,0.6000,0.6000,0.6000,0.6000,0.00,1739.00
KXHIGHLAX-25JUL02-B70.5,1751467740,2025-07-02T14:49:00+00:00,1,,,,,,0.5900,0.5700,0.5700,0.5400,0.5500,0.6000,0.6000,0.6000,0.6000,0.00,1739.00
KXHIGHLAX-25JUL02-B70.5,1751467800,2025-07-02T14:50:00+00:00,1,,,,,,0.5900,0.5500,0.5700,0.5500,0.5700,0.6000,0.6000,0.5900,0.6000,0.00,1739.00
KXHIGHLAX-25JUL02-B70.5,1751467860,2025-07-02T14:51:00+00:00,1,,,,,,0.5900,0.5700,0.5700,0.5700,0.5700,0.6000,0.6000,0.6000,0.6000,0.00,1739.00
KXHIGHLAX-25JUL02-B70.5,1751467920,2025-07-02T14:52:00+00:00,1,,,,,,0.5900,0.5700,0.5700,0.5700,0.5700,0.6000,0.6000,0.6000,0.6000,0.00,1739.00
KXHIGHLAX-25JUL02-B70.5,1751467980,2025-07-02T14:53:00+00:00,1,,,,,,0.5900,0.5700,0.5700,0.5500,0.5700,0.6000,0.6000,0.5900,0.5900,0.00,1739.00
KXHIGHLAX-25JUL02-B70.5,1751468040,2025-07-02T14:54:00+00:00,1,,,,,,0.5900,0.5700,0.5700,0.5500,0.5500,0.5900,0.6000,0.5900,0.6000,0.00,1739.00
KXHIGHLAX-25JUL02-B70.5,1751468100,2025-07-02T14:55:00+00:00,1,,,,,,0.5900,0.5500,0.5700,0.5300,0.5300,0.6000,0.6000,0.6000,0.6000,0.00,1739.00
KXHIGHLAX-25JUL02-B70.5,1751468160,2025-07-02T14:56:00+00:00,1,,,,,,0.5900,0.5300,0.5300,0.5300,0.5300,0.6000,0.6000,0.6000,0.6000,0.00,1739.00
KXHIGHLAX-25JUL02-B70.5,1751468220,2025-07-02T14:57:00+00:00,1,,,,,,0.5900,0.5300,0.5600,0.5300,0.5500,0.6000,0.6000,0.6000,0.6000,0.00,1739.00
KXHIGHLAX-25JUL02-B70.5,1751468280,2025-07-02T14:58:00+00:00,1,,,,,,0.5900,0.5500,0.5600,0.5300,0.5600,0.6000,0.6000,0.6000,0.6000,0.00,1739.00
KXHIGHLAX-25JUL02-B70.5,1751468340,2025-07-02T14:59:00+00:00,1,,,,,,0.5900,0.5600,0.5700,0.5300,0.5400,0.6000,0.6000,0.6000,0.6000,0.00,1739.00
KXHIGHLAX-25JUL02-B70.5,1751468400,2025-07-02T15:00:00+00:00,1,,,,,,0.5900,0.5400,0.5600,0.5400,0.5600,0.6000,0.6000,0.6000,0.6000,0.00,1739.00
KXHIGHLAX-25JUL02-B70.5,1751468460,2025-07-02T15:01:00+00:00,1,,,,,,0.5900,0.5600,0.5700,0.5300,0.5400,0.6000,0.6000,0.6000,0.6000,0.00,1739.00
KXHIGHLAX-25JUL02-B70.5,1751468520,2025-07-02T15:02:00+00:00,1,,,,,,0.5900,0.5400,0.5600,0.5200,0.5300,0.6000,0.6000,0.6000,0.6000,0.00,1739.00
KXHIGHLAX-25JUL02-B70.5,1751468580,2025-07-02T15:03:00+00:00,1,,,,,,0.5900,0.5300,0.5600,0.5300,0.5600,0.6000,0.6000,0.6000,0.6000,0.00,1739.00
KXHIGHLAX-25JUL02-B70.5,1751468640,2025-07-02T15:04:00+00:00,1,,,,,,0.5900,0.5600,0.5700,0.5300,0.5400,0.6000,0.6000,0.6000,0.6000,0.00,1739.00
KXHIGHLAX-25JUL02-B70.5,1751468700,2025-07-02T15:05:00+00:00,1,,,,,,0.5900,0.5400,0.5600,0.5400,0.5600,0.6000,0.6000,0.5900,0.5900,0.00,1739.00
KXHIGHLAX-25JUL02-B70.5,1751468760,2025-07-02T15:06:00+00:00,1,,,,,,0.5900,0.5600,0.5700,0.5600,0.5700,0.5900,0.6500,0.5900,0.6500,0.00,1739.00
KXHIGHLAX-25JUL02-B70.5,1751468820,2025-07-02T15:07:00+00:00,1,,,,,,0.5900,0.5700,0.5700,0.5300,0.5300,0.6500,0.6700,0.6400,0.6600,0.00,1739.00
KXHIGHLAX-25JUL02-B70.5,1751468880,2025-07-02T15:08:00+00:00,1,,,,,,0.5900,0.5300,0.5400,0.5300,0.5400,0.6600,0.6600,0.6500,0.6600,0.00,1739.00
KXHIGHLAX-25JUL02-B70.5,1751468940,2025-07-02T15:09:00+00:00,1,,,,,,0.5900,0.5400,0.5600,0.5200,0.5200,0.6600,0.6600,0.6000,0.6000,0.00,1739.00
KXHIGHLAX-25JUL02-B70.5,1751469000,2025-07-02T15:10:00+00:00,1,,,,,,0.5900,0.5200,0.5200,0.5200,0.5200,0.6000,0.6000,0.6000,0.6000,0.00,1739.00
KXHIGHLAX-25JUL02-B70.5,1751469060,2025-07-02T15:11:00+00:00,1,,,,,,0.5900,0.5200,0.5200,0.5200,0.5200,0.6000,0.6000,0.5900,0.5900,0.00,1739.00
KXHIGHLAX-25JUL02-B70.5,1751469120,2025-07-02T15:12:00+00:00,1,,,,,,0.5900,0.5200,0.5200,0.5200,0.5200,0.5900,0.6500,0.5900,0.6500,0.00,1739.00
KXHIGHLAX-25JUL02-B70.5,1751469180,2025-07-02T15:13:00+00:00,1,,,,,,0.5900,0.5200,0.5200,0.5200,0.5200,0.6500,0.6500,0.6200,0.6200,0.00,1739.00
KXHIGHLAX-25JUL02-B70.5,1751469300,2025-07-02T15:15:00+00:00,1,0.5200,0.6000,0.5200,0.6000,0.5600,0.5900,0.5200,0.5400,0.5200,0.5400,0.6200,0.6200,0.6000,0.6100,12.00,1751.00
KXHIGHLAX-25JUL02-B70.5,1751469360,2025-07-02T15:16:00+00:00,1,0.5600,0.5600,0.5600,0.5600,0.5600,0.6000,0.5400,0.5600,0.5300,0.5300,0.6100,0.6100,0.5900,0.5900,56.00,1751.00
KXHIGHLAX-25JUL02-B70.5,1751469420,2025-07-02T15:17:00+00:00,1,,,,,,0.5600,0.5300,0.5500,0.5300,0.5500,0.5900,0.5900,0.5900,0.5900,0.00,1751.00
KXHIGHLAX-25JUL02-B70.5,1751469480,2025-07-02T15:18:00+00:00,1,,,,,,0.5600,0.5500,0.5500,0.5500,0.5500,0.5900,0.5900,0.5900,0.5900,0.00,1751.00
KXHIGHLAX-25JUL02-B70.5,1751469540,2025-07-02T15:19:00+00:00,1,,,,,,0.5600,0.5500,0.5600,0.5500,0.5500,0.5900,0.6600,0.5900,0.6600,0.00,1751.00
KXHIGHLAX-25JUL02-B70.5,1751469600,2025-07-02T15:20:00+00:00,1,,,,,,0.5600,0.5500,0.5700,0.5500,0.5700,0.6600,0.6600,0.6200,0.6200,0.00,1751.00
KXHIGHLAX-25JUL02-B70.5,1751469660,2025-07-02T15:21:00+00:00,1,,,,,,0.5600,0.5700,0.5700,0.5500,0.5600,0.6200,0.6200,0.6000,0.6000,0.00,1751.00
KXHIGHLAX-25JUL02-B70.5,1751469720,2025-07-02T15:22:00+00:00,1,,,,,,0.5600,0.5600,0.5700,0.5600,0.5600,0.6000,0.6600,0.5700,0.5700,0.00,1751.00
KXHIGHLAX-25JUL02-B70.5,1751469780,2025-07-02T15:23:00+00:00,1,,,,,,0.5600,0.5600,0.5700,0.5600,0.5600,0.5700,0.6700,0.5700,0.6200,0.00,1751.00
KXHIGHLAX-25JUL02-B70.5,1751469840,2025-07-02T15:24:00+00:00,1,0.5600,0.5600,0.5600,0.5600,0.5600,0.5600,0.5600,0.5600,0.5200,0.5300,0.6200,0.6600,0.5600,0.6400,12.00,1761.00
KXHIGHLAX-25JUL02-B70.5,1751469900,2025-07-02T15:25:00+00:00,1,,,,,,0.5600,0.5300,0.5500,0.5200,0.5500,0.6400,0.6600,0.5900,0.5900,0.00,1761.00
KXHIGHLAX-25JUL02-B70.5,1751469960,2025-07-02T15:26:00+00:00,1,,,,,,0.5600,0.5500,0.5500,0.5200,0.5300,0.5900,0.6600,0.5400,0.6400,0.00,1761.00
KXHIGHLAX-25JUL02-B70.5,1751470020,2025-07-02T15:27:00+00:00,1,,,,,,0.5600,0.5300,0.5500,0.5300,0.5300,0.6400,0.6600,0.5400,0.5500,0.00,1761.00
KXHIGHLAX-25JUL02-B70.5,1751470080,2025-07-02T15:28:00+00:00,1,,,,,,0.5600,0.5300,0.5300,0.5200,0.5200,0.5500,0.5500,0.5500,0.5500,0.00,1761.00
KXHIGHLAX-25JUL02-B70.5,1751470140,2025-07-02T15:29:00+00:00,1,,,,,,0.5600,0.5200,0.5200,0.5200,0.5200,0.5500,0.5500,0.5500,0.5500,0.00,1761.00
KXHIGHLAX-25JUL02-B70.5,1751470200,2025-07-02T15:30:00+00:00,1,,,,,,0.5600,0.5200,0.5200,0.5200,0.5200,0.5500,0.5500,0.5500,0.5500,0.00,1761.00
KXHIGHLAX-25JUL02-B70.5,1751470260,2025-07-02T15:31:00+00:00,1,,,,,,0.5600,0.5200,0.5200,0.5200,0.5200,0.5500,0.5500,0.5500,0.5500,0.00,1761.00
KXHIGHLAX-25JUL02-B70.5,1751470320,2025-07-02T15:32:00+00:00,1,,,,,,0.5600,0.5200,0.5300,0.5200,0.5300,0.5500,0.6700,0.5500,0.6500,0.00,1761.00
KXHIGHLAX-25JUL02-B70.5,1751470380,2025-07-02T15:33:00+00:00,1,,,,,,0.5600,0.5300,0.5300,0.5300,0.5300,0.6500,0.6700,0.6200,0.6200,0.00,1761.00
KXHIGHLAX-25JUL02-B70.5,1751470440,2025-07-02T15:34:00+00:00,1,,,,,,0.5600,0.5300,0.5300,0.5300,0.5300,0.6200,0.6200,0.6200,0.6200,0.00,1761.00
KXHIGHLAX-25JUL02-B70.5,1751470560,2025-07-02T15:36:00+00:00,1,,,,,,0.5600,0.5300,0.5300,0.5300,0.5300,0.6200,0.6200,0.6200,0.6200,0.00,1761.00
KXHIGHLAX-25JUL02-B70.5,1751470620,2025-07-02T15:37:00+00:00,1,,,,,,0.5600,0.5300,0.5300,0.5200,0.5300,0.6200,0.6200,0.6200,0.6200,0.00,1761.00
KXHIGHLAX-25JUL02-B70.5,1751470800,2025-07-02T15:40:00+00:00,1,,,,,,0.5600,0.5300,0.5300,0.5300,0.5300,0.6200,0.6200,0.6100,0.6100,0.00,1761.00
KXHIGHLAX-25JUL02-B70.5,1751470860,2025-07-02T15:41:00+00:00,1,,,,,,0.5600,0.5300,0.5300,0.5300,0.5300,0.6100,0.6200,0.6100,0.6100,0.00,1761.00
KXHIGHLAX-25JUL02-B70.5,1751470920,2025-07-02T15:42:00+00:00,1,,,,,,0.5600,0.5300,0.5300,0.5300,0.5300,0.6100,0.6200,0.6100,0.6100,0.00,1761.00
KXHIGHLAX-25JUL02-B70.5,1751470980,2025-07-02T15:43:00+00:00,1,,,,,,0.5600,0.5300,0.5300,0.5300,0.5300,0.6100,0.6200,0.6100,0.6100,0.00,1761.00
KXHIGHLAX-25JUL02-B70.5,1751471040,2025-07-02T15:44:00+00:00,1,,,,,,0.5600,0.5300,0.5300,0.5300,0.5300,0.6100,0.6200,0.6100,0.6100,0.00,1761.00
KXHIGHLAX-25JUL02-B70.5,1751471100,2025-07-02T15:45:00+00:00,1,,,,,,0.5600,0.5300,0.5300,0.5300,0.5300,0.6100,0.6200,0.6100,0.6100,0.00,1761.00
KXHIGHLAX-25JUL02-B70.5,1751471160,2025-07-02T15:46:00+00:00,1,,,,,,0.5600,0.5300,0.5300,0.5300,0.5300,0.6100,0.6200,0.6100,0.6100,0.00,1761.00
KXHIGHLAX-25JUL02-B70.5,1751471220,2025-07-02T15:47:00+00:00,1,,,,,,0.5600,0.5300,0.5300,0.5200,0.5300,0.6100,0.6200,0.6100,0.6200,0.00,1761.00
KXHIGHLAX-25JUL02-B70.5,1751471280,2025-07-02T15:48:00+00:00,1,,,,,,0.5600,0.5300,0.5300,0.5300,0.5300,0.6200,0.6200,0.6100,0.6200,0.00,1761.00
KXHIGHLAX-25JUL02-B70.5,1751471340,2025-07-02T15:49:00+00:00,1,,,,,,0.5600,0.5300,0.5300,0.5300,0.5300,0.6200,0.6200,0.6100,0.6100,0.00,1761.00
KXHIGHLAX-25JUL02-B70.5,1751471400,2025-07-02T15:50:00+00:00,1,,,,,,0.5600,0.5300,0.5300,0.5300,0.5300,0.6100,0.6200,0.6100,0.6100,0.00,1761.00
KXHIGHLAX-25JUL02-B70.5,1751471460,2025-07-02T15:51:00+00:00,1,,,,,,0.5600,0.5300,0.5300,0.5300,0.5300,0.6100,0.6200,0.6100,0.6100,0.00,1761.00
KXHIGHLAX-25JUL02-B70.5,1751471520,2025-07-02T15:52:00+00:00,1,0.6200,0.6200,0.6200,0.6200,0.6200,0.5600,0.5300,0.5300,0.5300,0.5300,0.6100,0.6200,0.6100,0.6200,39.00,1800.00
KXHIGHLAX-25JUL02-B70.5,1751471580,2025-07-02T15:53:00+00:00,1,,,,,,0.6200,0.5300,0.5300,0.5300,0.5300,0.6200,0.6200,0.6100,0.6100,0.00,1800.00
KXHIGHLAX-25JUL02-B70.5,1751471640,2025-07-02T15:54:00+00:00,1,,,,,,0.6200,0.5300,0.5300,0.5300,0.5300,0.6100,0.6200,0.6100,0.6200,0.00,1800.00
KXHIGHLAX-25JUL02-B70.5,1751471700,2025-07-02T15:55:00+00:00,1,,,,,,0.6200,0.5300,0.5300,0.5300,0.5300,0.6200,0.6200,0.6100,0.6200,0.00,1800.00
KXHIGHLAX-25JUL02-B70.5,1751471760,2025-07-02T15:56:00+00:00,1,,,,,,0.6200,0.5300,0.5500,0.5300,0.5300,0.6200,0.6200,0.6100,0.6200,0.00,1800.00
KXHIGHLAX-25JUL02-B70.5,1751471820,2025-07-02T15:57:00+00:00,1,,,,,,0.6200,0.5300,0.5500,0.5300,0.5500,0.6200,0.6200,0.6100,0.6100,0.00,1800.00
KXHIGHLAX-25JUL02-B70.5,1751471880,2025-07-02T15:58:00+00:00,1,,,,,,0.6200,0.5500,0.5500,0.5300,0.5300,0.6100,0.6200,0.6100,0.6100,0.00,1800.00
KXHIGHLAX-25JUL02-B70.5,1751471940,2025-07-02T15:59:00+00:00,1,,,,,,0.6200,0.5300,0.5500,0.5300,0.5400,0.6100,0.6200,0.6100,0.6100,0.00,1800.00
KXHIGHLAX-25JUL02-B70.5,1751472000,2025-07-02T16:00:00+00:00,1,,,,,,0.6200,0.5400,0.5500,0.5300,0.5500,0.6100,0.6200,0.6100,0.6100,0.00,1800.00
KXHIGHLAX-25JUL02-B70.5,1751472060,2025-07-02T16:01:00+00:00,1,,,,,,0.6200,0.5500,0.5500,0.5300,0.5500,0.6100,0.6200,0.6100,0.6200,0.00,1800.00
KXHIGHLAX-25JUL02-B70.5,1751472120,2025-07-02T16:02:00+00:00,1,,,,,,0.6200,0.5500,0.5500,0.5500,0.5500,0.6200,0.6200,0.6100,0.6100,0.00,1800.00
KXHIGHLAX-25JUL02-B70.5,1751472180,2025-07-02T16:03:00+00:00,1,,,,,,0.6200,0.5500,0.5500,0.5500,0.5500,0.6100,0.6200,0.6100,0.6100,0.00,1800.00
KXHIGHLAX-25JUL02-B70.5,1751472240,2025-07-02T16:04:00+00:00,1,,,,,,0.6200,0.5500,0.5500,0.5500,0.5500,0.6100,0.6200,0.6100,0.6100,0.00,1800.00
KXHIGHLAX-25JUL02-B70.5,1751472300,2025-07-02T16:05:00+00:00,1,,,,,,0.6200,0.5500,0.5600,0.5500,0.5600,0.6100,0.6200,0.6100,0.6100,0.00,1800.00
KXHIGHLAX-25JUL02-B70.5,1751472360,2025-07-02T16:06:00+00:00,1,,,,,,0.6200,0.5600,0.5800,0.5500,0.5700,0.6100,0.6200,0.6000,0.6200,0.00,1800.00
KXHIGHLAX-25JUL02-B70.5,1751472420,2025-07-02T16:07:00+00:00,1,,,,,,0.6200,0.5700,0.5800,0.5700,0.5700,0.6200,0.6200,0.6100,0.6100,0.00,1800.00
KXHIGHLAX-25JUL02-B70.5,1751472480,2025-07-02T16:08:00+00:00,1,,,,,,0.6200,0.5700,0.5800,0.5600,0.5800,0.6100,0.6200,0.5900,0.6100,0.00,1800.00
KXHIGHLAX-25JUL02-B70.5,1751472540,2025-07-02T16:09:00+00:00,1,0.5800,0.5800,0.5800,0.5800,0.5800,0.6200,0.5800,0.5800,0.5000,0.5100,0.6100,0.6200,0.6100,0.6100,5.00,1803.00
KXHIGHLAX-25JUL02-B70.5,1751472600,2025-07-02T16:10:00+00:00,1,,,,,,0.5800,0.5100,0.5200,0.5000,0.5200,0.6100,0.6200,0.6100,0.6200,0.00,1803.00
KXHIGHLAX-25JUL02-B70.5,1751472660,2025-07-02T16:11:00+00:00,1,,,,,,0.5800,0.5200,0.5200,0.5200,0.5200,0.6200,0.6200,0.6100,0.6200,0.00,1803.00
KXHIGHLAX-25JUL02-B70.5,1751472720,2025-07-02T16:12:00+00:00,1,,,,,,0.5800,0.5200,0.5200,0.5200,0.5200,0.6200,0.6200,0.6100,0.6200,0.00,1803.00
KXHIGHLAX-25JUL02-B70.5,1751472780,2025-07-02T16:13:00+00:00,1,,,,,,0.5800,0.5200,0.5200,0.5200,0.5200,0.6200,0.6200,0.6100,0.6200,0.00,1803.00
KXHIGHLAX-25JUL02-B70.5,1751472840,2025-07-02T16:14:00+00:00,1,,,,,,0.5800,0.5200,0.5200,0.5200,0.5200,0.6200,0.6200,0.6100,0.6200,0.00,1803.00
KXHIGHLAX-25JUL02-B70.5,1751472900,2025-07-02T16:15:00+00:00,1,,,,,,0.5800,0.5200,0.5200,0.5200,0.5200,0.6200,0.6200,0.6100,0.6200,0.00,1803.00
KXHIGHLAX-25JUL02-B70.5,1751472960,2025-07-02T16:16:00+00:00,1,,,,,,0.5800,0.5200,0.5300,0.5000,0.5300,0.6200,0.6200,0.6100,0.6200,0.00,1803.00
KXHIGHLAX-25JUL02-B70.5,1751473020,2025-07-02T16:17:00+00:00,1,,,,,,0.5800,0.5300,0.5300,0.5300,0.5300,0.6200,0.6200,0.6100,0.6200,0.00,1803.00
KXHIGHLAX-25JUL02-B70.5,1751473080,2025-07-02T16:18:00+00:00,1,,,,,,0.5800,0.5300,0.5300,0.5300,0.5300,0.6200,0.6200,0.6100,0.6200,0.00,1803.00
KXHIGHLAX-25JUL02-B70.5,1751473140,2025-07-02T16:19:00+00:00,1,,,,,,0.5800,0.5300,0.5300,0.5300,0.5300,0.6200,0.6200,0.6100,0.6200,0.00,1803.00
KXHIGHLAX-25JUL02-B70.5,1751473200,2025-07-02T16:20:00+00:00,1,,,,,,0.5800,0.5300,0.5300,0.5300,0.5300,0.6200,0.6200,0.6100,0.6200,0.00,1803.00
KXHIGHLAX-25JUL02-B70.5,1751473260,2025-07-02T16:21:00+00:00,1,0.5300,0.5300,0.5000,0.5000,0.5198,0.5800,0.5300,0.5300,0.5000,0.5100,0.6200,0.6200,0.6000,0.6200,42.00,1771.00
KXHIGHLAX-25JUL02-B70.5,1751473320,2025-07-02T16:22:00+00:00,1,,,,,,0.5000,0.5100,0.5100,0.5100,0.5100,0.6200,0.6200,0.6100,0.6100,0.00,1771.00
KXHIGHLAX-25JUL02-B70.5,1751473380,2025-07-02T16:23:00+00:00,1,,,,,,0.5000,0.5100,0.5100,0.5100,0.5100,0.6100,0.6100,0.6100,0.6100,0.00,1771.00
KXHIGHLAX-25JUL02-B70.5,1751473500,2025-07-02T16:25:00+00:00,1,,,,,,0.5000,0.5100,0.5100,0.5100,0.5100,0.6100,0.6100,0.6100,0.6100,0.00,1771.00
KXHIGHLAX-25JUL02-B70.5,1751473560,2025-07-02T16:26:00+00:00,1,,,,,,0.5000,0.5100,0.5100,0.5100,0.5100,0.6100,0.6100,0.6100,0.6100,0.00,1771.00
KXHIGHLAX-25JUL02-B70.5,1751473740,2025-07-02T16:29:00+00:00,1,,,,,,0.5000,0.5100,0.5100,0.5000,0.5100,0.6100,0.6100,0.6100,0.6100,0.00,1771.00
KXHIGHLAX-25JUL02-B70.5,1751473800,2025-07-02T16:30:00+00:00,1,,,,,,0.5000,0.5100,0.5100,0.5100,0.5100,0.6100,0.6200,0.6100,0.6100,0.00,1771.00
KXHIGHLAX-25JUL02-B70.5,1751473860,2025-07-02T16:31:00+00:00,1,,,,,,0.5000,0.5100,0.5200,0.5100,0.5200,0.6100,0.6100,0.6000,0.6000,0.00,1771.00
KXHIGHLAX-25JUL02-B70.5,1751473920,2025-07-02T16:32:00+00:00,1,,,,,,0.5000,0.5200,0.5500,0.5100,0.5200,0.6000,0.6000,0.6000,0.6000,0.00,1771.00
KXHIGHLAX-25JUL02-B70.5,1751473980,2025-07-02T16:33:00+00:00,1,,,,,,0.5000,0.5200,0.5300,0.5200,0.5300,0.6000,0.6000,0.6000,0.6000,0.00,1771.00
KXHIGHLAX-25JUL02-B70.5,1751474040,2025-07-02T16:34:00+00:00,1,,,,,,0.5000,0.5300,0.5300,0.5300,0.5300,0.6000,0.6000,0.6000,0.6000,0.00,1771.00
KXHIGHLAX-25JUL02-B70.5,1751474220,2025-07-02T16:37:00+00:00,1,,,,,,0.5000,0.5300,0.5300,0.5000,0.5100,0.6000,0.6000,0.6000,0.6000,0.00,1771.00
KXHIGHLAX-25JUL02-B70.5,1751474340,2025-07-02T16:39:00+00:00,1,,,,,,0.5000,0.5100,0.5100,0.5000,0.5000,0.6000,0.6200,0.6000,0.6100,0.00,1771.00
KXHIGHLAX-25JUL02-B70.5,1751474400,2025-07-02T16:40:00+00:00,1,,,,,,0.5000,0.5000,0.5200,0.5000,0.5100,0.6100,0.6200,0.6100,0.6100,0.00,1771.00
KXHIGHLAX-25JUL02-B70.5,1751474460,2025-07-02T16:41:00+00:00,1,,,,,,0.5000,0.5100,0.5200,0.5100,0.5200,0.6100,0.6100,0.6100,0.6100,0.00,1771.00
KXHIGHLAX-25JUL02-B70.5,1751474520,2025-07-02T16:42:00+00:00,1,,,,,,0.5000,0.5200,0.5200,0.5100,0.5100,0.6100,0.6100,0.6100,0.6100,0.00,1771.00
KXHIGHLAX-25JUL02-B70.5,1751474580,2025-07-02T16:43:00+00:00,1,,,,,,0.5000,0.5100,0.5200,0.5000,0.5000,0.6100,0.6200,0.6100,0.6100,0.00,1771.00
KXHIGHLAX-25JUL02-B70.5,1751474640,2025-07-02T16:44:00+00:00,1,0.5000,0.5000,0.5000,0.5000,0.5000,0.5000,0.5000,0.5100,0.5000,0.5000,0.6100,0.6200,0.5500,0.5700,200.00,1971.00
KXHIGHLAX-25JUL02-B70.5,1751474700,2025-07-02T16:45:00+00:00,1,,,,,,0.5000,0.5000,0.5000,0.5000,0.5000,0.5700,0.6000,0.5500,0.5700,0.00,1971.00
KXHIGHLAX-25JUL02-B70.5,1751474760,2025-07-02T16:46:00+00:00,1,,,,,,0.5000,0.5000,0.5000,0.5000,0.5000,0.5700,0.6100,0.5500,0.5700,0.00,1971.00
KXHIGHLAX-25JUL02-B70.5,1751474820,2025-07-02T16:47:00+00:00,1,0.5700,0.5700,0.5700,0.5700,0.5700,0.5000,0.5000,0.5000,0.5000,0.5000,0.5700,0.6000,0.5500,0.5700,1.00,1972.00
KXHIGHLAX-25JUL02-B70.5,1751474880,2025-07-02T16:48:00+00:00,1,0.5600,0.5700,0.5600,0.5700,0.5658,0.5700,0.5000,0.5100,0.5000,0.5100,0.5700,0.6100,0.5500,0.5600,33.00,2005.00
KXHIGHLAX-25JUL02-B70.5,1751474940,2025-07-02T16:49:00+00:00,1,,,,,,0.5700,0.5100,0.5100,0.5100,0.5100,0.5600,0.5600,0.5600,0.5600,0.00,2005.00
KXHIGHLAX-25JUL02-B70.5,1751475000,2025-07-02T16:50:00+00:00,1,0.5100,0.5100,0.5000,0.5000,0.5057,0.5700,0.5100,0.5100,0.5000,0.5000,0.5600,0.6100,0.5600,0.5700,150.00,2123.00
KXHIGHLAX-25JUL02-B70.5,1751475060,2025-07-02T16:51:00+00:00,1,,,,,,0.5000,0.5000,0.5000,0.5000,0.5000,0.5700,0.6000,0.5600,0.5600,0.00,2123.00
KXHIGHLAX-25JUL02-B70.5,1751475120,2025-07-02T16:52:00+00:00,1,,,,,,0.5000,0.5000,0.5000,0.5000,0.5000,0.5600,0.5700,0.5500,0.5500,0.00,2123.00
KXHIGHLAX-25JUL02-B70.5,1751475180,2025-07-02T16:53:00+00:00,1,,,,,,0.5000,0.5000,0.5000,0.5000,0.5000,0.5500,0.5600,0.5500,0.5600,0.00,2123.00
KXHIGHLAX-25JUL02-B70.5,1751475240,2025-07-02T16:54:00+00:00,1,,,,,,0.5000,0.5000,0.5000,0.5000,0.5000,0.5600,0.5600,0.5600,0.5600,0.00,2123.00
KXHIGHLAX-25JUL02-B70.5,1751475420,2025-07-02T16:57:00+00:00,1,,,,,,0.5000,0.5000,0.5000,0.5000,0.5000,0.5600,0.5600,0.5600,0.5600,0.00,2123.00
KXHIGHLAX-25JUL02-B70.5,1751475540,2025-07-02T16:59:00+00:00,1,,,,,,0.5000,0.5000,0.5000,0.5000,0.5000,0.5600,0.5600,0.5600,0.5600,0.00,2123.00
KXHIGHLAX-25JUL02-B70.5,1751475600,2025-07-02T17:00:00+00:00,1,,,,,,0.5000,0.5000,0.5000,0.5000,0.5000,0.5600,0.5600,0.5600,0.5600,0.00,2123.00
KXHIGHLAX-25JUL02-B70.5,1751475660,2025-07-02T17:01:00+00:00,1,,,,,,0.5000,0.5000,0.5000,0.5000,0.5000,0.5600,0.5800,0.5500,0.5600,0.00,2123.00
KXHIGHLAX-25JUL02-B70.5,1751475780,2025-07-02T17:03:00+00:00,1,,,,,,0.5000,0.5000,0.5000,0.5000,0.5000,0.5600,0.5600,0.5600,0.5600,0.00,2123.00
KXHIGHLAX-25JUL02-B70.5,1751475840,2025-07-02T17:04:00+00:00,1,,,,,,0.5000,0.5000,0.5000,0.5000,0.5000,0.5600,0.5600,0.5600,0.5600,0.00,2123.00
KXHIGHLAX-25JUL02-B70.5,1751476020,2025-07-02T17:07:00+00:00,1,,,,,,0.5000,0.5000,0.5000,0.5000,0.5000,0.5600,0.5600,0.5600,0.5600,0.00,2123.00
KXHIGHLAX-25JUL02-B70.5,1751476080,2025-07-02T17:08:00+00:00,1,,,,,,0.5000,0.5000,0.5000,0.5000,0.5000,0.5600,0.5600,0.5600,0.5600,0.00,2123.00
KXHIGHLAX-25JUL02-B70.5,1751476140,2025-07-02T17:09:00+00:00,1,,,,,,0.5000,0.5000,0.5000,0.5000,0.5000,0.5600,0.5600,0.5500,0.5600,0.00,2123.00
KXHIGHLAX-25JUL02-B70.5,1751476200,2025-07-02T17:10:00+00:00,1,,,,,,0.5000,0.5000,0.5000,0.5000,0.5000,0.5600,0.5600,0.5600,0.5600,0.00,2123.00
KXHIGHLAX-25JUL02-B70.5,1751476260,2025-07-02T17:11:00+00:00,1,,,,,,0.5000,0.5000,0.5000,0.5000,0.5000,0.5600,0.5600,0.5600,0.5600,0.00,2123.00
KXHIGHLAX-25JUL02-B70.5,1751476320,2025-07-02T17:12:00+00:00,1,,,,,,0.5000,0.5000,0.5000,0.5000,0.5000,0.5600,0.5600,0.5600,0.5600,0.00,2123.00
KXHIGHLAX-25JUL02-B70.5,1751476380,2025-07-02T17:13:00+00:00,1,0.5600,0.5800,0.5600,0.5800,0.5723,0.5000,0.5000,0.5100,0.5000,0.5100,0.5600,0.5800,0.5600,0.5700,101.00,2201.00
KXHIGHLAX-25JUL02-B70.5,1751476440,2025-07-02T17:14:00+00:00,1,,,,,,0.5800,0.5100,0.5100,0.5000,0.5000,0.5700,0.5800,0.5700,0.5700,0.00,2201.00
KXHIGHLAX-25JUL02-B70.5,1751476500,2025-07-02T17:15:00+00:00,1,,,,,,0.5800,0.5000,0.5200,0.5000,0.5100,0.5700,0.5700,0.5700,0.5700,0.00,2201.00
KXHIGHLAX-25JUL02-B70.5,1751476560,2025-07-02T17:16:00+00:00,1,0.5700,0.5900,0.5700,0.5900,0.5843,0.5800,0.5100,0.5200,0.5000,0.5200,0.5700,0.5900,0.5700,0.5700,83.00,2263.00
KXHIGHLAX-25JUL02-B70.5,1751476620,2025-07-02T17:17:00+00:00,1,,,,,,0.5900,0.5200,0.5200,0.5000,0.5200,0.5700,0.5700,0.5700,0.5700,0.00,2263.00
KXHIGHLAX-25JUL02-B70.5,1751476680,2025-07-02T17:18:00+00:00,1,,,,,,0.5900,0.5200,0.5200,0.5000,0.5100,0.5700,0.5700,0.5700,0.5700,0.00,2263.00
KXHIGHLAX-25JUL02-B70.5,1751476740,2025-07-02T17:19:00+00:00,1,,,,,,0.5900,0.5100,0.5200,0.5000,0.5100,0.5700,0.5700,0.5700,0.5700,0.00,2263.00
KXHIGHLAX-25JUL02-B70.5,1751476920,2025-07-02T17:22:00+00:00,1,,,,,,0.5900,0.5100,0.5100,0.5000,0.5100,0.5700,0.5900,0.5700,0.5800,0.00,2263.00
KXHIGHLAX-25JUL02-B70.5,1751476980,2025-07-02T17:23:00+00:00,1,,,,,,0.5900,0.5100,0.5200,0.5000,0.5100,0.5800,0.5900,0.5700,0.5700,0.00,2263.00
KXHIGHLAX-25JUL02-B70.5,1751477040,2025-07-02T17:24:00+00:00,1,,,,,,0.5900,0.5100,0.5100,0.5000,0.5100,0.5700,0.5900,0.5700,0.5800,0.00,2263.00
KXHIGHLAX-25JUL02-B70.5,1751477100,2025-07-02T17:25:00+00:00,1,,,,,,0.5900,0.5100,0.5100,0.5000,0.5100,0.5800,0.5900,0.5800,0.5800,0.00,2263.00
KXHIGHLAX-25JUL02-B70.5,1751477160,2025-07-02T17:26:00+00:00,1,,,,,,0.5900,0.5100,0.5100,0.5000,0.5100,0.5800,0.5900,0.5800,0.5800,0.00,2263.00
KXHIGHLAX-25JUL02-B70.5,1751477220,2025-07-02T17:27:00+00:00,1,,,,,,0.5900,0.5100,0.5200,0.5000,0.5200,0.5800,0.5900,0.5700,0.5700,0.00,2263.00
KXHIGHLAX-25JUL02-B70.5,1751477280,2025-07-02T17:28:00+00:00,1,,,,,,0.5900,0.5200,0.5200,0.5000,0.5000,0.5700,0.5900,0.5700,0.5900,0.00,2263.00
KXHIGHLAX-25JUL02-B70.5,1751477340,2025-07-02T17:29:00+00:00,1,,,,,,0.5900,0.5000,0.5200,0.5000,0.5100,0.5900,0.5900,0.5800,0.5800,0.00,2263.00
KXHIGHLAX-25JUL02-B70.5,1751477400,2025-07-02T17:30:00+00:00,1,,,,,,0.5900,0.5100,0.5100,0.5000,0.5100,0.5800,0.5900,0.5800,0.5800,0.00,2263.00
KXHIGHLAX-25JUL02-B70.5,1751477460,2025-07-02T17:31:00+00:00,1,,,,,,0.5900,0.5100,0.5100,0.5000,0.5000,0.5800,0.5900,0.5800,0.5800,0.00,2263.00
KXHIGHLAX-25JUL02-B70.5,1751477520,2025-07-02T17:32:00+00:00,1,,,,,,0.5900,0.5000,0.5100,0.5000,0.5100,0.5800,0.5900,0.5800,0.5800,0.00,2263.00
KXHIGHLAX-25JUL02-B70.5,1751477580,2025-07-02T17:33:00+00:00,1,,,,,,0.5900,0.5100,0.5100,0.5000,0.5100,0.5800,0.5900,0.5800,0.5800,0.00,2263.00
KXHIGHLAX-25JUL02-B70.5,1751477640,2025-07-02T17:34:00+00:00,1,,,,,,0.5900,0.5100,0.5100,0.5000,0.5100,0.5800,0.5900,0.5800,0.5800,0.00,2263.00
KXHIGHLAX-25JUL02-B70.5,1751477700,2025-07-02T17:35:00+00:00,1,,,,,,0.5900,0.5100,0.5100,0.5000,0.5000,0.5800,0.5900,0.5800,0.5900,0.00,2263.00
KXHIGHLAX-25JUL02-B70.5,1751477760,2025-07-02T17:36:00+00:00,1,,,,,,0.5900,0.5000,0.5200,0.5000,0.5200,0.5900,0.5900,0.5700,0.5700,0.00,2263.00
KXHIGHLAX-25JUL02-B70.5,1751477820,2025-07-02T17:37:00+00:00,1,,,,,,0.5900,0.5200,0.5300,0.5000,0.5100,0.5700,0.5900,0.5700,0.5800,0.00,2263.00
KXHIGHLAX-25JUL02-B70.5,1751477880,2025-07-02T17:38:00+00:00,1,,,,,,0.5900,0.5100,0.5200,0.5000,0.5200,0.5800,0.5900,0.5500,0.5500,0.00,2263.00
KXHIGHLAX-25JUL02-B70.5,1751477940,2025-07-02T17:39:00+00:00,1,,,,,,0.5900,0.5200,0.5200,0.5200,0.5200,0.5500,0.5500,0.5500,0.5500,0.00,2263.00
KXHIGHLAX-25JUL02-B70.5,1751478000,2025-07-02T17:40:00+00:00,1,,,,,,0.5900,0.5200,0.5200,0.5100,0.5100,0.5500,0.5600,0.5500,0.5600,0.00,2263.00
KXHIGHLAX-25JUL02-B70.5,1751478060,2025-07-02T17:41:00+00:00,1,,,,,,0.5900,0.5100,0.5100,0.5100,0.5100,0.5600,0.5600,0.5600,0.5600,0.00,2263.00
KXHIGHLAX-25JUL02-B70.5,1751478300,2025-07-02T17:45:00+00:00,1,,,,,,0.5900,0.5100,0.5100,0.5100,0.5100,0.5600,0.5600,0.5600,0.5600,0.00,2263.00
KXHIGHLAX-25JUL02-B70.5,1751478360,2025-07-02T17:46:00+00:00,1,,,,,,0.5900,0.5100,0.5200,0.5100,0.5200,0.5600,0.5700,0.5600,0.5700,0.00,2263.00
KXHIGHLAX-25JUL02-B70.5,1751478420,2025-07-02T17:47:00+00:00,1,,,,,,0.5900,0.5200,0.5200,0.5100,0.5200,0.5700,0.5700,0.5700,0.5700,0.00,2263.00
KXHIGHLAX-25JUL02-B70.5,1751478480,2025-07-02T17:48:00+00:00,1,,,,,,0.5900,0.5200,0.5200,0.5100,0.5200,0.5700,0.5700,0.5600,0.5700,0.00,2263.00
KXHIGHLAX-25JUL02-B70.5,1751478540,2025-07-02T17:49:00+00:00,1,,,,,,0.5900,0.5200,0.5200,0.5100,0.5200,0.5700,0.5700,0.5700,0.5700,0.00,2263.00
KXHIGHLAX-25JUL02-B70.5,1751478600,2025-07-02T17:50:00+00:00,1,,,,,,0.5900,0.5200,0.5200,0.5100,0.5200,0.5700,0.5700,0.5700,0.5700,0.00,2263.00
KXHIGHLAX-25JUL02-B70.5,1751478660,2025-07-02T17:51:00+00:00,1,0.5200,0.5200,0.5200,0.5200,0.5200,0.5900,0.5200,0.5200,0.5100,0.5100,0.5700,0.5700,0.5200,0.5600,4.00,2259.00
KXHIGHLAX-25JUL02-B70.5,1751478720,2025-07-02T17:52:00+00:00,1,,,,,,0.5200,0.5100,0.5200,0.5100,0.5100,0.5600,0.5600,0.5600,0.5600,0.00,2259.00
KXHIGHLAX-25JUL02-B70.5,1751478780,2025-07-02T17:53:00+00:00,1,,,,,,0.5200,0.5100,0.5200,0.5100,0.5200,0.5600,0.5600,0.5600,0.5600,0.00,2259.00
KXHIGHLAX-25JUL02-B70.5,1751478840,2025-07-02T17:54:00+00:00,1,,,,,,0.5200,0.5200,0.5200,0.5100,0.5100,0.5600,0.5600,0.5600,0.5600,0.00,2259.00
KXHIGHLAX-25JUL02-B70.5,1751478900,2025-07-02T17:55:00+00:00,1,,,,,,0.5200,0.5100,0.5200,0.5000,0.5200,0.5600,0.5900,0.5600,0.5800,0.00,2259.00
KXHIGHLAX-25JUL02-B70.5,1751479020,2025-07-02T17:57:00+00:00,1,0.5200,0.5200,0.5000,0.5000,0.5152,0.5200,0.5200,0.5200,0.5000,0.5100,0.5800,0.5800,0.5700,0.5700,46.00,2246.00
KXHIGHLAX-25JUL02-B70.5,1751479080,2025-07-02T17:58:00+00:00,1,,,,,,0.5000,0.5100,0.5100,0.5000,0.5100,0.5700,0.5800,0.5700,0.5700,0.00,2246.00
KXHIGHLAX-25JUL02-B70.5,1751479140,2025-07-02T17:59:00+00:00,1,,,,,,0.5000,0.5100,0.5100,0.5000,0.5000,0.5700,0.5700,0.5700,0.5700,0.00,2246.00
KXHIGHLAX-25JUL02-B70.5,1751479200,2025-07-02T18:00:00+00:00,1,,,,,,0.5000,0.5000,0.5100,0.5000,0.5100,0.5700,0.5700,0.5700,0.5700,0.00,2246.00
KXHIGHLAX-25JUL02-B70.5,1751479260,2025-07-02T18:01:00+00:00,1,,,,,,0.5000,0.5100,0.5200,0.5000,0.5000,0.5700,0.5800,0.5700,0.5700,0.00,2246.00
KXHIGHLAX-25JUL02-B70.5,1751479320,2025-07-02T18:02:00+00:00,1,,,,,,0.5000,0.5000,0.5100,0.5000,0.5100,0.5700,0.5700,0.5700,0.5700,0.00,2246.00
KXHIGHLAX-25JUL02-B70.5,1751479380,2025-07-02T18:03:00+00:00,1,,,,,,0.5000,0.5100,0.5100,0.5000,0.5100,0.5700,0.5700,0.5700,0.5700,0.00,2246.00
KXHIGHLAX-25JUL02-B70.5,1751479440,2025-07-02T18:04:00+00:00,1,,,,,,0.5000,0.5100,0.5100,0.5000,0.5100,0.5700,0.5700,0.5700,0.5700,0.00,2246.00
KXHIGHLAX-25JUL02-B70.5,1751479500,2025-07-02T18:05:00+00:00,1,,,,,,0.5000,0.5100,0.5100,0.5000,0.5000,0.5700,0.5700,0.5700,0.5700,0.00,2246.00
KXHIGHLAX-25JUL02-B70.5,1751479560,2025-07-02T18:06:00+00:00,1,,,,,,0.5000,0.5000,0.5100,0.5000,0.5100,0.5700,0.5700,0.5700,0.5700,0.00,2246.00
KXHIGHLAX-25JUL02-B70.5,1751479620,2025-07-02T18:07:00+00:00,1,,,,,,0.5000,0.5100,0.5100,0.5000,0.5100,0.5700,0.5900,0.5700,0.5700,0.00,2246.00
KXHIGHLAX-25JUL02-B70.5,1751479680,2025-07-02T18:08:00+00:00,1,,,,,,0.5000,0.5100,0.5100,0.5000,0.5000,0.5700,0.5700,0.5700,0.5700,0.00,2246.00
KXHIGHLAX-25JUL02-B70.5,1751479740,2025-07-02T18:09:00+00:00,1,0.5700,0.5900,0.5700,0.5900,0.5745,0.5000,0.5000,0.5100,0.5000,0.5100,0.5700,0.5900,0.5700,0.5800,33.00,2260.00
KXHIGHLAX-25JUL02-B70.5,1751479800,2025-07-02T18:10:00+00:00,1,0.5800,0.6200,0.5800,0.6200,0.5966,0.5900,0.5100,0.5100,0.5000,0.5100,0.5800,0.6200,0.5800,0.6100,162.00,2411.00
KXHIGHLAX-25JUL02-B70.5,1751479860,2025-07-02T18:11:00+00:00,1,,,,,,0.6200,0.5100,0.5300,0.5100,0.5300,0.6100,0.6100,0.5900,0.5900,0.00,2411.00
KXHIGHLAX-25JUL02-B70.5,1751479920,2025-07-02T18:12:00+00:00,1,,,,,,0.6200,0.5300,0.5300,0.5100,0.5200,0.5900,0.6000,0.5900,0.5900,0.00,2411.00
KXHIGHLAX-25JUL02-B70.5,1751479980,2025-07-02T18:13:00+00:00,1,,,,,,0.6200,0.5200,0.5300,0.5100,0.5300,0.5900,0.5900,0.5900,0.5900,0.00,2411.00
KXHIGHLAX-25JUL02-B70.5,1751480040,2025-07-02T18:14:00+00:00,1,,,,,,0.6200,0.5300,0.5300,0.5100,0.5200,0.5900,0.5900,0.5900,0.5900,0.00,2411.00
KXHIGHLAX-25JUL02-B70.5,1751480100,2025-07-02T18:15:00+00:00,1,,,,,,0.6200,0.5200,0.5300,0.5100,0.5200,0.5900,0.6000,0.5900,0.5900,0.00,2411.00
KXHIGHLAX-25JUL02-B70.5,1751480160,2025-07-02T18:16:00+00:00,1,,,,,,0.6200,0.5200,0.5300,0.5100,0.5200,0.5900,0.5900,0.5900,0.5900,0.00,2411.00
KXHIGHLAX-25JUL02-B70.5,1751480220,2025-07-02T18:17:00+00:00,1,,,,,,0.6200,0.5200,0.5300,0.5000,0.5100,0.5900,0.6000,0.5900,0.6000,0.00,2411.00
KXHIGHLAX-25JUL02-B70.5,1751480280,2025-07-02T18:18:00+00:00,1,,,,,,0.6200,0.5100,0.5300,0.5000,0.5100,0.6000,0.6000,0.5900,0.6000,0.00,2411.00
KXHIGHLAX-25JUL02-B70.5,1751480340,2025-07-02T18:19:00+00:00,1,,,,,,0.6200,0.5100,0.5300,0.5100,0.5200,0.6000,0.6000,0.5900,0.6000,0.00,2411.00
KXHIGHLAX-25JUL02-B70.5,1751480400,2025-07-02T18:20:00+00:00,1,,,,,,0.6200,0.5200,0.5300,0.5100,0.5200,0.6000,0.6000,0.5900,0.6000,0.00,2411.00
KXHIGHLAX-25JUL02-B70.5,1751480460,2025-07-02T18:21:00+00:00,1,,,,,,0.6200,0.5200,0.5300,0.5100,0.5100,0.6000,0.6000,0.5900,0.5900,0.00,2411.00
KXHIGHLAX-25JUL02-B70.5,1751480520,2025-07-02T18:22:00+00:00,1,,,,,,0.6200,0.5100,0.5300,0.5100,0.5100,0.5900,0.6000,0.5900,0.6000,0.00,2411.00
KXHIGHLAX-25JUL02-B70.5,1751480580,2025-07-02T18:23:00+00:00,1,0.6000,0.6000,0.6000,0.6000,0.6000,0.6200,0.5100,0.5300,0.5100,0.5200,0.6000,0.6200,0.5800,0.5800,17.00,2422.00
KXHIGHLAX-25JUL02-B70.5,1751480640,2025-07-02T18:24:00+00:00,1,,,,,,0.6000,0.5200,0.5300,0.5100,0.5300,0.5800,0.6000,0.5800,0.5900,0.00,2422.00
KXHIGHLAX-25JUL02-B70.5,1751480700,2025-07-02T18:25:00+00:00,1,,,,,,0.6000,0.5300,0.5300,0.5000,0.5100,0.5900,0.6000,0.5800,0.5800,0.00,2422.00
KXHIGHLAX-25JUL02-B70.5,1751480760,2025-07-02T18:26:00+00:00,1,,,,,,0.6000,0.5100,0.5200,0.5000,0.5000,0.5800,0.6000,0.5100,0.5200,0.00,2422.00
KXHIGHLAX-25JUL02-B70.5,1751480820,2025-07-02T18:27:00+00:00,1,,,,,,0.6000,0.5000,0.5000,0.5000,0.5000,0.5200,0.5200,0.5200,0.5200,0.00,2422.00
KXHIGHLAX-25JUL02-B70.5,1751480880,2025-07-02T18:28:00+00:00,1,,,,,,0.6000,0.5000,0.5000,0.5000,0.5000,0.5200,0.5200,0.5200,0.5200,0.00,2422.00
KXHIGHLAX-25JUL02-B70.5,1751480940,2025-07-02T18:29:00+00:00,1,,,,,,0.6000,0.5000,0.5000,0.5000,0.5000,0.5200,0.6100,0.5200,0.5900,0.00,2422.00
KXHIGHLAX-25JUL02-B70.5,1751481000,2025-07-02T18:30:00+00:00,1,,,,,,0.6000,0.5000,0.5100,0.5000,0.5000,0.5900,0.6100,0.5200,0.5300,0.00,2422.00
KXHIGHLAX-25JUL02-B70.5,1751481060,2025-07-02T18:31:00+00:00,1,,,,,,0.6000,0.5000,0.5000,0.5000,0.5000,0.5300,0.6000,0.5200,0.6000,0.00,2422.00
KXHIGHLAX-25JUL02-B70.5,1751481120,2025-07-02T18:32:00+00:00,1,,,,,,0.6000,0.5000,0.5000,0.5000,0.5000,0.6000,0.6100,0.5200,0.5600,0.00,2422.00
KXHIGHLAX-25JUL02-B70.5,1751481180,2025-07-02T18:33:00+00:00,1,,,,,,0.6000,0.5000,0.5000,0.5000,0.5000,0.5600,0.5800,0.5300,0.5800,0.00,2422.00
KXHIGHLAX-25JUL02-B70.5,1751481240,2025-07-02T18:34:00+00:00,1,,,,,,0.6000,0.5000,0.5000,0.5000,0.5000,0.5800,0.5800,0.5800,0.5800,0.00,2422.00
KXHIGHLAX-25JUL02-B70.5,1751481300,2025-07-02T18:35:00+00:00,1,,,,,,0.6000,0.5000,0.5000,0.5000,0.5000,0.5800,0.5800,0.5800,0.5800,0.00,2422.00
KXHIGHLAX-25JUL02-B70.5,1751481360,2025-07-02T18:36:00+00:00,1,,,,,,0.6000,0.5000,0.5000,0.5000,0.5000,0.5800,0.5800,0.5700,0.5800,0.00,2422.00
KXHIGHLAX-25JUL02-B70.5,1751481420,2025-07-02T18:37:00+00:00,1,,,,,,0.6000,0.5000,0.5000,0.5000,0.5000,0.5800,0.5800,0.5200,0.5300,0.00,2422.00
KXHIGHLAX-25JUL02-B70.5,1751481480,2025-07-02T18:38:00+00:00,1,0.5300,0.5300,0.5300,0.5300,0.5300,0.6000,0.5000,0.5000,0.4900,0.4900,0.5300,0.5800,0.5200,0.5300,8.00,2422.00
KXHIGHLAX-25JUL02-B70.5,1751481540,2025-07-02T18:39:00+00:00,1,,,,,,0.5300,0.4900,0.5200,0.4900,0.5100,0.5300,0.5800,0.5200,0.5700,0.00,2422.00
KXHIGHLAX-25JUL02-B70.5,1751481600,2025-07-02T18:40:00+00:00,1,,,,,,0.5300,0.5100,0.5200,0.5000,0.5000,0.5700,0.5700,0.5700,0.5700,0.00,2422.00
KXHIGHLAX-25JUL02-B70.5,1751481660,2025-07-02T18:41:00+00:00,1,0.5700,0.5700,0.5700,0.5700,0.5700,0.5300,0.5000,0.5200,0.5000,0.5000,0.5700,0.5800,0.5700,0.5800,8.00,2430.00
KXHIGHLAX-25JUL02-B70.5,1751481720,2025-07-02T18:42:00+00:00,1,,,,,,0.5700,0.5000,0.5000,0.5000,0.5000,0.5800,0.5800,0.5800,0.5800,0.00,2430.00
KXHIGHLAX-25JUL02-B70.5,1751481840,2025-07-02T18:44:00+00:00,1,,,,,,0.5700,0.5000,0.5200,0.5000,0.5100,0.5800,0.6000,0.5600,0.5800,0.00,2430.00
KXHIGHLAX-25JUL02-B70.5,1751481900,2025-07-02T18:45:00+00:00,1,,,,,,0.5700,0.5100,0.5200,0.5000,0.5100,0.5800,0.6200,0.5600,0.6000,0.00,2430.00
KXHIGHLAX-25JUL02-B70.5,1751481960,2025-07-02T18:46:00+00:00,1,,,,,,0.5700,0.5100,0.5200,0.5000,0.5000,0.5900,0.6200,0.5600,0.5700,0.00,2430.00
KXHIGHLAX-25JUL02-B70.5,1751482020,2025-07-02T18:47:00+00:00,1,,,,,,0.5700,0.5000,0.5200,0.5000,0.5100,0.5700,0.6100,0.5500,0.5800,0.00,2430.00
KXHIGHLAX-25JUL02-B70.5,1751482080,2025-07-02T18:48:00+00:00,1,0.5800,0.5800,0.5800,0.5800,0.5800,0.5700,0.5100,0.5200,0.5000,0.5200,0.5800,0.6200,0.5700,0.6000,27.00,2457.00
KXHIGHLAX-25JUL02-B70.5,1751482140,2025-07-02T18:49:00+00:00,1,,,,,,0.5800,0.5200,0.5200,0.5200,0.5200,0.6000,0.6100,0.5900,0.6000,0.00,2457.00
KXHIGHLAX-25JUL02-B70.5,1751482200,2025-07-02T18:50:00+00:00,1,,,,,,0.5800,0.5200,0.5200,0.5000,0.5200,0.6000,0.6000,0.6000,0.6000,0.00,2457.00
KXHIGHLAX-25JUL02-B70.5,1751482260,2025-07-02T18:51:00+00:00,1,,,,,,0.5800,0.5200,0.5500,0.5100,0.5300,0.6000,0.6000,0.6000,0.6000,0.00,2457.00
KXHIGHLAX-25JUL02-B70.5,1751482320,2025-07-02T18:52:00+00:00,1,,,,,,0.5800,0.5300,0.5400,0.5300,0.5300,0.6000,0.6100,0.5600,0.5900,0.00,2457.00
KXHIGHLAX-25JUL02-B70.5,1751482380,2025-07-02T18:53:00+00:00,1,0.5300,0.5300,0.5100,0.5100,0.5206,0.5800,0.5300,0.5300,0.5000,0.5100,0.5900,0.6100,0.5700,0.5700,80.00,2469.00
KXHIGHLAX-25JUL02-B70.5,1751482440,2025-07-02T18:54:00+00:00,1,,,,,,0.5100,0.5100,0.5200,0.5000,0.5100,0.5700,0.6000,0.5700,0.5800,0.00,2469.00
KXHIGHLAX-25JUL02-B70.5,1751482500,2025-07-02T18:55:00+00:00,1,,,,,,0.5100,0.5100,0.5100,0.5000,0.5100,0.5800,0.6100,0.5700,0.5900,0.00,2469.00
KXHIGHLAX-25JUL02-B70.5,1751482560,2025-07-02T18:56:00+00:00,1,,,,,,0.5100,0.5100,0.5100,0.5000,0.5100,0.5900,0.5900,0.5600,0.5600,0.00,2469.00
KXHIGHLAX-25JUL02-B70.5,1751482620,2025-07-02T18:57:00+00:00,1,,,,,,0.5100,0.5100,0.5100,0.5000,0.5000,0.5600,0.5600,0.5400,0.5400,0.00,2469.00
KXHIGHLAX-25JUL02-B70.5,1751482680,2025-07-02T18:58:00+00:00,1,,,,,,0.5100,0.5000,0.5100,0.5000,0.5000,0.5400,0.6100,0.5300,0.5400,0.00,2469.00
KXHIGHLAX-25JUL02-B70.5,1751482740,2025-07-02T18:59:00+00:00,1,,,,,,0.5100,0.5000,0.5000,0.4900,0.5000,0.5400,0.6000,0.5300,0.5700,0.00,2469.00
KXHIGHLAX-25JUL02-B70.5,1751482800,2025-07-02T19:00:00+00:00,1,,,,,,0.5100,0.5000,0.5000,0.4900,0.5000,0.5700,0.5900,0.5500,0.5500,0.00,2469.00
KXHIGHLAX-25JUL02-B70.5,1751482860,2025-07-02T19:01:00+00:00,1,,,,,,0.5100,0.5000,0.5000,0.4900,0.4900,0.5500,0.5500,0.5400,0.5400,0.00,2469.00
KXHIGHLAX-25JUL02-B70.5,1751482920,2025-07-02T19:02:00+00:00,1,,,,,,0.5100,0.4900,0.5000,0.4900,0.4900,0.5400,0.5400,0.5400,0.5400,0.00,2469.00
KXHIGHLAX-25JUL02-B70.5,1751482980,2025-07-02T19:03:00+00:00,1,,,,,,0.5100,0.4900,0.5000,0.4900,0.5000,0.5400,0.5400,0.5400,0.5400,0.00,2469.00
KXHIGHLAX-25JUL02-B70.5,1751483040,2025-07-02T19:04:00+00:00,1,,,,,,0.5100,0.5000,0.5000,0.4900,0.5000,0.5400,0.5400,0.5400,0.5400,0.00,2469.00
KXHIGHLAX-25JUL02-B70.5,1751483100,2025-07-02T19:05:00+00:00,1,,,,,,0.5100,0.5000,0.5000,0.4900,0.5000,0.5400,0.6100,0.5400,0.5700,0.00,2469.00
KXHIGHLAX-25JUL02-B70.5,1751483160,2025-07-02T19:06:00+00:00,1,,,,,,0.5100,0.5000,0.5000,0.4900,0.5000,0.5700,0.6000,0.5500,0.5700,0.00,2469.00
KXHIGHLAX-25JUL02-B70.5,1751483220,2025-07-02T19:07:00+00:00,1,0.5700,0.6200,0.5700,0.6200,0.5854,0.5100,0.5000,0.5100,0.4900,0.5100,0.5700,0.6200,0.5500,0.5800,162.00,2619.00
KXHIGHLAX-25JUL02-B70.5,1751483400,2025-07-02T19:10:00+00:00,1,0.5800,0.6200,0.5800,0.6200,0.5938,0.6200,0.5100,0.5100,0.5100,0.5100,0.5800,0.6200,0.5800,0.5900,40.00,2659.00
KXHIGHLAX-25JUL02-B70.5,1751483460,2025-07-02T19:11:00+00:00,1,0.5900,0.6200,0.5900,0.6200,0.6041,0.6200,0.5100,0.5100,0.5100,0.5100,0.5900,0.6200,0.5900,0.6100,32.00,2691.00
KXHIGHLAX-25JUL02-B70.5,1751483520,2025-07-02T19:12:00+00:00,1,,,,,,0.6200,0.5100,0.5100,0.5100,0.5100,0.6100,0.6100,0.6100,0.6100,0.00,2691.00
KXHIGHLAX-25JUL02-B70.5,1751483580,2025-07-02T19:13:00+00:00,1,,,,,,0.6200,0.5100,0.5100,0.4900,0.5100,0.6100,0.6100,0.6100,0.6100,0.00,2691.00
KXHIGHLAX-25JUL02-B70.5,1751483640,2025-07-02T19:14:00+00:00,1,,,,,,0.6200,0.5100,0.5200,0.5100,0.5100,0.6100,0.6100,0.6100,0.6100,0.00,2691.00
KXHIGHLAX-25JUL02-B70.5,1751483700,2025-07-02T19:15:00+00:00,1,,,,,,0.6200,0.5100,0.5100,0.5000,0.5000,0.6100,0.6200,0.6100,0.6200,0.00,2691.00
KXHIGHLAX-25JUL02-B70.5,1751483760,2025-07-02T19:16:00+00:00,1,,,,,,0.6200,0.5000,0.5000,0.5000,0.5000,0.6200,0.6200,0.6200,0.6200,0.00,2691.00
KXHIGHLAX-25JUL02-B70.5,1751483820,2025-07-02T19:17:00+00:00,1,0.6200,0.6200,0.6200,0.6200,0.6200,0.6200,0.5000,0.5100,0.5000,0.5100,0.6200,0.6200,0.6200,0.6200,157.00,2848.00
KXHIGHLAX-25JUL02-B70.5,1751483880,2025-07-02T19:18:00+00:00,1,,,,,,0.6200,0.5100,0.5200,0.5000,0.5200,0.6200,0.6200,0.6200,0.6200,0.00,2848.00
KXHIGHLAX-25JUL02-B70.5,1751483940,2025-07-02T19:19:00+00:00,1,,,,,,0.6200,0.5200,0.5200,0.4900,0.4900,0.6200,0.6200,0.6200,0.6200,0.00,2848.00
KXHIGHLAX-25JUL02-B70.5,1751484000,2025-07-02T19:20:00+00:00,1,,,,,,0.6200,0.4900,0.5200,0.4900,0.5200,0.6200,0.6200,0.6200,0.6200,0.00,2848.00
KXHIGHLAX-25JUL02-B70.5,1751484060,2025-07-02T19:21:00+00:00,1,,,,,,0.6200,0.5200,0.5200,0.5000,0.5000,0.6200,0.6200,0.6200,0.6200,0.00,2848.00
KXHIGHLAX-25JUL02-B70.5,1751484120,2025-07-02T19:22:00+00:00,1,,,,,,0.6200,0.5000,0.5200,0.5000,0.5000,0.6200,0.6200,0.6200,0.6200,0.00,2848.00
KXHIGHLAX-25JUL02-B70.5,1751484180,2025-07-02T19:23:00+00:00,1,,,,,,0.6200,0.5000,0.5100,0.5000,0.5000,0.6200,0.6200,0.6200,0.6200,0.00,2848.00
KXHIGHLAX-25JUL02-B70.5,1751484240,2025-07-02T19:24:00+00:00,1,,,,,,0.6200,0.5000,0.5000,0.5000,0.5000,0.6200,0.6200,0.6200,0.6200,0.00,2848.00
KXHIGHLAX-25JUL02-B70.5,1751484300,2025-07-02T19:25:00+00:00,1,,,,,,0.6200,0.5000,0.5100,0.4900,0.5000,0.6200,0.6200,0.6200,0.6200,0.00,2848.00
KXHIGHLAX-25JUL02-B70.5,1751484360,2025-07-02T19:26:00+00:00,1,0.6200,0.6200,0.6200,0.6200,0.6200,0.6200,0.5000,0.5100,0.5000,0.5100,0.6200,0.6200,0.6200,0.6200,69.00,2913.00
KXHIGHLAX-25JUL02-B70.5,1751484420,2025-07-02T19:27:00+00:00,1,0.6200,0.6200,0.6200,0.6200,0.6200,0.6200,0.5100,0.5300,0.5100,0.5300,0.6200,0.6200,0.6200,0.6200,8.00,2913.00
KXHIGHLAX-25JUL02-B70.5,1751484480,2025-07-02T19:28:00+00:00,1,,,,,,0.6200,0.5300,0.5300,0.5200,0.5200,0.6200,0.6200,0.6200,0.6200,0.00,2913.00
KXHIGHLAX-25JUL02-B70.5,1751484660,2025-07-02T19:31:00+00:00,1,,,,,,0.6200,0.5200,0.5200,0.5200,0.5200,0.6200,0.6200,0.6200,0.6200,0.00,2913.00
KXHIGHLAX-25JUL02-B70.5,1751484720,2025-07-02T19:32:00+00:00,1,,,,,,0.6200,0.5200,0.5300,0.4900,0.5100,0.6200,0.6200,0.6200,0.6200,0.00,2913.00
KXHIGHLAX-25JUL02-B70.5,1751484780,2025-07-02T19:33:00+00:00,1,0.6200,0.6200,0.6200,0.6200,0.6200,0.6200,0.5100,0.5100,0.5000,0.5100,0.6200,0.6200,0.6200,0.6200,4.00,2913.00
KXHIGHLAX-25JUL02-B70.5,1751484900,2025-07-02T19:35:00+00:00,1,0.6200,0.6200,0.6200,0.6200,0.6200,0.6200,0.5100,0.5200,0.5100,0.5200,0.6200,0.6200,0.6200,0.6200,4.00,2913.00
KXHIGHLAX-25JUL02-B70.5,1751485020,2025-07-02T19:37:00+00:00,1,0.6200,0.7000,0.6200,0.7000,0.6788,0.6200,0.5200,0.5200,0.5000,0.5200,0.6200,0.7000,0.6200,0.7000,115.00,3028.00
KXHIGHLAX-25JUL02-B70.5,1751485080,2025-07-02T19:38:00+00:00,1,,,,,,0.7000,0.5200,0.5200,0.5200,0.5200,0.7000,0.7000,0.7000,0.7000,0.00,3028.00
KXHIGHLAX-25JUL02-B70.5,1751485140,2025-07-02T19:39:00+00:00,1,,,,,,0.7000,0.5200,0.5200,0.5200,0.5200,0.7000,0.7000,0.7000,0.7000,0.00,3028.00
KXHIGHLAX-25JUL02-B70.5,1751485200,2025-07-02T19:40:00+00:00,1,,,,,,0.7000,0.5200,0.5400,0.5000,0.5400,0.7000,0.7000,0.7000,0.7000,0.00,3028.00
KXHIGHLAX-25JUL02-B70.5,1751485260,2025-07-02T19:41:00+00:00,1,0.7000,0.7300,0.7000,0.7300,0.7214,0.7000,0.5400,0.5400,0.5400,0.5400,0.7000,0.7300,0.7000,0.7200,101.00,3129.00
KXHIGHLAX-25JUL02-B70.5,1751485320,2025-07-02T19:42:00+00:00,1,0.7300,0.7300,0.7300,0.7300,0.7300,0.7300,0.5400,0.5400,0.5100,0.5100,0.7200,0.7300,0.7200,0.7300,3.00,3129.00
KXHIGHLAX-25JUL02-B70.5,1751485380,2025-07-02T19:43:00+00:00,1,,,,,,0.7300,0.5100,0.5300,0.5000,0.5300,0.7300,0.7300,0.7100,0.7300,0.00,3129.00
KXHIGHLAX-25JUL02-B70.5,1751485440,2025-07-02T19:44:00+00:00,1,,,,,,0.7300,0.5300,0.5300,0.5100,0.5100,0.7300,0.7300,0.6800,0.7200,0.00,3129.00
KXHIGHLAX-25JUL02-B70.5,1751485500,2025-07-02T19:45:00+00:00,1,,,,,,0.7300,0.5100,0.5300,0.5100,0.5300,0.7200,0.7300,0.7100,0.7300,0.00,3129.00
KXHIGHLAX-25JUL02-B70.5,1751485560,2025-07-02T19:46:00+00:00,1,,,,,,0.7300,0.5300,0.5300,0.5200,0.5300,0.7300,0.7300,0.7100,0.7300,0.00,3129.00
KXHIGHLAX-25JUL02-B70.5,1751485620,2025-07-02T19:47:00+00:00,1,,,,,,0.7300,0.5300,0.5300,0.5200,0.5300,0.7300,0.7300,0.7100,0.7300,0.00,3129.00
KXHIGHLAX-25JUL02-B70.5,1751485680,2025-07-02T19:48:00+00:00,1,0.7200,0.7300,0.7200,0.7300,0.7253,0.7300,0.5300,0.7200,0.5100,0.5100,0.7300,0.7300,0.7200,0.7300,40.00,3169.00
KXHIGHLAX-25JUL02-B70.5,1751485740,2025-07-02T19:49:00+00:00,1,,,,,,0.7300,0.5100,0.5500,0.5000,0.5300,0.7300,0.7300,0.7200,0.7300,0.00,3169.00
KXHIGHLAX-25JUL02-B70.5,1751485800,2025-07-02T19:50:00+00:00,1,,,,,,0.7300,0.5300,0.5300,0.5300,0.5300,0.7300,0.7300,0.7200,0.7300,0.00,3169.00
KXHIGHLAX-25JUL02-B70.5,1751485860,2025-07-02T19:51:00+00:00,1,,,,,,0.7300,0.5300,0.5500,0.5000,0.5500,0.7300,0.7300,0.7200,0.7300,0.00,3169.00
KXHIGHLAX-25JUL02-B70.5,1751485920,2025-07-02T19:52:00+00:00,1,,,,,,0.7300,0.5500,0.5500,0.5500,0.5500,0.7300,0.7300,0.7200,0.7300,0.00,3169.00
KXHIGHLAX-25JUL02-B70.5,1751485980,2025-07-02T19:53:00+00:00,1,0.7300,0.7300,0.7300,0.7300,0.7300,0.7300,0.5500,0.5500,0.5500,0.5500,0.7300,0.7300,0.7200,0.7300,20.00,3189.00
KXHIGHLAX-25JUL02-B70.5,1751486040,2025-07-02T19:54:00+00:00,1,,,,,,0.7300,0.5500,0.5600,0.5000,0.5400,0.7300,0.7300,0.7200,0.7300,0.00,3189.00
KXHIGHLAX-25JUL02-B70.5,1751486100,2025-07-02T19:55:00+00:00,1,,,,,,0.7300,0.5400,0.5400,0.5400,0.5400,0.7300,0.7300,0.7200,0.7300,0.00,3189.00
KXHIGHLAX-25JUL02-B70.5,1751486160,2025-07-02T19:56:00+00:00,1,0.7200,0.7200,0.7200,0.7200,0.7200,0.7300,0.5400,0.5400,0.5300,0.5400,0.7300,0.7300,0.7200,0.7300,6.00,3195.00
KXHIGHLAX-25JUL02-B70.5,1751486220,2025-07-02T19:57:00+00:00,1,,,,,,0.7200,0.5400,0.5600,0.5400,0.5600,0.7300,0.7300,0.7200,0.7300,0.00,3195.00
KXHIGHLAX-25JUL02-B70.5,1751486280,2025-07-02T19:58:00+00:00,1,,,,,,0.7200,0.5600,0.5600,0.5600,0.5600,0.7300,0.7300,0.7200,0.7300,0.00,3195.00
KXHIGHLAX-25JUL02-B70.5,1751486340,2025-07-02T19:59:00+00:00,1,,,,,,0.7200,0.5600,0.5600,0.5500,0.5600,0.7300,0.7300,0.7200,0.7300,0.00,3195.00
KXHIGHLAX-25JUL02-B70.5,1751486400,2025-07-02T20:00:00+00:00,1,,,,,,0.7200,0.5600,0.5600,0.5600,0.5600,0.7300,0.7300,0.7200,0.7300,0.00,3195.00
KXHIGHLAX-25JUL02-B70.5,1751486460,2025-07-02T20:01:00+00:00,1,,,,,,0.7200,0.5600,0.5600,0.5600,0.5600,0.7300,0.7300,0.7200,0.7200,0.00,3195.00
KXHIGHLAX-25JUL02-B70.5,1751486520,2025-07-02T20:02:00+00:00,1,,,,,,0.7200,0.5600,0.5700,0.5000,0.5400,0.7200,0.7300,0.7200,0.7300,0.00,3195.00
KXHIGHLAX-25JUL02-B70.5,1751486580,2025-07-02T20:03:00+00:00,1,0.7200,0.7700,0.7200,0.7700,0.7453,0.7200,0.5400,0.5400,0.5400,0.5400,0.7300,0.8500,0.7200,0.8400,258.00,3452.00
KXHIGHLAX-25JUL02-B70.5,1751486640,2025-07-02T20:04:00+00:00,1,,,,,,0.7700,0.5400,0.5400,0.5300,0.5400,0.8400,0.8500,0.8300,0.8300,0.00,3452.00
KXHIGHLAX-25JUL02-B70.5,1751486700,2025-07-02T20:05:00+00:00,1,,,,,,0.7700,0.5400,0.5400,0.5400,0.5400,0.8300,0.8500,0.8300,0.8400,0.00,3452.00
KXHIGHLAX-25JUL02-B70.5,1751486760,2025-07-02T20:06:00+00:00,1,,,,,,0.7700,0.5400,0.5400,0.5300,0.5400,0.8400,0.8500,0.8400,0.8400,0.00,3452.00
KXHIGHLAX-25JUL02-B70.5,1751486820,2025-07-02T20:07:00+00:00,1,0.8500,0.8900,0.8500,0.8900,0.8614,0.7700,0.5400,0.8900,0.5400,0.6000,0.8400,0.9700,0.8400,0.9400,200.00,3650.00
KXHIGHLAX-25JUL02-B70.5,1751486880,2025-07-02T20:08:00+00:00,1,,,,,,0.8900,0.6000,0.6600,0.5900,0.6600,0.9400,0.9600,0.9300,0.9600,0.00,3650.00
KXHIGHLAX-25JUL02-B70.5,1751486940,2025-07-02T20:09:00+00:00,1,,,,,,0.8900,0.6600,0.6900,0.6500,0.6900,0.9600,0.9600,0.9400,0.9600,0.00,3650.00
KXHIGHLAX-25JUL02-B70.5,1751487000,2025-07-02T20:10:00+00:00,1,0.9500,0.9500,0.9500,0.9500,0.9500,0.8900,0.6900,0.7000,0.5000,0.5300,0.9600,0.9600,0.9500,0.9500,5.00,3650.00
KXHIGHLAX-25JUL02-B70.5,1751487060,2025-07-02T20:11:00+00:00,1,0.5300,0.5300,0.5300,0.5300,0.5300,0.9500,0.5300,0.6000,0.5300,0.5900,0.9500,0.9500,0.9500,0.9500,10.00,3650.00
KXHIGHLAX-25JUL02-B70.5,1751487120,2025-07-02T20:12:00+00:00,1,,,,,,0.5300,0.5900,0.6300,0.5900,0.6300,0.9500,0.9500,0.9500,0.9500,0.00,3650.00
KXHIGHLAX-25JUL02-B70.5,1751487180,2025-07-02T20:13:00+00:00,1,,,,,,0.5300,0.6300,0.6500,0.5000,0.5500,0.9500,0.9500,0.9500,0.9500,0.00,3650.00
KXHIGHLAX-25JUL02-B70.5,1751487240,2025-07-02T20:14:00+00:00,1,0.6500,0.6500,0.4900,0.4900,0.6243,0.5300,0.5500,0.6700,0.4900,0.6700,0.9500,0.9500,0.9500,0.9500,162.00,3514.00
KXHIGHLAX-25JUL02-B70.5,1751487300,2025-07-02T20:15:00+00:00,1,,,,,,0.4900,0.6700,0.6700,0.5200,0.5400,0.9500,0.9500,0.9400,0.9400,0.00,3514.00
KXHIGHLAX-25JUL02-B70.5,1751487360,2025-07-02T20:16:00+00:00,1,,,,,,0.4900,0.5400,0.5400,0.5400,0.5400,0.9400,0.9400,0.9400,0.9400,0.00,3514.00
KXHIGHLAX-25JUL02-B70.5,1751487420,2025-07-02T20:17:00+00:00,1,,,,,,0.4900,0.5400,0.5900,0.5100,0.5400,0.9400,0.9500,0.9400,0.9400,0.00,3514.00
KXHIGHLAX-25JUL02-B70.5,1751487480,2025-07-02T20:18:00+00:00,1,0.5600,0.5600,0.5000,0.5000,0.5198,0.4900,0.5400,0.5600,0.5000,0.5400,0.9400,0.9400,0.8300,0.8500,157.00,3400.00
KXHIGHLAX-25JUL02-B70.5,1751487540,2025-07-02T20:19:00+00:00,1,0.8400,0.8500,0.8400,0.8500,0.8430,0.5000,0.5400,0.5400,0.5100,0.5200,0.8500,0.9500,0.8400,0.9300,40.00,3440.00
KXHIGHLAX-25JUL02-B70.5,1751487600,2025-07-02T20:20:00+00:00,1,,,,,,0.8500,0.5200,0.5300,0.5200,0.5300,0.9300,0.9400,0.8400,0.9400,0.00,3440.00
KXHIGHLAX-25JUL02-B70.5,1751487660,2025-07-02T20:21:00+00:00,1,,,,,,0.8500,0.5300,0.5500,0.5000,0.5400,0.9400,0.9500,0.8500,0.8500,0.00,3440.00
KXHIGHLAX-25JUL02-B70.5,1751487720,2025-07-02T20:22:00+00:00,1,,,,,,0.8500,0.5400,0.5400,0.5400,0.5400,0.8500,0.8600,0.8500,0.8500,0.00,3440.00
KXHIGHLAX-25JUL02-B70.5,1751487840,2025-07-02T20:24:00+00:00,1,,,,,,0.8500,0.5400,0.5500,0.5200,0.5500,0.8500,0.8500,0.8500,0.8500,0.00,3440.00
KXHIGHLAX-25JUL02-B70.5,1751487900,2025-07-02T20:25:00+00:00,1,,,,,,0.8500,0.5500,0.5500,0.5200,0.5300,0.8500,0.8500,0.8500,0.8500,0.00,3440.00
KXHIGHLAX-25JUL02-B70.5,1751487960,2025-07-02T20:26:00+00:00,1,,,,,,0.8500,0.5300,0.5300,0.5200,0.5300,0.8500,0.8500,0.8500,0.8500,0.00,3440.00
KXHIGHLAX-25JUL02-B70.5,1751488020,2025-07-02T20:27:00+00:00,1,,,,,,0.8500,0.5300,0.5300,0.5200,0.5300,0.8500,0.8500,0.8500,0.8500,0.00,3440.00
KXHIGHLAX-25JUL02-B70.5,1751488080,2025-07-02T20:28:00+00:00,1,,,,,,0.8500,0.5300,0.5300,0.5200,0.5300,0.8500,0.8500,0.8500,0.8500,0.00,3440.00
KXHIGHLAX-25JUL02-B70.5,1751488140,2025-07-02T20:29:00+00:00,1,,,,,,0.8500,0.5300,0.5300,0.5200,0.5300,0.8500,0.8500,0.8500,0.8500,0.00,3440.00
KXHIGHLAX-25JUL02-B70.5,1751488200,2025-07-02T20:30:00+00:00,1,,,,,,0.8500,0.5300,0.5500,0.5200,0.5500,0.8500,0.8500,0.8500,0.8500,0.00,3440.00
KXHIGHLAX-25JUL02-B70.5,1751488260,2025-07-02T20:31:00+00:00,1,,,,,,0.8500,0.5500,0.5800,0.5200,0.5800,0.8500,0.8500,0.8500,0.8500,0.00,3440.00
KXHIGHLAX-25JUL02-B70.5,1751488320,2025-07-02T20:32:00+00:00,1,,,,,,0.8500,0.5800,0.5800,0.5800,0.5800,0.8500,0.8500,0.8500,0.8500,0.00,3440.00
KXHIGHLAX-25JUL02-B70.5,1751488620,2025-07-02T20:37:00+00:00,1,,,,,,0.8500,0.5800,0.6000,0.5200,0.6000,0.8500,0.8500,0.8500,0.8500,0.00,3440.00
KXHIGHLAX-25JUL02-B70.5,1751488800,2025-07-02T20:40:00+00:00,1,,,,,,0.8500,0.6000,0.6000,0.6000,0.6000,0.8500,0.8600,0.8500,0.8600,0.00,3440.00
KXHIGHLAX-25JUL02-B70.5,1751488860,2025-07-02T20:41:00+00:00,1,0.8600,0.8700,0.8600,0.8700,0.8626,0.8500,0.6000,0.8700,0.6000,0.8700,0.8600,0.9400,0.8500,0.9400,38.00,3460.00
KXHIGHLAX-25JUL02-B70.5,1751488920,2025-07-02T20:42:00+00:00,1,0.8900,0.8900,0.8900,0.8900,0.8900,0.8700,0.8700,0.8900,0.5300,0.5300,0.9400,0.9400,0.8900,0.9000,4.00,3464.00
KXHIGHLAX-25JUL02-B70.5,1751488980,2025-07-02T20:43:00+00:00,1,,,,,,0.8900,0.5300,0.5400,0.5300,0.5400,0.9000,0.9200,0.9000,0.9000,0.00,3464.00
KXHIGHLAX-25JUL02-B70.5,1751489040,2025-07-02T20:44:00+00:00,1,,,,,,0.8900,0.5400,0.5400,0.5400,0.5400,0.9000,0.9000,0.8900,0.8900,0.00,3464.00
KXHIGHLAX-25JUL02-B70.5,1751489100,2025-07-02T20:45:00+00:00,1,,,,,,0.8900,0.5400,0.5400,0.5400,0.5400,0.8900,0.9100,0.8900,0.9100,0.00,3464.00
KXHIGHLAX-25JUL02-B70.5,1751489160,2025-07-02T20:46:00+00:00,1,,,,,,0.8900,0.5400,0.6400,0.5400,0.6400,0.9100,0.9100,0.9000,0.9000,0.00,3464.00
KXHIGHLAX-25JUL02-B70.5,1751489220,2025-07-02T20:47:00+00:00,1,,,,,,0.8900,0.6400,0.6600,0.6400,0.6600,0.9000,0.9000,0.9000,0.9000,0.00,3464.00
KXHIGHLAX-25JUL02-B70.5,1751489280,2025-07-02T20:48:00+00:00,1,,,,,,0.8900,0.6600,0.6600,0.6600,0.6600,0.9000,0.9000,0.9000,0.9000,0.00,3464.00
KXHIGHLAX-25JUL02-B70.5,1751489340,2025-07-02T20:49:00+00:00,1,,,,,,0.8900,0.6600,0.6600,0.6600,0.6600,0.9000,0.9000,0.9000,0.9000,0.00,3464.00
KXHIGHLAX-25JUL02-B70.5,1751489400,2025-07-02T20:50:00+00:00,1,,,,,,0.8900,0.6600,0.6600,0.6600,0.6600,0.9000,0.9000,0.9000,0.9000,0.00,3464.00
KXHIGHLAX-25JUL02-B70.5,1751489460,2025-07-02T20:51:00+00:00,1,,,,,,0.8900,0.6600,0.6600,0.6600,0.6600,0.9000,0.9000,0.9000,0.9000,0.00,3464.00
KXHIGHLAX-25JUL02-B70.5,1751489520,2025-07-02T20:52:00+00:00,1,,,,,,0.8900,0.6600,0.6600,0.6600,0.6600,0.9000,0.9000,0.9000,0.9000,0.00,3464.00
KXHIGHLAX-25JUL02-B70.5,1751489580,2025-07-02T20:53:00+00:00,1,0.9000,0.9000,0.9000,0.9000,0.9000,0.8900,0.6600,0.6600,0.6600,0.6600,0.9000,0.9000,0.9000,0.9000,5.00,3469.00
KXHIGHLAX-25JUL02-B70.5,1751489640,2025-07-02T20:54:00+00:00,1,,,,,,0.9000,0.6600,0.6600,0.6600,0.6600,0.9000,0.9000,0.9000,0.9000,0.00,3469.00
KXHIGHLAX-25JUL02-B70.5,1751489700,2025-07-02T20:55:00+00:00,1,,,,,,0.9000,0.6600,0.6600,0.6600,0.6600,0.9000,0.9000,0.9000,0.9000,0.00,3469.00
KXHIGHLAX-25JUL02-B70.5,1751489760,2025-07-02T20:56:00+00:00,1,0.6600,0.6600,0.5200,0.5200,0.5765,0.9000,0.6600,0.6600,0.5000,0.5000,0.9000,0.9000,0.8800,0.8800,101.00,3416.00
KXHIGHLAX-25JUL02-B70.5,1751489820,2025-07-02T20:57:00+00:00,1,,,,,,0.5200,0.5000,0.5300,0.5000,0.5300,0.8800,0.9200,0.8600,0.8600,0.00,3416.00
KXHIGHLAX-25JUL02-B70.5,1751489880,2025-07-02T20:58:00+00:00,1,,,,,,0.5200,0.5300,0.5400,0.5300,0.5400,0.8600,0.8600,0.8600,0.8600,0.00,3416.00
KXHIGHLAX-25JUL02-B70.5,1751489940,2025-07-02T20:59:00+00:00,1,0.5500,0.5500,0.5400,0.5400,0.5448,0.5200,0.5400,0.5500,0.4900,0.5000,0.8600,0.8600,0.8600,0.8600,31.00,3432.00
KXHIGHLAX-25JUL02-B70.5,1751490000,2025-07-02T21:00:00+00:00,1,,,,,,0.5400,0.5000,0.5100,0.5000,0.5000,0.8600,0.8600,0.8600,0.8600,0.00,3432.00
KXHIGHLAX-25JUL02-B70.5,1751490060,2025-07-02T21:01:00+00:00,1,0.5000,0.5000,0.4900,0.4900,0.4977,0.5400,0.5000,0.5100,0.4900,0.5000,0.8600,0.8600,0.8600,0.8600,128.00,3560.00
KXHIGHLAX-25JUL02-B70.5,1751490120,2025-07-02T21:02:00+00:00,1,,,,,,0.4900,0.5000,0.5100,0.5000,0.5000,0.8600,0.8600,0.8600,0.8600,0.00,3560.00
KXHIGHLAX-25JUL02-B70.5,1751490180,2025-07-02T21:03:00+00:00,1,,,,,,0.4900,0.5000,0.5100,0.5000,0.5000,0.8600,0.8600,0.8600,0.8600,0.00,3560.00
KXHIGHLAX-25JUL02-B70.5,1751490240,2025-07-02T21:04:00+00:00,1,,,,,,0.4900,0.5000,0.5100,0.5000,0.5000,0.8600,0.8600,0.8600,0.8600,0.00,3560.00
KXHIGHLAX-25JUL02-B70.5,1751490300,2025-07-02T21:05:00+00:00,1,0.8600,0.8600,0.8600,0.8600,0.8600,0.4900,0.5000,0.5100,0.5000,0.5000,0.8600,0.9200,0.8600,0.8900,10.00,3560.00
KXHIGHLAX-25JUL02-B70.5,1751490360,2025-07-02T21:06:00+00:00,1,,,,,,0.8600,0.5000,0.5100,0.5000,0.5000,0.8900,0.9100,0.8400,0.8400,0.00,3560.00
KXHIGHLAX-25JUL02-B70.5,1751490420,2025-07-02T21:07:00+00:00,1,,,,,,0.8600,0.5000,0.5100,0.5000,0.5000,0.8400,0.8500,0.8300,0.8400,0.00,3560.00
KXHIGHLAX-25JUL02-B70.5,1751490480,2025-07-02T21:08:00+00:00,1,0.8400,0.8400,0.8400,0.8400,0.8400,0.8600,0.5000,0.5100,0.5000,0.5000,0.8400,0.8400,0.8400,0.8400,2.00,3560.00
KXHIGHLAX-25JUL02-B70.5,1751490540,2025-07-02T21:09:00+00:00,1,0.8400,0.8400,0.8400,0.8400,0.8400,0.8400,0.5000,0.5100,0.5000,0.5000,0.8400,0.8500,0.8400,0.8400,10.00,3558.00
KXHIGHLAX-25JUL02-B70.5,1751490600,2025-07-02T21:10:00+00:00,1,,,,,,0.8400,0.5000,0.5300,0.5000,0.5300,0.8400,0.8500,0.8300,0.8300,0.00,3558.00
KXHIGHLAX-25JUL02-B70.5,1751490660,2025-07-02T21:11:00+00:00,1,,,,,,0.8400,0.5300,0.5300,0.5300,0.5300,0.8300,0.8300,0.7900,0.7900,0.00,3558.00
KXHIGHLAX-25JUL02-B70.5,1751490720,2025-07-02T21:12:00+00:00,1,,,,,,0.8400,0.5300,0.5300,0.5300,0.5300,0.7900,0.7900,0.7900,0.7900,0.00,3558.00
KXHIGHLAX-25JUL02-B70.5,1751490780,2025-07-02T21:13:00+00:00,1,0.7700,0.7700,0.7700,0.7700,0.7700,0.8400,0.5300,0.5300,0.5300,0.5300,0.7900,0.7900,0.7700,0.7800,17.00,3575.00
KXHIGHLAX-25JUL02-B70.5,1751490840,2025-07-02T21:14:00+00:00,1,0.7800,0.7800,0.7800,0.7800,0.7800,0.7700,0.5300,0.5500,0.5300,0.5500,0.7800,0.7900,0.7700,0.7900,10.00,3585.00
KXHIGHLAX-25JUL02-B70.5,1751490900,2025-07-02T21:15:00+00:00,1,,,,,,0.7800,0.5500,0.5500,0.5500,0.5500,0.7900,0.7900,0.7700,0.7800,0.00,3585.00
KXHIGHLAX-25JUL02-B70.5,1751490960,2025-07-02T21:16:00+00:00,1,,,,,,0.7800,0.5500,0.5500,0.5500,0.5500,0.7800,0.7800,0.7800,0.7800,0.00,3585.00
KXHIGHLAX-25JUL02-B70.5,1751491020,2025-07-02T21:17:00+00:00,1,,,,,,0.7800,0.5500,0.5500,0.5500,0.5500,0.7800,0.7900,0.7600,0.7600,0.00,3585.00
KXHIGHLAX-25JUL02-B70.5,1751491080,2025-07-02T21:18:00+00:00,1,,,,,,0.7800,0.5500,0.5500,0.5500,0.5500,0.7600,0.7600,0.7600,0.7600,0.00,3585.00
KXHIGHLAX-25JUL02-B70.5,1751491140,2025-07-02T21:19:00+00:00,1,,,,,,0.7800,0.5500,0.5500,0.5500,0.5500,0.7600,0.7600,0.7100,0.7100,0.00,3585.00
KXHIGHLAX-25JUL02-B70.5,1751491200,2025-07-02T21:20:00+00:00,1,0.5500,0.5500,0.5500,0.5500,0.5500,0.7800,0.5500,0.5500,0.5400,0.5400,0.7100,0.7100,0.5500,0.7100,35.00,3566.00
KXHIGHLAX-25JUL02-B70.5,1751491260,2025-07-02T21:21:00+00:00,1,0.7100,0.7100,0.7100,0.7100,0.7100,0.5500,0.5400,0.5500,0.5400,0.5500,0.7100,0.7100,0.7000,0.7000,3.00,3566.00
KXHIGHLAX-25JUL02-B70.5,1751491320,2025-07-02T21:22:00+00:00,1,,,,,,0.7100,0.5500,0.5500,0.5500,0.5500,0.7000,0.7000,0.7000,0.7000,0.00,3566.00
KXHIGHLAX-25JUL02-B70.5,1751491380,2025-07-02T21:23:00+00:00,1,0.5500,0.5500,0.5300,0.5300,0.5381,0.7100,0.5500,0.5500,0.5300,0.5300,0.7000,0.7000,0.7000,0.7000,54.00,3580.00
KXHIGHLAX-25JUL02-B70.5,1751491620,2025-07-02T21:27:00+00:00,1,,,,,,0.5300,0.5300,0.5300,0.5300,0.5300,0.7000,0.7600,0.7000,0.7600,0.00,3580.00
KXHIGHLAX-25JUL02-B70.5,1751491680,2025-07-02T21:28:00+00:00,1,,,,,,0.5300,0.5300,0.5300,0.5300,0.5300,0.7600,0.7600,0.5900,0.5900,0.00,3580.00
KXHIGHLAX-25JUL02-B70.5,1751491740,2025-07-02T21:29:00+00:00,1,,,,,,0.5300,0.5300,0.5300,0.5300,0.5300,0.5900,0.5900,0.5900,0.5900,0.00,3580.00
KXHIGHLAX-25JUL02-B70.5,1751491800,2025-07-02T21:30:00+00:00,1,,,,,,0.5300,0.5300,0.5300,0.5300,0.5300,0.5900,0.5900,0.5900,0.5900,0.00,3580.00
KXHIGHLAX-25JUL02-B70.5,1751491980,2025-07-02T21:33:00+00:00,1,0.5900,0.6900,0.5900,0.6900,0.6011,0.5300,0.5300,0.5300,0.5300,0.5300,0.5900,0.7600,0.5900,0.7600,90.00,3580.00
KXHIGHLAX-25JUL02-B70.5,1751492040,2025-07-02T21:34:00+00:00,1,0.7600,0.7700,0.7600,0.7700,0.7622,0.6900,0.5300,0.5300,0.5300,0.5300,0.7600,0.7700,0.7600,0.7700,18.00,3584.00
KXHIGHLAX-25JUL02-B70.5,1751492100,2025-07-02T21:35:00+00:00,1,0.7600,0.8200,0.7600,0.8200,0.7721,0.7700,0.5300,0.5300,0.5300,0.5300,0.7700,0.8400,0.7600,0.8100,254.00,3822.00
KXHIGHLAX-25JUL02-B70.5,1751492160,2025-07-02T21:36:00+00:00,1,,,,,,0.8200,0.5300,0.5300,0.5300,0.5300,0.8100,0.8100,0.8100,0.8100,0.00,3822.00
KXHIGHLAX-25JUL02-B70.5,1751492220,2025-07-02T21:37:00+00:00,1,,,,,,0.8200,0.5300,0.5300,0.5300,0.5300,0.8100,0.8100,0.8100,0.8100,0.00,3822.00
KXHIGHLAX-25JUL02-B70.5,1751492280,2025-07-02T21:38:00+00:00,1,,,,,,0.8200,0.5300,0.5300,0.5300,0.5300,0.8100,0.8100,0.8100,0.8100,0.00,3822.00
KXHIGHLAX-25JUL02-B70.5,1751492340,2025-07-02T21:39:00+00:00,1,,,,,,0.8200,0.5300,0.5300,0.5300,0.5300,0.8100,0.8100,0.8100,0.8100,0.00,3822.00
KXHIGHLAX-25JUL02-B70.5,1751492460,2025-07-02T21:41:00+00:00,1,0.8000,0.8000,0.8000,0.8000,0.8000,0.8200,0.5300,0.5300,0.5300,0.5300,0.8100,0.8100,0.8000,0.8000,15.00,3822.00
KXHIGHLAX-25JUL02-B70.5,1751492520,2025-07-02T21:42:00+00:00,1,,,,,,0.8000,0.5300,0.5300,0.5300,0.5300,0.8000,0.8000,0.8000,0.8000,0.00,3822.00
KXHIGHLAX-25JUL02-B70.5,1751492580,2025-07-02T21:43:00+00:00,1,,,,,,0.8000,0.5300,0.5300,0.5300,0.5300,0.8000,0.8000,0.7900,0.7900,0.00,3822.00
KXHIGHLAX-25JUL02-B70.5,1751492700,2025-07-02T21:45:00+00:00,1,0.7800,0.7800,0.7800,0.7800,0.7800,0.8000,0.5300,0.5300,0.5300,0.5300,0.7900,0.8100,0.7800,0.8100,71.00,3822.00
KXHIGHLAX-25JUL02-B70.5,1751492880,2025-07-02T21:48:00+00:00,1,,,,,,0.7800,0.5300,0.5600,0.5300,0.5600,0.8100,0.8100,0.8100,0.8100,0.00,3822.00
KXHIGHLAX-25JUL02-B70.5,1751492940,2025-07-02T21:49:00+00:00,1,,,,,,0.7800,0.5600,0.5600,0.5600,0.5600,0.8100,0.8100,0.8000,0.8000,0.00,3822.00
KXHIGHLAX-25JUL02-B70.5,1751493000,2025-07-02T21:50:00+00:00,1,,,,,,0.7800,0.5600,0.5600,0.5600,0.5600,0.8000,0.8000,0.8000,0.8000,0.00,3822.00
KXHIGHLAX-25JUL02-B70.5,1751493180,2025-07-02T21:53:00+00:00,1,,,,,,0.7800,0.5600,0.5600,0.5600,0.5600,0.8000,0.8000,0.8000,0.8000,0.00,3822.00
KXHIGHLAX-25JUL02-B70.5,1751493240,2025-07-02T21:54:00+00:00,1,0.8000,0.8000,0.8000,0.8000,0.8000,0.7800,0.5600,0.5600,0.5600,0.5600,0.8000,0.8000,0.8000,0.8000,3.00,3822.00
KXHIGHLAX-25JUL02-B70.5,1751493300,2025-07-02T21:55:00+00:00,1,,,,,,0.8000,0.5600,0.5600,0.5600,0.5600,0.8000,0.8000,0.8000,0.8000,0.00,3822.00
KXHIGHLAX-25JUL02-B70.5,1751493360,2025-07-02T21:56:00+00:00,1,,,,,,0.8000,0.5600,0.5600,0.5600,0.5600,0.8000,0.8300,0.7900,0.8300,0.00,3822.00
KXHIGHLAX-25JUL02-B70.5,1751493480,2025-07-02T21:58:00+00:00,1,,,,,,0.8000,0.5600,0.5600,0.5600,0.5600,0.8300,0.8300,0.8300,0.8300,0.00,3822.00
KXHIGHLAX-25JUL02-B70.5,1751493540,2025-07-02T21:59:00+00:00,1,,,,,,0.8000,0.5600,0.5600,0.5600,0.5600,0.8300,0.8300,0.8200,0.8200,0.00,3822.00
KXHIGHLAX-25JUL02-B70.5,1751493600,2025-07-02T22:00:00+00:00,1,,,,,,0.8000,0.5600,0.5600,0.5600,0.5600,0.8200,0.8200,0.8100,0.8100,0.00,3822.00
KXHIGHLAX-25JUL02-B70.5,1751493660,2025-07-02T22:01:00+00:00,1,,,,,,0.8000,0.5600,0.5600,0.5600,0.5600,0.8100,0.8100,0.7800,0.7800,0.00,3822.00
KXHIGHLAX-25JUL02-B70.5,1751493720,2025-07-02T22:02:00+00:00,1,,,,,,0.8000,0.5600,0.5600,0.5600,0.5600,0.7800,0.7800,0.7800,0.7800,0.00,3822.00
KXHIGHLAX-25JUL02-B70.5,1751493780,2025-07-02T22:03:00+00:00,1,,,,,,0.8000,0.5600,0.5600,0.5600,0.5600,0.7800,0.7800,0.7700,0.7700,0.00,3822.00
KXHIGHLAX-25JUL02-B70.5,1751493840,2025-07-02T22:04:00+00:00,1,0.7500,0.7500,0.7500,0.7500,0.7500,0.8000,0.5600,0.7500,0.5600,0.5600,0.7700,0.7700,0.7700,0.7700,25.00,3847.00
KXHIGHLAX-25JUL02-B70.5,1751493900,2025-07-02T22:05:00+00:00,1,0.7700,0.8600,0.7700,0.8600,0.7947,0.7500,0.5600,0.5600,0.5600,0.5600,0.7700,0.8600,0.7700,0.8600,85.00,3817.00
KXHIGHLAX-25JUL02-B70.5,1751493960,2025-07-02T22:06:00+00:00,1,,,,,,0.8600,0.5600,0.5600,0.5600,0.5600,0.8600,0.8600,0.8500,0.8500,0.00,3817.00
KXHIGHLAX-25JUL02-B70.5,1751494020,2025-07-02T22:07:00+00:00,1,,,,,,0.8600,0.5600,0.5600,0.5600,0.5600,0.8500,0.8500,0.8500,0.8500,0.00,3817.00
KXHIGHLAX-25JUL02-B70.5,1751494080,2025-07-02T22:08:00+00:00,1,0.8600,0.8600,0.8600,0.8600,0.8600,0.8600,0.5600,0.5600,0.5600,0.5600,0.8500,0.8600,0.8500,0.8600,1.00,3818.00
KXHIGHLAX-25JUL02-B70.5,1751494140,2025-07-02T22:09:00+00:00,1,0.8600,0.9900,0.8600,0.9900,0.9810,0.8600,0.5600,0.9800,0.5600,0.9800,0.8600,1.0000,0.8600,1.0000,764.00,4028.00
KXHIGHLAX-25JUL02-B70.5,1751494200,2025-07-02T22:10:00+00:00,1,0.9800,0.9800,0.9800,0.9800,0.9800,0.9900,0.9800,0.9900,0.9800,0.9900,1.0000,1.0000,1.0000,1.0000,51.00,4028.00
KXHIGHLAX-25JUL02-B70.5,1751494260,2025-07-02T22:11:00+00:00,1,0.9900,0.9900,0.9900,0.9900,0.9900,0.9800,0.9900,0.9900,0.9900,0.9900,1.0000,1.0000,1.0000,1.0000,39.00,4028.00
KXHIGHLAX-25JUL02-B70.5,1751494380,2025-07-02T22:13:00+00:00,1,,,,,,0.9900,0.9900,0.9900,0.9900,0.9900,1.0000,1.0000,1.0000,1.0000,0.00,4028.00
KXHIGHLAX-25JUL02-B70.5,1751494500,2025-07-02T22:15:00+00:00,1,0.9900,0.9900,0.9900,0.9900,0.9900,0.9900,0.9900,0.9900,0.9900,0.9900,1.0000,1.0000,1.0000,1.0000,162.00,4028.00
KXHIGHLAX-25JUL02-B70.5,1751494560,2025-07-02T22:16:00+00:00,1,,,,,,0.9900,0.9900,0.9900,0.9900,0.9900,1.0000,1.0000,1.0000,1.0000,0.00,4028.00
KXHIGHLAX-25JUL02-B70.5,1751494680,2025-07-02T22:18:00+00:00,1,,,,,,0.9900,0.9900,0.9900,0.9900,0.9900,1.0000,1.0000,1.0000,1.0000,0.00,4028.00
KXHIGHLAX-25JUL02-B70.5,1751494800,2025-07-02T22:20:00+00:00,1,0.9900,0.9900,0.9900,0.9900,0.9900,0.9900,0.9900,0.9900,0.9900,0.9900,1.0000,1.0000,1.0000,1.0000,16.00,4028.00
KXHIGHLAX-25JUL02-B70.5,1751494860,2025-07-02T22:21:00+00:00,1,,,,,,0.9900,0.9900,0.9900,0.9900,0.9900,1.0000,1.0000,1.0000,1.0000,0.00,4028.00
KXHIGHLAX-25JUL02-B70.5,1751495100,2025-07-02T22:25:00+00:00,1,,,,,,0.9900,0.9900,0.9900,0.9900,0.9900,1.0000,1.0000,1.0000,1.0000,0.00,4028.00
KXHIGHLAX-25JUL02-B70.5,1751495160,2025-07-02T22:26:00+00:00,1,0.9900,0.9900,0.9900,0.9900,0.9900,0.9900,0.9900,0.9900,0.9800,0.9800,1.0000,1.0000,1.0000,1.0000,146.00,4028.00
KXHIGHLAX-25JUL02-B70.5,1751495280,2025-07-02T22:28:00+00:00,1,,,,,,0.9900,0.9800,0.9900,0.9800,0.9900,1.0000,1.0000,1.0000,1.0000,0.00,4028.00
KXHIGHLAX-25JUL02-B70.5,1751495340,2025-07-02T22:29:00+00:00,1,,,,,,0.9900,0.9900,0.9900,0.9900,0.9900,1.0000,1.0000,1.0000,1.0000,0.00,4028.00
KXHIGHLAX-25JUL02-B70.5,1751495520,2025-07-02T22:32:00+00:00,1,,,,,,0.9900,0.9900,0.9900,0.9900,0.9900,1.0000,1.0000,1.0000,1.0000,0.00,4028.00
KXHIGHLAX-25JUL02-B70.5,1751495580,2025-07-02T22:33:00+00:00,1,0.9900,0.9900,0.9900,0.9900,0.9900,0.9900,0.9900,0.9900,0.9900,0.9900,1.0000,1.0000,1.0000,1.0000,18.00,4028.00
KXHIGHLAX-25JUL02-B70.5,1751495700,2025-07-02T22:35:00+00:00,1,,,,,,0.9900,0.9900,0.9900,0.9900,0.9900,1.0000,1.0000,1.0000,1.0000,0.00,4028.00
KXHIGHLAX-25JUL02-B70.5,1751496180,2025-07-02T22:43:00+00:00,1,0.9900,0.9900,0.9900,0.9900,0.9900,0.9900,0.9900,0.9900,0.9900,0.9900,1.0000,1.0000,1.0000,1.0000,258.00,4028.00
KXHIGHLAX-25JUL02-B70.5,1751497140,2025-07-02T22:59:00+00:00,1,,,,,,0.9900,0.9900,0.9900,0.9900,0.9900,1.0000,1.0000,1.0000,1.0000,0.00,4028.00
KXHIGHLAX-25JUL02-B70.5,1751498340,2025-07-02T23:19:00+00:00,1,,,,,,0.9900,0.9900,0.9900,0.9900,0.9900,1.0000,1.0000,1.0000,1.0000,0.00,4028.00
KXHIGHLAX-25JUL02-B70.5,1751499720,2025-07-02T23:42:00+00:00,1,0.9900,0.9900,0.9900,0.9900,0.9900,0.9900,0.9900,0.9900,0.9900,0.9900,1.0000,1.0000,1.0000,1.0000,181.00,4028.00
KXHIGHLAX-25JUL02-B72.5,1751414400,2025-07-02T00:00:00+00:00,1,,,,,,0.1700,0.1800,0.1800,0.1800,0.1800,0.2200,0.2200,0.2200,0.2200,0.00,549.00
KXHIGHLAX-25JUL02-B72.5,1751414520,2025-07-02T00:02:00+00:00,1,,,,,,0.1700,0.1800,0.1800,0.1400,0.1400,0.2200,0.2200,0.2200,0.2200,0.00,549.00
KXHIGHLAX-25JUL02-B72.5,1751414580,2025-07-02T00:03:00+00:00,1,,,,,,0.1700,0.1400,0.1800,0.1400,0.1800,0.2200,0.2200,0.2200,0.2200,0.00,549.00
KXHIGHLAX-25JUL02-B72.5,1751414640,2025-07-02T00:04:00+00:00,1,,,,,,0.1700,0.1800,0.1800,0.1600,0.1800,0.2200,0.2200,0.2200,0.2200,0.00,549.00
KXHIGHLAX-25JUL02-B72.5,1751414700,2025-07-02T00:05:00+00:00,1,,,,,,0.1700,0.1800,0.1800,0.1800,0.1800,0.2200,0.2200,0.2200,0.2200,0.00,549.00
KXHIGHLAX-25JUL02-B72.5,1751414820,2025-07-02T00:07:00+00:00,1,,,,,,0.1700,0.1800,0.1800,0.1800,0.1800,0.2200,0.2200,0.2200,0.2200,0.00,549.00
KXHIGHLAX-25JUL02-B72.5,1751414880,2025-07-02T00:08:00+00:00,1,,,,,,0.1700,0.1800,0.1800,0.1800,0.1800,0.2200,0.2200,0.2200,0.2200,0.00,549.00
KXHIGHLAX-25JUL02-B72.5,1751415300,2025-07-02T00:15:00+00:00,1,,,,,,0.1700,0.1800,0.1800,0.1800,0.1800,0.2200,0.2200,0.2200,0.2200,0.00,549.00
KXHIGHLAX-25JUL02-B72.5,1751415360,2025-07-02T00:16:00+00:00,1,,,,,,0.1700,0.1800,0.1800,0.1800,0.1800,0.2200,0.2200,0.2200,0.2200,0.00,549.00
KXHIGHLAX-25JUL02-B72.5,1751415420,2025-07-02T00:17:00+00:00,1,0.2200,0.2300,0.2200,0.2300,0.2278,0.1700,0.1800,0.1800,0.1800,0.1800,0.2200,0.2300,0.2200,0.2300,145.00,662.00
KXHIGHLAX-25JUL02-B72.5,1751415480,2025-07-02T00:18:00+00:00,1,,,,,,0.2300,0.1800,0.1900,0.1800,0.1900,0.2300,0.2300,0.2300,0.2300,0.00,662.00
KXHIGHLAX-25JUL02-B72.5,1751415540,2025-07-02T00:19:00+00:00,1,,,,,,0.2300,0.1900,0.1900,0.1900,0.1900,0.2300,0.2300,0.2300,0.2300,0.00,662.00
KXHIGHLAX-25JUL02-B72.5,1751415600,2025-07-02T00:20:00+00:00,1,,,,,,0.2300,0.1900,0.1900,0.1900,0.1900,0.2300,0.2300,0.2300,0.2300,0.00,662.00
KXHIGHLAX-25JUL02-B72.5,1751415660,2025-07-02T00:21:00+00:00,1,,,,,,0.2300,0.1900,0.1900,0.1900,0.1900,0.2300,0.2300,0.2300,0.2300,0.00,662.00
KXHIGHLAX-25JUL02-B72.5,1751415720,2025-07-02T00:22:00+00:00,1,,,,,,0.2300,0.1900,0.1900,0.1900,0.1900,0.2300,0.2300,0.2300,0.2300,0.00,662.00
KXHIGHLAX-25JUL02-B72.5,1751415960,2025-07-02T00:26:00+00:00,1,0.2300,0.2300,0.2300,0.2300,0.2300,0.2300,0.1900,0.1900,0.1900,0.1900,0.2300,0.2300,0.2300,0.2300,20.00,682.00
KXHIGHLAX-25JUL02-B72.5,1751416080,2025-07-02T00:28:00+00:00,1,,,,,,0.2300,0.1900,0.1900,0.1900,0.1900,0.2300,0.2300,0.2300,0.2300,0.00,682.00
KXHIGHLAX-25JUL02-B72.5,1751416140,2025-07-02T00:29:00+00:00,1,,,,,,0.2300,0.1900,0.1900,0.1900,0.1900,0.2300,0.2300,0.2300,0.2300,0.00,682.00
KXHIGHLAX-25JUL02-B72.5,1751416260,2025-07-02T00:31:00+00:00,1,,,,,,0.2300,0.1900,0.1900,0.1900,0.1900,0.2300,0.2300,0.2300,0.2300,0.00,682.00
KXHIGHLAX-25JUL02-B72.5,1751416320,2025-07-02T00:32:00+00:00,1,0.1900,0.1900,0.1600,0.1600,0.1750,0.2300,0.1900,0.1900,0.1400,0.1700,0.2300,0.2300,0.2200,0.2200,155.00,734.00
KXHIGHLAX-25JUL02-B72.5,1751416380,2025-07-02T00:33:00+00:00,1,,,,,,0.1600,0.1700,0.1700,0.1700,0.1700,0.2200,0.2200,0.2100,0.2100,0.00,734.00
KXHIGHLAX-25JUL02-B72.5,1751416440,2025-07-02T00:34:00+00:00,1,,,,,,0.1600,0.1700,0.1700,0.1700,0.1700,0.2100,0.2100,0.2100,0.2100,0.00,734.00
KXHIGHLAX-25JUL02-B72.5,1751416500,2025-07-02T00:35:00+00:00,1,,,,,,0.1600,0.1700,0.1700,0.1700,0.1700,0.2100,0.2100,0.2100,0.2100,0.00,734.00
KXHIGHLAX-25JUL02-B72.5,1751416560,2025-07-02T00:36:00+00:00,1,0.1700,0.1700,0.1700,0.1700,0.1700,0.1600,0.1700,0.1700,0.1600,0.1600,0.2100,0.2200,0.2100,0.2200,68.00,734.00
KXHIGHLAX-25JUL02-B72.5,1751416620,2025-07-02T00:37:00+00:00,1,,,,,,0.1700,0.1600,0.1700,0.1500,0.1700,0.2200,0.2200,0.2100,0.2100,0.00,734.00
KXHIGHLAX-25JUL02-B72.5,1751416740,2025-07-02T00:39:00+00:00,1,,,,,,0.1700,0.1700,0.1700,0.1700,0.1700,0.2100,0.2100,0.2100,0.2100,0.00,734.00
KXHIGHLAX-25JUL02-B72.5,1751416920,2025-07-02T00:42:00+00:00,1,,,,,,0.1700,0.1700,0.1700,0.1700,0.1700,0.2100,0.2100,0.2100,0.2100,0.00,734.00
KXHIGHLAX-25JUL02-B72.5,1751416980,2025-07-02T00:43:00+00:00,1,,,,,,0.1700,0.1700,0.1700,0.1600,0.1700,0.2100,0.2100,0.2100,0.2100,0.00,734.00
KXHIGHLAX-25JUL02-B72.5,1751417100,2025-07-02T00:45:00+00:00,1,,,,,,0.1700,0.1700,0.1700,0.1700,0.1700,0.2100,0.2200,0.2100,0.2100,0.00,734.00
KXHIGHLAX-25JUL02-B72.5,1751417160,2025-07-02T00:46:00+00:00,1,,,,,,0.1700,0.1700,0.1700,0.1700,0.1700,0.2100,0.2100,0.2100,0.2100,0.00,734.00
KXHIGHLAX-25JUL02-B72.5,1751417220,2025-07-02T00:47:00+00:00,1,,,,,,0.1700,0.1700,0.1700,0.1700,0.1700,0.2100,0.2100,0.2100,0.2100,0.00,734.00
KXHIGHLAX-25JUL02-B72.5,1751417280,2025-07-02T00:48:00+00:00,1,,,,,,0.1700,0.1700,0.1700,0.1700,0.1700,0.2100,0.2100,0.2100,0.2100,0.00,734.00
KXHIGHLAX-25JUL02-B72.5,1751417340,2025-07-02T00:49:00+00:00,1,,,,,,0.1700,0.1700,0.1700,0.1600,0.1700,0.2100,0.2100,0.2100,0.2100,0.00,734.00
KXHIGHLAX-25JUL02-B72.5,1751417400,2025-07-02T00:50:00+00:00,1,,,,,,0.1700,0.1700,0.1700,0.1700,0.1700,0.2100,0.2100,0.2100,0.2100,0.00,734.00
KXHIGHLAX-25JUL02-B72.5,1751417520,2025-07-02T00:52:00+00:00,1,,,,,,0.1700,0.1700,0.1700,0.1700,0.1700,0.2100,0.2100,0.2100,0.2100,0.00,734.00
KXHIGHLAX-25JUL02-B72.5,1751417580,2025-07-02T00:53:00+00:00,1,,,,,,0.1700,0.1700,0.1700,0.1700,0.1700,0.2100,0.2100,0.2100,0.2100,0.00,734.00
KXHIGHLAX-25JUL02-B72.5,1751417640,2025-07-02T00:54:00+00:00,1,,,,,,0.1700,0.1700,0.1700,0.1700,0.1700,0.2100,0.2100,0.1900,0.1900,0.00,734.00
KXHIGHLAX-25JUL02-B72.5,1751417700,2025-07-02T00:55:00+00:00,1,,,,,,0.1700,0.1700,0.1700,0.1700,0.1700,0.1900,0.1900,0.1900,0.1900,0.00,734.00
KXHIGHLAX-25JUL02-B72.5,1751417760,2025-07-02T00:56:00+00:00,1,,,,,,0.1700,0.1700,0.1700,0.1500,0.1700,0.1900,0.1900,0.1900,0.1900,0.00,734.00
KXHIGHLAX-25JUL02-B72.5,1751417820,2025-07-02T00:57:00+00:00,1,,,,,,0.1700,0.1700,0.1700,0.1700,0.1700,0.1900,0.1900,0.1800,0.1800,0.00,734.00
KXHIGHLAX-25JUL02-B72.5,1751417880,2025-07-02T00:58:00+00:00,1,,,,,,0.1700,0.1700,0.1700,0.1700,0.1700,0.1800,0.1800,0.1800,0.1800,0.00,734.00
KXHIGHLAX-25JUL02-B72.5,1751417940,2025-07-02T00:59:00+00:00,1,,,,,,0.1700,0.1700,0.1700,0.1700,0.1700,0.1800,0.1800,0.1800,0.1800,0.00,734.00
KXHIGHLAX-25JUL02-B72.5,1751418000,2025-07-02T01:00:00+00:00,1,,,,,,0.1700,0.1700,0.1700,0.1700,0.1700,0.1800,0.2000,0.1800,0.2000,0.00,734.00
KXHIGHLAX-25JUL02-B72.5,1751418060,2025-07-02T01:01:00+00:00,1,,,,,,0.1700,0.1700,0.1700,0.1700,0.1700,0.2000,0.2000,0.2000,0.2000,0.00,734.00
KXHIGHLAX-25JUL02-B72.5,1751418120,2025-07-02T01:02:00+00:00,1,,,,,,0.1700,0.1700,0.1700,0.1400,0.1600,0.2000,0.2100,0.2000,0.2100,0.00,734.00
KXHIGHLAX-25JUL02-B72.5,1751418240,2025-07-02T01:04:00+00:00,1,,,,,,0.1700,0.1600,0.1600,0.1400,0.1500,0.2100,0.2100,0.2100,0.2100,0.00,734.00
KXHIGHLAX-25JUL02-B72.5,1751418360,2025-07-02T01:06:00+00:00,1,,,,,,0.1700,0.1500,0.1500,0.1500,0.1500,0.2100,0.2100,0.2100,0.2100,0.00,734.00
KXHIGHLAX-25JUL02-B72.5,1751418420,2025-07-02T01:07:00+00:00,1,,,,,,0.1700,0.1500,0.1600,0.1400,0.1600,0.2100,0.2100,0.2100,0.2100,0.00,734.00
KXHIGHLAX-25JUL02-B72.5,1751418480,2025-07-02T01:08:00+00:00,1,,,,,,0.1700,0.1600,0.1600,0.1600,0.1600,0.2100,0.2100,0.2100,0.2100,0.00,734.00
KXHIGHLAX-25JUL02-B72.5,1751418540,2025-07-02T01:09:00+00:00,1,,,,,,0.1700,0.1600,0.1600,0.1600,0.1600,0.2100,0.2100,0.2100,0.2100,0.00,734.00
KXHIGHLAX-25JUL02-B72.5,1751418660,2025-07-02T01:11:00+00:00,1,,,,,,0.1700,0.1600,0.1600,0.1600,0.1600,0.2100,0.2100,0.2100,0.2100,0.00,734.00
KXHIGHLAX-25JUL02-B72.5,1751418780,2025-07-02T01:13:00+00:00,1,,,,,,0.1700,0.1600,0.1600,0.1600,0.1600,0.2100,0.2100,0.2100,0.2100,0.00,734.00
KXHIGHLAX-25JUL02-B72.5,1751419080,2025-07-02T01:18:00+00:00,1,,,,,,0.1700,0.1600,0.1600,0.1600,0.1600,0.2100,0.2100,0.2100,0.2100,0.00,734.00
KXHIGHLAX-25JUL02-B72.5,1751419140,2025-07-02T01:19:00+00:00,1,,,,,,0.1700,0.1600,0.1600,0.1500,0.1600,0.2100,0.2100,0.2100,0.2100,0.00,734.00
KXHIGHLAX-25JUL02-B72.5,1751419260,2025-07-02T01:21:00+00:00,1,,,,,,0.1700,0.1600,0.1600,0.1500,0.1600,0.2100,0.2100,0.2100,0.2100,0.00,734.00
KXHIGHLAX-25JUL02-B72.5,1751419320,2025-07-02T01:22:00+00:00,1,,,,,,0.1700,0.1600,0.1600,0.1600,0.1600,0.2100,0.2100,0.2100,0.2100,0.00,734.00
KXHIGHLAX-25JUL02-B72.5,1751419560,2025-07-02T01:26:00+00:00,1,,,,,,0.1700,0.1600,0.1600,0.1600,0.1600,0.2100,0.2100,0.2100,0.2100,0.00,734.00
KXHIGHLAX-25JUL02-B72.5,1751419740,2025-07-02T01:29:00+00:00,1,,,,,,0.1700,0.1600,0.1600,0.1600,0.1600,0.2100,0.2100,0.2100,0.2100,0.00,734.00
KXHIGHLAX-25JUL02-B72.5,1751419860,2025-07-02T01:31:00+00:00,1,,,,,,0.1700,0.1600,0.1600,0.1500,0.1600,0.2100,0.2100,0.2100,0.2100,0.00,734.00
KXHIGHLAX-25JUL02-B72.5,1751420400,2025-07-02T01:40:00+00:00,1,,,,,,0.1700,0.1600,0.1600,0.1500,0.1600,0.2100,0.2100,0.2100,0.2100,0.00,734.00
KXHIGHLAX-25JUL02-B72.5,1751420460,2025-07-02T01:41:00+00:00,1,,,,,,0.1700,0.1600,0.1600,0.1600,0.1600,0.2100,0.2100,0.2100,0.2100,0.00,734.00
KXHIGHLAX-25JUL02-B72.5,1751420520,2025-07-02T01:42:00+00:00,1,,,,,,0.1700,0.1600,0.1600,0.1600,0.1600,0.2100,0.2100,0.2000,0.2000,0.00,734.00
KXHIGHLAX-25JUL02-B72.5,1751420580,2025-07-02T01:43:00+00:00,1,,,,,,0.1700,0.1600,0.1600,0.1500,0.1600,0.2000,0.2000,0.2000,0.2000,0.00,734.00
KXHIGHLAX-25JUL02-B72.5,1751420640,2025-07-02T01:44:00+00:00,1,,,,,,0.1700,0.1600,0.1600,0.1600,0.1600,0.2000,0.2000,0.2000,0.2000,0.00,734.00
KXHIGHLAX-25JUL02-B72.5,1751420700,2025-07-02T01:45:00+00:00,1,,,,,,0.1700,0.1600,0.1600,0.1600,0.1600,0.2000,0.2100,0.2000,0.2100,0.00,734.00
KXHIGHLAX-25JUL02-B72.5,1751420820,2025-07-02T01:47:00+00:00,1,,,,,,0.1700,0.1600,0.1600,0.1600,0.1600,0.2100,0.2100,0.2100,0.2100,0.00,734.00
KXHIGHLAX-25JUL02-B72.5,1751420880,2025-07-02T01:48:00+00:00,1,,,,,,0.1700,0.1600,0.1600,0.1600,0.1600,0.2100,0.2100,0.2000,0.2000,0.00,734.00
KXHIGHLAX-25JUL02-B72.5,1751420940,2025-07-02T01:49:00+00:00,1,,,,,,0.1700,0.1600,0.1600,0.1600,0.1600,0.2000,0.2100,0.2000,0.2100,0.00,734.00
KXHIGHLAX-25JUL02-B72.5,1751421300,2025-07-02T01:55:00+00:00,1,,,,,,0.1700,0.1600,0.1600,0.1400,0.1600,0.2100,0.2100,0.2100,0.2100,0.00,734.00
KXHIGHLAX-25JUL02-B72.5,1751421360,2025-07-02T01:56:00+00:00,1,,,,,,0.1700,0.1600,0.1600,0.1600,0.1600,0.2100,0.2100,0.1800,0.1800,0.00,734.00
KXHIGHLAX-25JUL02-B72.5,1751421420,2025-07-02T01:57:00+00:00,1,,,,,,0.1700,0.1600,0.1600,0.1600,0.1600,0.1800,0.1800,0.1700,0.1700,0.00,734.00
KXHIGHLAX-25JUL02-B72.5,1751421480,2025-07-02T01:58:00+00:00,1,,,,,,0.1700,0.1600,0.1600,0.1400,0.1600,0.1700,0.1900,0.1700,0.1900,0.00,734.00
KXHIGHLAX-25JUL02-B72.5,1751422020,2025-07-02T02:07:00+00:00,1,,,,,,0.1700,0.1600,0.1600,0.1400,0.1600,0.1900,0.1900,0.1900,0.1900,0.00,734.00
KXHIGHLAX-25JUL02-B72.5,1751422080,2025-07-02T02:08:00+00:00,1,,,,,,0.1700,0.1600,0.1600,0.1600,0.1600,0.1900,0.1900,0.1900,0.1900,0.00,734.00
KXHIGHLAX-25JUL02-B72.5,1751422140,2025-07-02T02:09:00+00:00,1,,,,,,0.1700,0.1600,0.1600,0.1600,0.1600,0.1900,0.1900,0.1900,0.1900,0.00,734.00
KXHIGHLAX-25JUL02-B72.5,1751422200,2025-07-02T02:10:00+00:00,1,,,,,,0.1700,0.1600,0.1600,0.1600,0.1600,0.1900,0.1900,0.1900,0.1900,0.00,734.00
KXHIGHLAX-25JUL02-B72.5,1751422260,2025-07-02T02:11:00+00:00,1,,,,,,0.1700,0.1600,0.1600,0.1600,0.1600,0.1900,0.1900,0.1900,0.1900,0.00,734.00
KXHIGHLAX-25JUL02-B72.5,1751422440,2025-07-02T02:14:00+00:00,1,,,,,,0.1700,0.1600,0.1600,0.1600,0.1600,0.1900,0.1900,0.1900,0.1900,0.00,734.00
KXHIGHLAX-25JUL02-B72.5,1751422560,2025-07-02T02:16:00+00:00,1,,,,,,0.1700,0.1600,0.1600,0.1600,0.1600,0.1900,0.1900,0.1900,0.1900,0.00,734.00
KXHIGHLAX-25JUL02-B72.5,1751422740,2025-07-02T02:19:00+00:00,1,,,,,,0.1700,0.1600,0.1600,0.1400,0.1600,0.1900,0.1900,0.1900,0.1900,0.00,734.00
KXHIGHLAX-25JUL02-B72.5,1751422800,2025-07-02T02:20:00+00:00,1,,,,,,0.1700,0.1600,0.1600,0.1600,0.1600,0.1900,0.1900,0.1900,0.1900,0.00,734.00
KXHIGHLAX-25JUL02-B72.5,1751422860,2025-07-02T02:21:00+00:00,1,,,,,,0.1700,0.1600,0.1700,0.1600,0.1700,0.1900,0.1900,0.1900,0.1900,0.00,734.00
KXHIGHLAX-25JUL02-B72.5,1751422980,2025-07-02T02:23:00+00:00,1,,,,,,0.1700,0.1700,0.1700,0.1700,0.1700,0.1900,0.1900,0.1900,0.1900,0.00,734.00
KXHIGHLAX-25JUL02-B72.5,1751423100,2025-07-02T02:25:00+00:00,1,0.1900,0.1900,0.1900,0.1900,0.1900,0.1700,0.1700,0.1800,0.1600,0.1600,0.1900,0.1900,0.1900,0.1900,10.00,734.00
KXHIGHLAX-25JUL02-B72.5,1751423160,2025-07-02T02:26:00+00:00,1,0.1600,0.1600,0.1500,0.1500,0.1574,0.1900,0.1600,0.1600,0.0500,0.1500,0.1900,0.1900,0.1800,0.1800,58.00,749.00
KXHIGHLAX-25JUL02-B72.5,1751423220,2025-07-02T02:27:00+00:00,1,,,,,,0.1500,0.1500,0.1500,0.1500,0.1500,0.1800,0.1900,0.1800,0.1900,0.00,749.00
KXHIGHLAX-25JUL02-B72.5,1751423280,2025-07-02T02:28:00+00:00,1,,,,,,0.1500,0.1500,0.1600,0.1200,0.1600,0.1900,0.1900,0.1800,0.1900,0.00,749.00
KXHIGHLAX-25JUL02-B72.5,1751423340,2025-07-02T02:29:00+00:00,1,,,,,,0.1500,0.1600,0.1600,0.1600,0.1600,0.1900,0.1900,0.1900,0.1900,0.00,749.00
KXHIGHLAX-25JUL02-B72.5,1751423460,2025-07-02T02:31:00+00:00,1,,,,,,0.1500,0.1600,0.1600,0.1400,0.1600,0.1900,0.1900,0.1900,0.1900,0.00,749.00
KXHIGHLAX-25JUL02-B72.5,1751423520,2025-07-02T02:32:00+00:00,1,,,,,,0.1500,0.1600,0.1600,0.1600,0.1600,0.1900,0.1900,0.1900,0.1900,0.00,749.00
KXHIGHLAX-25JUL02-B72.5,1751424000,2025-07-02T02:40:00+00:00,1,0.1600,0.1600,0.1600,0.1600,0.1600,0.1500,0.1600,0.1600,0.1400,0.1400,0.1900,0.1900,0.1600,0.1900,10.00,749.00
KXHIGHLAX-25JUL02-B72.5,1751424060,2025-07-02T02:41:00+00:00,1,,,,,,0.1600,0.1400,0.1400,0.1400,0.1400,0.1900,0.1900,0.1900,0.1900,0.00,749.00
KXHIGHLAX-25JUL02-B72.5,1751424120,2025-07-02T02:42:00+00:00,1,,,,,,0.1600,0.1400,0.1400,0.1400,0.1400,0.1900,0.1900,0.1900,0.1900,0.00,749.00
KXHIGHLAX-25JUL02-B72.5,1751424180,2025-07-02T02:43:00+00:00,1,,,,,,0.1600,0.1400,0.1500,0.1400,0.1500,0.1900,0.1900,0.1900,0.1900,0.00,749.00
KXHIGHLAX-25JUL02-B72.5,1751424240,2025-07-02T02:44:00+00:00,1,,,,,,0.1600,0.1500,0.1500,0.1500,0.1500,0.1900,0.1900,0.1900,0.1900,0.00,749.00
KXHIGHLAX-25JUL02-B72.5,1751424420,2025-07-02T02:47:00+00:00,1,,,,,,0.1600,0.1500,0.1500,0.1500,0.1500,0.1900,0.1900,0.1800,0.1800,0.00,749.00
KXHIGHLAX-25JUL02-B72.5,1751424480,2025-07-02T02:48:00+00:00,1,,,,,,0.1600,0.1500,0.1500,0.1500,0.1500,0.1800,0.1800,0.1800,0.1800,0.00,749.00
KXHIGHLAX-25JUL02-B72.5,1751424660,2025-07-02T02:51:00+00:00,1,,,,,,0.1600,0.1500,0.1500,0.1500,0.1500,0.1800,0.1800,0.1800,0.1800,0.00,749.00
KXHIGHLAX-25JUL02-B72.5,1751424720,2025-07-02T02:52:00+00:00,1,,,,,,0.1600,0.1500,0.1500,0.1500,0.1500,0.1800,0.1800,0.1800,0.1800,0.00,749.00
KXHIGHLAX-25JUL02-B72.5,1751424900,2025-07-02T02:55:00+00:00,1,,,,,,0.1600,0.1500,0.1500,0.1300,0.1500,0.1800,0.1800,0.1800,0.1800,0.00,749.00
KXHIGHLAX-25JUL02-B72.5,1751424960,2025-07-02T02:56:00+00:00,1,,,,,,0.1600,0.1500,0.1500,0.1500,0.1500,0.1800,0.1800,0.1800,0.1800,0.00,749.00
KXHIGHLAX-25JUL02-B72.5,1751425020,2025-07-02T02:57:00+00:00,1,,,,,,0.1600,0.1500,0.1500,0.1300,0.1500,0.1800,0.1800,0.1800,0.1800,0.00,749.00
KXHIGHLAX-25JUL02-B72.5,1751425080,2025-07-02T02:58:00+00:00,1,,,,,,0.1600,0.1500,0.1500,0.1300,0.1500,0.1800,0.1800,0.1800,0.1800,0.00,749.00
KXHIGHLAX-25JUL02-B72.5,1751425260,2025-07-02T03:01:00+00:00,1,,,,,,0.1600,0.1500,0.1500,0.1300,0.1500,0.1800,0.1800,0.1800,0.1800,0.00,749.00
KXHIGHLAX-25JUL02-B72.5,1751425440,2025-07-02T03:04:00+00:00,1,,,,,,0.1600,0.1500,0.1500,0.1300,0.1500,0.1800,0.1800,0.1800,0.1800,0.00,749.00
KXHIGHLAX-25JUL02-B72.5,1751425500,2025-07-02T03:05:00+00:00,1,,,,,,0.1600,0.1500,0.1500,0.1300,0.1400,0.1800,0.1800,0.1800,0.1800,0.00,749.00
KXHIGHLAX-25JUL02-B72.5,1751425560,2025-07-02T03:06:00+00:00,1,,,,,,0.1600,0.1400,0.1400,0.1400,0.1400,0.1800,0.1800,0.1800,0.1800,0.00,749.00
KXHIGHLAX-25JUL02-B72.5,1751425620,2025-07-02T03:07:00+00:00,1,,,,,,0.1600,0.1400,0.1400,0.1300,0.1400,0.1800,0.1800,0.1800,0.1800,0.00,749.00
KXHIGHLAX-25JUL02-B72.5,1751425680,2025-07-02T03:08:00+00:00,1,,,,,,0.1600,0.1400,0.1400,0.1400,0.1400,0.1800,0.1900,0.1800,0.1900,0.00,749.00
KXHIGHLAX-25JUL02-B72.5,1751425800,2025-07-02T03:10:00+00:00,1,,,,,,0.1600,0.1400,0.1400,0.1400,0.1400,0.1900,0.1900,0.1900,0.1900,0.00,749.00
KXHIGHLAX-25JUL02-B72.5,1751425860,2025-07-02T03:11:00+00:00,1,,,,,,0.1600,0.1400,0.1400,0.1200,0.1300,0.1900,0.1900,0.1800,0.1800,0.00,749.00
KXHIGHLAX-25JUL02-B72.5,1751425920,2025-07-02T03:12:00+00:00,1,,,,,,0.1600,0.1300,0.1300,0.1300,0.1300,0.1800,0.1800,0.1800,0.1800,0.00,749.00
KXHIGHLAX-25JUL02-B72.5,1751425980,2025-07-02T03:13:00+00:00,1,,,,,,0.1600,0.1300,0.1300,0.0500,0.1200,0.1800,0.1800,0.1700,0.1700,0.00,749.00
KXHIGHLAX-25JUL02-B72.5,1751426040,2025-07-02T03:14:00+00:00,1,,,,,,0.1600,0.1200,0.1200,0.1200,0.1200,0.1700,0.1700,0.1700,0.1700,0.00,749.00
KXHIGHLAX-25JUL02-B72.5,1751426100,2025-07-02T03:15:00+00:00,1,,,,,,0.1600,0.1200,0.1200,0.1200,0.1200,0.1700,0.1700,0.1700,0.1700,0.00,749.00
KXHIGHLAX-25JUL02-B72.5,1751426160,2025-07-02T03:16:00+00:00,1,,,,,,0.1600,0.1200,0.1200,0.1200,0.1200,0.1700,0.1700,0.1700,0.1700,0.00,749.00
KXHIGHLAX-25JUL02-B72.5,1751426280,2025-07-02T03:18:00+00:00,1,,,,,,0.1600,0.1200,0.1200,0.1200,0.1200,0.1700,0.1700,0.1700,0.1700,0.00,749.00
KXHIGHLAX-25JUL02-B72.5,1751426340,2025-07-02T03:19:00+00:00,1,,,,,,0.1600,0.1200,0.1200,0.1000,0.1200,0.1700,0.1700,0.1700,0.1700,0.00,749.00
KXHIGHLAX-25JUL02-B72.5,1751426400,2025-07-02T03:20:00+00:00,1,,,,,,0.1600,0.1200,0.1200,0.1200,0.1200,0.1700,0.1700,0.1700,0.1700,0.00,749.00
KXHIGHLAX-25JUL02-B72.5,1751426580,2025-07-02T03:23:00+00:00,1,0.1200,0.1200,0.1200,0.1200,0.1200,0.1600,0.1200,0.1200,0.0500,0.1200,0.1700,0.1700,0.1600,0.1600,61.00,749.00
KXHIGHLAX-25JUL02-B72.5,1751426640,2025-07-02T03:24:00+00:00,1,,,,,,0.1200,0.1200,0.1200,0.1200,0.1200,0.1600,0.1600,0.1500,0.1500,0.00,749.00
KXHIGHLAX-25JUL02-B72.5,1751426700,2025-07-02T03:25:00+00:00,1,,,,,,0.1200,0.1200,0.1200,0.1200,0.1200,0.1500,0.1500,0.1500,0.1500,0.00,749.00
KXHIGHLAX-25JUL02-B72.5,1751426760,2025-07-02T03:26:00+00:00,1,,,,,,0.1200,0.1200,0.1200,0.1200,0.1200,0.1500,0.1500,0.1500,0.1500,0.00,749.00
KXHIGHLAX-25JUL02-B72.5,1751426820,2025-07-02T03:27:00+00:00,1,,,,,,0.1200,0.1200,0.1200,0.1200,0.1200,0.1500,0.1700,0.1500,0.1700,0.00,749.00
KXHIGHLAX-25JUL02-B72.5,1751426880,2025-07-02T03:28:00+00:00,1,,,,,,0.1200,0.1200,0.1200,0.1200,0.1200,0.1700,0.1700,0.1600,0.1600,0.00,749.00
KXHIGHLAX-25JUL02-B72.5,1751426940,2025-07-02T03:29:00+00:00,1,,,,,,0.1200,0.1200,0.1200,0.1200,0.1200,0.1600,0.1600,0.1500,0.1500,0.00,749.00
KXHIGHLAX-25JUL02-B72.5,1751427000,2025-07-02T03:30:00+00:00,1,,,,,,0.1200,0.1200,0.1200,0.1200,0.1200,0.1500,0.1500,0.1500,0.1500,0.00,749.00
KXHIGHLAX-25JUL02-B72.5,1751427060,2025-07-02T03:31:00+00:00,1,,,,,,0.1200,0.1200,0.1200,0.1100,0.1200,0.1500,0.1500,0.1500,0.1500,0.00,749.00
KXHIGHLAX-25JUL02-B72.5,1751427300,2025-07-02T03:35:00+00:00,1,,,,,,0.1200,0.1200,0.1200,0.1200,0.1200,0.1500,0.1500,0.1500,0.1500,0.00,749.00
KXHIGHLAX-25JUL02-B72.5,1751427480,2025-07-02T03:38:00+00:00,1,,,,,,0.1200,0.1200,0.1200,0.0600,0.1100,0.1500,0.1500,0.1400,0.1400,0.00,749.00
KXHIGHLAX-25JUL02-B72.5,1751427540,2025-07-02T03:39:00+00:00,1,,,,,,0.1200,0.1100,0.1100,0.1100,0.1100,0.1400,0.1500,0.1400,0.1400,0.00,749.00
KXHIGHLAX-25JUL02-B72.5,1751427600,2025-07-02T03:40:00+00:00,1,,,,,,0.1200,0.1100,0.1100,0.1000,0.1100,0.1400,0.1400,0.1400,0.1400,0.00,749.00
KXHIGHLAX-25JUL02-B72.5,1751427660,2025-07-02T03:41:00+00:00,1,,,,,,0.1200,0.1100,0.1100,0.1100,0.1100,0.1400,0.1400,0.1400,0.1400,0.00,749.00
KXHIGHLAX-25JUL02-B72.5,1751427780,2025-07-02T03:43:00+00:00,1,,,,,,0.1200,0.1100,0.1100,0.1000,0.1000,0.1400,0.1400,0.1400,0.1400,0.00,749.00
KXHIGHLAX-25JUL02-B72.5,1751427840,2025-07-02T03:44:00+00:00,1,,,,,,0.1200,0.1000,0.1000,0.1000,0.1000,0.1400,0.1500,0.1400,0.1500,0.00,749.00
KXHIGHLAX-25JUL02-B72.5,1751428020,2025-07-02T03:47:00+00:00,1,,,,,,0.1200,0.1000,0.1000,0.1000,0.1000,0.1500,0.1500,0.1500,0.1500,0.00,749.00
KXHIGHLAX-25JUL02-B72.5,1751428080,2025-07-02T03:48:00+00:00,1,,,,,,0.1200,0.1000,0.1000,0.1000,0.1000,0.1500,0.1500,0.1500,0.1500,0.00,749.00
KXHIGHLAX-25JUL02-B72.5,1751428500,2025-07-02T03:55:00+00:00,1,,,,,,0.1200,0.1000,0.1000,0.0800,0.1000,0.1500,0.1500,0.1500,0.1500,0.00,749.00
KXHIGHLAX-25JUL02-B72.5,1751428560,2025-07-02T03:56:00+00:00,1,,,,,,0.1200,0.1000,0.1000,0.1000,0.1000,0.1500,0.1600,0.1500,0.1500,0.00,749.00
KXHIGHLAX-25JUL02-B72.5,1751428620,2025-07-02T03:57:00+00:00,1,,,,,,0.1200,0.1000,0.1000,0.1000,0.1000,0.1500,0.1500,0.1400,0.1400,0.00,749.00
KXHIGHLAX-25JUL02-B72.5,1751428680,2025-07-02T03:58:00+00:00,1,,,,,,0.1200,0.1000,0.1000,0.1000,0.1000,0.1400,0.1400,0.1400,0.1400,0.00,749.00
KXHIGHLAX-25JUL02-B72.5,1751428740,2025-07-02T03:59:00+00:00,1,,,,,,0.1200,0.1000,0.1000,0.1000,0.1000,0.1400,0.1400,0.1400,0.1400,0.00,749.00
KXHIGHLAX-25JUL02-B72.5,1751428800,2025-07-02T04:00:00+00:00,1,,,,,,0.1200,0.1000,0.1000,0.1000,0.1000,0.1400,0.1400,0.1400,0.1400,0.00,749.00
KXHIGHLAX-25JUL02-B72.5,1751428860,2025-07-02T04:01:00+00:00,1,,,,,,0.1200,0.1000,0.1000,0.1000,0.1000,0.1400,0.1400,0.1400,0.1400,0.00,749.00
KXHIGHLAX-25JUL02-B72.5,1751429100,2025-07-02T04:05:00+00:00,1,,,,,,0.1200,0.1000,0.1000,0.1000,0.1000,0.1400,0.1400,0.1400,0.1400,0.00,749.00
KXHIGHLAX-25JUL02-B72.5,1751429220,2025-07-02T04:07:00+00:00,1,,,,,,0.1200,0.1000,0.1000,0.0800,0.1000,0.1400,0.1400,0.1400,0.1400,0.00,749.00
KXHIGHLAX-25JUL02-B72.5,1751429340,2025-07-02T04:09:00+00:00,1,,,,,,0.1200,0.1000,0.1200,0.1000,0.1200,0.1400,0.1400,0.1400,0.1400,0.00,749.00
KXHIGHLAX-25JUL02-B72.5,1751429400,2025-07-02T04:10:00+00:00,1,,,,,,0.1200,0.1200,0.1200,0.1200,0.1200,0.1400,0.1400,0.1400,0.1400,0.00,749.00
KXHIGHLAX-25JUL02-B72.5,1751429940,2025-07-02T04:19:00+00:00,1,,,,,,0.1200,0.1200,0.1200,0.1200,0.1200,0.1400,0.1400,0.1400,0.1400,0.00,749.00
KXHIGHLAX-25JUL02-B72.5,1751430180,2025-07-02T04:23:00+00:00,1,,,,,,0.1200,0.1200,0.1200,0.1200,0.1200,0.1400,0.1400,0.1400,0.1400,0.00,749.00
KXHIGHLAX-25JUL02-B72.5,1751430360,2025-07-02T04:26:00+00:00,1,,,,,,0.1200,0.1200,0.1200,0.1200,0.1200,0.1400,0.1400,0.1400,0.1400,0.00,749.00
KXHIGHLAX-25JUL02-B72.5,1751430420,2025-07-02T04:27:00+00:00,1,,,,,,0.1200,0.1200,0.1200,0.1200,0.1200,0.1400,0.1400,0.1400,0.1400,0.00,749.00
KXHIGHLAX-25JUL02-B72.5,1751430480,2025-07-02T04:28:00+00:00,1,,,,,,0.1200,0.1200,0.1200,0.1200,0.1200,0.1400,0.1400,0.1400,0.1400,0.00,749.00
KXHIGHLAX-25JUL02-B72.5,1751430540,2025-07-02T04:29:00+00:00,1,,,,,,0.1200,0.1200,0.1200,0.1200,0.1200,0.1400,0.1400,0.1400,0.1400,0.00,749.00
KXHIGHLAX-25JUL02-B72.5,1751430600,2025-07-02T04:30:00+00:00,1,,,,,,0.1200,0.1200,0.1200,0.1200,0.1200,0.1400,0.1400,0.1400,0.1400,0.00,749.00
KXHIGHLAX-25JUL02-B72.5,1751430660,2025-07-02T04:31:00+00:00,1,0.1400,0.1400,0.1400,0.1400,0.1400,0.1200,0.1200,0.1200,0.1200,0.1200,0.1400,0.1400,0.1400,0.1400,19.00,749.00
KXHIGHLAX-25JUL02-B72.5,1751430840,2025-07-02T04:34:00+00:00,1,,,,,,0.1400,0.1200,0.1200,0.1200,0.1200,0.1400,0.1400,0.1400,0.1400,0.00,749.00
KXHIGHLAX-25JUL02-B72.5,1751431020,2025-07-02T04:37:00+00:00,1,,,,,,0.1400,0.1200,0.1200,0.1200,0.1200,0.1400,0.1400,0.1300,0.1300,0.00,749.00
KXHIGHLAX-25JUL02-B72.5,1751431080,2025-07-02T04:38:00+00:00,1,,,,,,0.1400,0.1200,0.1200,0.1200,0.1200,0.1300,0.1300,0.1300,0.1300,0.00,749.00
KXHIGHLAX-25JUL02-B72.5,1751431140,2025-07-02T04:39:00+00:00,1,,,,,,0.1400,0.1200,0.1200,0.1200,0.1200,0.1300,0.1300,0.1300,0.1300,0.00,749.00
KXHIGHLAX-25JUL02-B72.5,1751431200,2025-07-02T04:40:00+00:00,1,,,,,,0.1400,0.1200,0.1200,0.1200,0.1200,0.1300,0.1300,0.1300,0.1300,0.00,749.00
KXHIGHLAX-25JUL02-B72.5,1751431260,2025-07-02T04:41:00+00:00,1,,,,,,0.1400,0.1200,0.1200,0.1200,0.1200,0.1300,0.1300,0.1300,0.1300,0.00,749.00
KXHIGHLAX-25JUL02-B72.5,1751431320,2025-07-02T04:42:00+00:00,1,,,,,,0.1400,0.1200,0.1200,0.1200,0.1200,0.1300,0.1300,0.1300,0.1300,0.00,749.00
KXHIGHLAX-25JUL02-B72.5,1751431380,2025-07-02T04:43:00+00:00,1,,,,,,0.1400,0.1200,0.1200,0.1200,0.1200,0.1300,0.1300,0.1300,0.1300,0.00,749.00
KXHIGHLAX-25JUL02-B72.5,1751431440,2025-07-02T04:44:00+00:00,1,,,,,,0.1400,0.1200,0.1200,0.1200,0.1200,0.1300,0.1300,0.1300,0.1300,0.00,749.00
KXHIGHLAX-25JUL02-B72.5,1751431500,2025-07-02T04:45:00+00:00,1,,,,,,0.1400,0.1200,0.1200,0.1200,0.1200,0.1300,0.1300,0.1300,0.1300,0.00,749.00
KXHIGHLAX-25JUL02-B72.5,1751431560,2025-07-02T04:46:00+00:00,1,,,,,,0.1400,0.1200,0.1200,0.1200,0.1200,0.1300,0.1300,0.1300,0.1300,0.00,749.00
KXHIGHLAX-25JUL02-B72.5,1751431620,2025-07-02T04:47:00+00:00,1,,,,,,0.1400,0.1200,0.1200,0.1200,0.1200,0.1300,0.1300,0.1300,0.1300,0.00,749.00
KXHIGHLAX-25JUL02-B72.5,1751431680,2025-07-02T04:48:00+00:00,1,,,,,,0.1400,0.1200,0.1200,0.1200,0.1200,0.1300,0.1300,0.1300,0.1300,0.00,749.00
KXHIGHLAX-25JUL02-B72.5,1751431740,2025-07-02T04:49:00+00:00,1,,,,,,0.1400,0.1200,0.1200,0.1200,0.1200,0.1300,0.1300,0.1300,0.1300,0.00,749.00
KXHIGHLAX-25JUL02-B72.5,1751431800,2025-07-02T04:50:00+00:00,1,,,,,,0.1400,0.1200,0.1200,0.1200,0.1200,0.1300,0.1300,0.1300,0.1300,0.00,749.00
KXHIGHLAX-25JUL02-B72.5,1751431860,2025-07-02T04:51:00+00:00,1,,,,,,0.1400,0.1200,0.1200,0.1200,0.1200,0.1300,0.1300,0.1300,0.1300,0.00,749.00
KXHIGHLAX-25JUL02-B72.5,1751431920,2025-07-02T04:52:00+00:00,1,,,,,,0.1400,0.1200,0.1200,0.1200,0.1200,0.1300,0.1300,0.1300,0.1300,0.00,749.00
KXHIGHLAX-25JUL02-B72.5,1751431980,2025-07-02T04:53:00+00:00,1,,,,,,0.1400,0.1200,0.1200,0.1200,0.1200,0.1300,0.1300,0.1300,0.1300,0.00,749.00
KXHIGHLAX-25JUL02-B72.5,1751432040,2025-07-02T04:54:00+00:00,1,,,,,,0.1400,0.1200,0.1200,0.1200,0.1200,0.1300,0.1300,0.1300,0.1300,0.00,749.00
KXHIGHLAX-25JUL02-B72.5,1751432100,2025-07-02T04:55:00+00:00,1,,,,,,0.1400,0.1200,0.1200,0.1200,0.1200,0.1300,0.1300,0.1300,0.1300,0.00,749.00
KXHIGHLAX-25JUL02-B72.5,1751432160,2025-07-02T04:56:00+00:00,1,,,,,,0.1400,0.1200,0.1200,0.1200,0.1200,0.1300,0.1300,0.1300,0.1300,0.00,749.00
KXHIGHLAX-25JUL02-B72.5,1751432220,2025-07-02T04:57:00+00:00,1,,,,,,0.1400,0.1200,0.1200,0.1200,0.1200,0.1300,0.1300,0.1300,0.1300,0.00,749.00
KXHIGHLAX-25JUL02-B72.5,1751432280,2025-07-02T04:58:00+00:00,1,,,,,,0.1400,0.1200,0.1200,0.1200,0.1200,0.1300,0.1300,0.1300,0.1300,0.00,749.00
KXHIGHLAX-25JUL02-B72.5,1751432340,2025-07-02T04:59:00+00:00,1,,,,,,0.1400,0.1200,0.1200,0.1200,0.1200,0.1300,0.1300,0.1300,0.1300,0.00,749.00
KXHIGHLAX-25JUL02-B72.5,1751432400,2025-07-02T05:00:00+00:00,1,,,,,,0.1400,0.1200,0.1200,0.1200,0.1200,0.1300,0.1300,0.1300,0.1300,0.00,749.00
KXHIGHLAX-25JUL02-B72.5,1751432460,2025-07-02T05:01:00+00:00,1,,,,,,0.1400,0.1200,0.1200,0.1200,0.1200,0.1300,0.1300,0.1300,0.1300,0.00,749.00
KXHIGHLAX-25JUL02-B72.5,1751432520,2025-07-02T05:02:00+00:00,1,,,,,,0.1400,0.1200,0.1200,0.1200,0.1200,0.1300,0.1300,0.1300,0.1300,0.00,749.00
KXHIGHLAX-25JUL02-B72.5,1751432580,2025-07-02T05:03:00+00:00,1,,,,,,0.1400,0.1200,0.1200,0.1200,0.1200,0.1300,0.1300,0.1300,0.1300,0.00,749.00
KXHIGHLAX-25JUL02-B72.5,1751432640,2025-07-02T05:04:00+00:00,1,,,,,,0.1400,0.1200,0.1200,0.1200,0.1200,0.1300,0.1300,0.1300,0.1300,0.00,749.00
KXHIGHLAX-25JUL02-B72.5,1751432700,2025-07-02T05:05:00+00:00,1,,,,,,0.1400,0.1200,0.1200,0.1200,0.1200,0.1300,0.1300,0.1300,0.1300,0.00,749.00
KXHIGHLAX-25JUL02-B72.5,1751432760,2025-07-02T05:06:00+00:00,1,,,,,,0.1400,0.1200,0.1200,0.1200,0.1200,0.1300,0.1300,0.1300,0.1300,0.00,749.00
KXHIGHLAX-25JUL02-B72.5,1751432820,2025-07-02T05:07:00+00:00,1,,,,,,0.1400,0.1200,0.1200,0.1200,0.1200,0.1300,0.1300,0.1300,0.1300,0.00,749.00
KXHIGHLAX-25JUL02-B72.5,1751432880,2025-07-02T05:08:00+00:00,1,,,,,,0.1400,0.1200,0.1200,0.1200,0.1200,0.1300,0.1300,0.1300,0.1300,0.00,749.00
KXHIGHLAX-25JUL02-B72.5,1751432940,2025-07-02T05:09:00+00:00,1,,,,,,0.1400,0.1200,0.1200,0.1200,0.1200,0.1300,0.1300,0.1300,0.1300,0.00,749.00
KXHIGHLAX-25JUL02-B72.5,1751433000,2025-07-02T05:10:00+00:00,1,,,,,,0.1400,0.1200,0.1200,0.1200,0.1200,0.1300,0.1300,0.1300,0.1300,0.00,749.00
KXHIGHLAX-25JUL02-B72.5,1751433060,2025-07-02T05:11:00+00:00,1,,,,,,0.1400,0.1200,0.1200,0.1200,0.1200,0.1300,0.1300,0.1300,0.1300,0.00,749.00
KXHIGHLAX-25JUL02-B72.5,1751433120,2025-07-02T05:12:00+00:00,1,,,,,,0.1400,0.1200,0.1200,0.1200,0.1200,0.1300,0.1300,0.1300,0.1300,0.00,749.00
KXHIGHLAX-25JUL02-B72.5,1751433180,2025-07-02T05:13:00+00:00,1,,,,,,0.1400,0.1200,0.1200,0.1200,0.1200,0.1300,0.1300,0.1300,0.1300,0.00,749.00
KXHIGHLAX-25JUL02-B72.5,1751433240,2025-07-02T05:14:00+00:00,1,,,,,,0.1400,0.1200,0.1200,0.1200,0.1200,0.1300,0.1300,0.1300,0.1300,0.00,749.00
KXHIGHLAX-25JUL02-B72.5,1751433300,2025-07-02T05:15:00+00:00,1,,,,,,0.1400,0.1200,0.1200,0.1200,0.1200,0.1300,0.1300,0.1300,0.1300,0.00,749.00
KXHIGHLAX-25JUL02-B72.5,1751433360,2025-07-02T05:16:00+00:00,1,,,,,,0.1400,0.1200,0.1200,0.1200,0.1200,0.1300,0.1300,0.1300,0.1300,0.00,749.00
KXHIGHLAX-25JUL02-B72.5,1751433420,2025-07-02T05:17:00+00:00,1,,,,,,0.1400,0.1200,0.1200,0.1200,0.1200,0.1300,0.1300,0.1300,0.1300,0.00,749.00
KXHIGHLAX-25JUL02-B72.5,1751433480,2025-07-02T05:18:00+00:00,1,,,,,,0.1400,0.1200,0.1200,0.1200,0.1200,0.1300,0.1300,0.1300,0.1300,0.00,749.00
KXHIGHLAX-25JUL02-B72.5,1751433540,2025-07-02T05:19:00+00:00,1,,,,,,0.1400,0.1200,0.1200,0.1200,0.1200,0.1300,0.1300,0.1300,0.1300,0.00,749.00
KXHIGHLAX-25JUL02-B72.5,1751433600,2025-07-02T05:20:00+00:00,1,,,,,,0.1400,0.1200,0.1200,0.1200,0.1200,0.1300,0.1300,0.1300,0.1300,0.00,749.00
KXHIGHLAX-25JUL02-B72.5,1751433660,2025-07-02T05:21:00+00:00,1,,,,,,0.1400,0.1200,0.1200,0.1200,0.1200,0.1300,0.1300,0.1300,0.1300,0.00,749.00
KXHIGHLAX-25JUL02-B72.5,1751433720,2025-07-02T05:22:00+00:00,1,,,,,,0.1400,0.1200,0.1200,0.1200,0.1200,0.1300,0.1300,0.1300,0.1300,0.00,749.00
KXHIGHLAX-25JUL02-B72.5,1751433780,2025-07-02T05:23:00+00:00,1,,,,,,0.1400,0.1200,0.1200,0.1200,0.1200,0.1300,0.1300,0.1300,0.1300,0.00,749.00
KXHIGHLAX-25JUL02-B72.5,1751433840,2025-07-02T05:24:00+00:00,1,,,,,,0.1400,0.1200,0.1200,0.1200,0.1200,0.1300,0.1300,0.1300,0.1300,0.00,749.00
KXHIGHLAX-25JUL02-B72.5,1751433900,2025-07-02T05:25:00+00:00,1,,,,,,0.1400,0.1200,0.1200,0.1200,0.1200,0.1300,0.1300,0.1300,0.1300,0.00,749.00
KXHIGHLAX-25JUL02-B72.5,1751433960,2025-07-02T05:26:00+00:00,1,,,,,,0.1400,0.1200,0.1200,0.1200,0.1200,0.1300,0.1300,0.1300,0.1300,0.00,749.00
KXHIGHLAX-25JUL02-B72.5,1751434020,2025-07-02T05:27:00+00:00,1,,,,,,0.1400,0.1200,0.1200,0.1200,0.1200,0.1300,0.1300,0.1300,0.1300,0.00,749.00
KXHIGHLAX-25JUL02-B72.5,1751434080,2025-07-02T05:28:00+00:00,1,0.1300,0.1300,0.1300,0.1300,0.1300,0.1400,0.1200,0.1200,0.1200,0.1200,0.1300,0.1300,0.1300,0.1300,1.00,749.00
KXHIGHLAX-25JUL02-B72.5,1751434140,2025-07-02T05:29:00+00:00,1,,,,,,0.1300,0.1200,0.1200,0.1200,0.1200,0.1300,0.1300,0.1300,0.1300,0.00,749.00
KXHIGHLAX-25JUL02-B72.5,1751434200,2025-07-02T05:30:00+00:00,1,,,,,,0.1300,0.1200,0.1200,0.1200,0.1200,0.1300,0.1300,0.1300,0.1300,0.00,749.00
KXHIGHLAX-25JUL02-B72.5,1751434260,2025-07-02T05:31:00+00:00,1,,,,,,0.1300,0.1200,0.1200,0.1200,0.1200,0.1300,0.1300,0.1300,0.1300,0.00,749.00
KXHIGHLAX-25JUL02-B72.5,1751434320,2025-07-02T05:32:00+00:00,1,0.1300,0.1400,0.1300,0.1400,0.1364,0.1300,0.1200,0.1200,0.1200,0.1200,0.1300,0.1400,0.1300,0.1400,103.00,850.00
KXHIGHLAX-25JUL02-B72.5,1751434380,2025-07-02T05:33:00+00:00,1,,,,,,0.1400,0.1200,0.1200,0.1200,0.1200,0.1400,0.1400,0.1300,0.1300,0.00,850.00
KXHIGHLAX-25JUL02-B72.5,1751434440,2025-07-02T05:34:00+00:00,1,,,,,,0.1400,0.1200,0.1200,0.1200,0.1200,0.1300,0.1400,0.1300,0.1300,0.00,850.00
KXHIGHLAX-25JUL02-B72.5,1751434500,2025-07-02T05:35:00+00:00,1,,,,,,0.1400,0.1200,0.1200,0.1200,0.1200,0.1300,0.1300,0.1300,0.1300,0.00,850.00
KXHIGHLAX-25JUL02-B72.5,1751434560,2025-07-02T05:36:00+00:00,1,,,,,,0.1400,0.1200,0.1200,0.1200,0.1200,0.1300,0.1300,0.1300,0.1300,0.00,850.00
KXHIGHLAX-25JUL02-B72.5,1751434620,2025-07-02T05:37:00+00:00,1,,,,,,0.1400,0.1200,0.1200,0.1200,0.1200,0.1300,0.1400,0.1300,0.1300,0.00,850.00
KXHIGHLAX-25JUL02-B72.5,1751434680,2025-07-02T05:38:00+00:00,1,,,,,,0.1400,0.1200,0.1200,0.1200,0.1200,0.1300,0.1300,0.1300,0.1300,0.00,850.00
KXHIGHLAX-25JUL02-B72.5,1751434740,2025-07-02T05:39:00+00:00,1,0.1200,0.1200,0.1200,0.1200,0.1200,0.1400,0.1200,0.1200,0.1200,0.1200,0.1300,0.1400,0.1300,0.1300,112.00,962.00
KXHIGHLAX-25JUL02-B72.5,1751434800,2025-07-02T05:40:00+00:00,1,,,,,,0.1200,0.1200,0.1200,0.1200,0.1200,0.1300,0.1300,0.1300,0.1300,0.00,962.00
KXHIGHLAX-25JUL02-B72.5,1751434860,2025-07-02T05:41:00+00:00,1,,,,,,0.1200,0.1200,0.1200,0.1200,0.1200,0.1300,0.1300,0.1300,0.1300,0.00,962.00
KXHIGHLAX-25JUL02-B72.5,1751434920,2025-07-02T05:42:00+00:00,1,,,,,,0.1200,0.1200,0.1200,0.1200,0.1200,0.1300,0.1400,0.1300,0.1300,0.00,962.00
KXHIGHLAX-25JUL02-B72.5,1751434980,2025-07-02T05:43:00+00:00,1,,,,,,0.1200,0.1200,0.1200,0.1200,0.1200,0.1300,0.1300,0.1300,0.1300,0.00,962.00
KXHIGHLAX-25JUL02-B72.5,1751435040,2025-07-02T05:44:00+00:00,1,,,,,,0.1200,0.1200,0.1200,0.1200,0.1200,0.1300,0.1400,0.1300,0.1300,0.00,962.00
KXHIGHLAX-25JUL02-B72.5,1751435100,2025-07-02T05:45:00+00:00,1,,,,,,0.1200,0.1200,0.1200,0.1200,0.1200,0.1300,0.1300,0.1300,0.1300,0.00,962.00
KXHIGHLAX-25JUL02-B72.5,1751435160,2025-07-02T05:46:00+00:00,1,,,,,,0.1200,0.1200,0.1200,0.1200,0.1200,0.1300,0.1300,0.1300,0.1300,0.00,962.00
KXHIGHLAX-25JUL02-B72.5,1751435220,2025-07-02T05:47:00+00:00,1,,,,,,0.1200,0.1200,0.1200,0.1200,0.1200,0.1300,0.1400,0.1300,0.1300,0.00,962.00
KXHIGHLAX-25JUL02-B72.5,1751435280,2025-07-02T05:48:00+00:00,1,,,,,,0.1200,0.1200,0.1200,0.1200,0.1200,0.1300,0.1400,0.1300,0.1300,0.00,962.00
KXHIGHLAX-25JUL02-B72.5,1751435340,2025-07-02T05:49:00+00:00,1,,,,,,0.1200,0.1200,0.1200,0.1200,0.1200,0.1300,0.1300,0.1300,0.1300,0.00,962.00
KXHIGHLAX-25JUL02-B72.5,1751435400,2025-07-02T05:50:00+00:00,1,,,,,,0.1200,0.1200,0.1200,0.1200,0.1200,0.1300,0.1400,0.1300,0.1300,0.00,962.00
KXHIGHLAX-25JUL02-B72.5,1751435460,2025-07-02T05:51:00+00:00,1,,,,,,0.1200,0.1200,0.1200,0.1200,0.1200,0.1300,0.1300,0.1300,0.1300,0.00,962.00
KXHIGHLAX-25JUL02-B72.5,1751435520,2025-07-02T05:52:00+00:00,1,,,,,,0.1200,0.1200,0.1200,0.1200,0.1200,0.1300,0.1400,0.1300,0.1300,0.00,962.00
KXHIGHLAX-25JUL02-B72.5,1751435580,2025-07-02T05:53:00+00:00,1,,,,,,0.1200,0.1200,0.1200,0.1200,0.1200,0.1300,0.1400,0.1300,0.1300,0.00,962.00
KXHIGHLAX-25JUL02-B72.5,1751435640,2025-07-02T05:54:00+00:00,1,,,,,,0.1200,0.1200,0.1200,0.1200,0.1200,0.1300,0.1400,0.1300,0.1300,0.00,962.00
KXHIGHLAX-25JUL02-B72.5,1751435700,2025-07-02T05:55:00+00:00,1,,,,,,0.1200,0.1200,0.1200,0.1200,0.1200,0.1300,0.1400,0.1300,0.1300,0.00,962.00
KXHIGHLAX-25JUL02-B72.5,1751435760,2025-07-02T05:56:00+00:00,1,,,,,,0.1200,0.1200,0.1200,0.1200,0.1200,0.1300,0.1400,0.1300,0.1300,0.00,962.00
KXHIGHLAX-25JUL02-B72.5,1751435820,2025-07-02T05:57:00+00:00,1,,,,,,0.1200,0.1200,0.1200,0.1200,0.1200,0.1300,0.1400,0.1300,0.1300,0.00,962.00
KXHIGHLAX-25JUL02-B72.5,1751435880,2025-07-02T05:58:00+00:00,1,,,,,,0.1200,0.1200,0.1200,0.1200,0.1200,0.1300,0.1400,0.1300,0.1300,0.00,962.00
KXHIGHLAX-25JUL02-B72.5,1751435940,2025-07-02T05:59:00+00:00,1,,,,,,0.1200,0.1200,0.1200,0.1200,0.1200,0.1300,0.1400,0.1300,0.1300,0.00,962.00
KXHIGHLAX-25JUL02-B72.5,1751436000,2025-07-02T06:00:00+00:00,1,,,,,,0.1200,0.1200,0.1200,0.1200,0.1200,0.1300,0.1400,0.1300,0.1300,0.00,962.00
KXHIGHLAX-25JUL02-B72.5,1751436060,2025-07-02T06:01:00+00:00,1,,,,,,0.1200,0.1200,0.1200,0.1200,0.1200,0.1300,0.1400,0.1300,0.1300,0.00,962.00
KXHIGHLAX-25JUL02-B72.5,1751436120,2025-07-02T06:02:00+00:00,1,,,,,,0.1200,0.1200,0.1200,0.1200,0.1200,0.1300,0.1400,0.1300,0.1300,0.00,962.00
KXHIGHLAX-25JUL02-B72.5,1751436180,2025-07-02T06:03:00+00:00,1,,,,,,0.1200,0.1200,0.1200,0.1200,0.1200,0.1300,0.1400,0.1300,0.1300,0.00,962.00
KXHIGHLAX-25JUL02-B72.5,1751436240,2025-07-02T06:04:00+00:00,1,,,,,,0.1200,0.1200,0.1200,0.1200,0.1200,0.1300,0.1400,0.1300,0.1300,0.00,962.00
KXHIGHLAX-25JUL02-B72.5,1751436300,2025-07-02T06:05:00+00:00,1,,,,,,0.1200,0.1200,0.1200,0.1200,0.1200,0.1300,0.1400,0.1300,0.1300,0.00,962.00
KXHIGHLAX-25JUL02-B72.5,1751436360,2025-07-02T06:06:00+00:00,1,,,,,,0.1200,0.1200,0.1200,0.1200,0.1200,0.1300,0.1400,0.1300,0.1300,0.00,962.00
KXHIGHLAX-25JUL02-B72.5,1751436420,2025-07-02T06:07:00+00:00,1,,,,,,0.1200,0.1200,0.1200,0.1200,0.1200,0.1300,0.1400,0.1300,0.1300,0.00,962.00
KXHIGHLAX-25JUL02-B72.5,1751436480,2025-07-02T06:08:00+00:00,1,,,,,,0.1200,0.1200,0.1200,0.1200,0.1200,0.1300,0.1400,0.1300,0.1300,0.00,962.00
KXHIGHLAX-25JUL02-B72.5,1751436540,2025-07-02T06:09:00+00:00,1,,,,,,0.1200,0.1200,0.1200,0.1200,0.1200,0.1300,0.1400,0.1300,0.1300,0.00,962.00
KXHIGHLAX-25JUL02-B72.5,1751436600,2025-07-02T06:10:00+00:00,1,0.1300,0.1300,0.1300,0.1300,0.1300,0.1200,0.1200,0.1200,0.1200,0.1200,0.1300,0.1400,0.1300,0.1300,36.00,998.00
KXHIGHLAX-25JUL02-B72.5,1751436660,2025-07-02T06:11:00+00:00,1,,,,,,0.1300,0.1200,0.1200,0.1200,0.1200,0.1300,0.1400,0.1300,0.1400,0.00,998.00
KXHIGHLAX-25JUL02-B72.5,1751436780,2025-07-02T06:13:00+00:00,1,,,,,,0.1300,0.1200,0.1200,0.1200,0.1200,0.1400,0.1400,0.1400,0.1400,0.00,998.00
KXHIGHLAX-25JUL02-B72.5,1751437140,2025-07-02T06:19:00+00:00,1,,,,,,0.1300,0.1200,0.1200,0.1200,0.1200,0.1400,0.1500,0.1400,0.1400,0.00,998.00
KXHIGHLAX-25JUL02-B72.5,1751437260,2025-07-02T06:21:00+00:00,1,,,,,,0.1300,0.1200,0.1200,0.1200,0.1200,0.1400,0.1400,0.1400,0.1400,0.00,998.00
KXHIGHLAX-25JUL02-B72.5,1751437320,2025-07-02T06:22:00+00:00,1,,,,,,0.1300,0.1200,0.1200,0.1200,0.1200,0.1400,0.1400,0.1400,0.1400,0.00,998.00
KXHIGHLAX-25JUL02-B72.5,1751437380,2025-07-02T06:23:00+00:00,1,,,,,,0.1300,0.1200,0.1300,0.1200,0.1300,0.1400,0.1400,0.1400,0.1400,0.00,998.00
KXHIGHLAX-25JUL02-B72.5,1751437440,2025-07-02T06:24:00+00:00,1,,,,,,0.1300,0.1300,0.1300,0.1200,0.1300,0.1400,0.1400,0.1400,0.1400,0.00,998.00
KXHIGHLAX-25JUL02-B72.5,1751437500,2025-07-02T06:25:00+00:00,1,,,,,,0.1300,0.1300,0.1300,0.1200,0.1300,0.1400,0.1400,0.1400,0.1400,0.00,998.00
KXHIGHLAX-25JUL02-B72.5,1751437560,2025-07-02T06:26:00+00:00,1,,,,,,0.1300,0.1300,0.1300,0.1200,0.1300,0.1400,0.1400,0.1400,0.1400,0.00,998.00
KXHIGHLAX-25JUL02-B72.5,1751437620,2025-07-02T06:27:00+00:00,1,,,,,,0.1300,0.1300,0.1300,0.1200,0.1300,0.1400,0.1400,0.1400,0.1400,0.00,998.00
KXHIGHLAX-25JUL02-B72.5,1751437680,2025-07-02T06:28:00+00:00,1,,,,,,0.1300,0.1300,0.1300,0.1200,0.1300,0.1400,0.1400,0.1400,0.1400,0.00,998.00
KXHIGHLAX-25JUL02-B72.5,1751437740,2025-07-02T06:29:00+00:00,1,,,,,,0.1300,0.1300,0.1300,0.1200,0.1300,0.1400,0.1400,0.1400,0.1400,0.00,998.00
KXHIGHLAX-25JUL02-B72.5,1751437800,2025-07-02T06:30:00+00:00,1,,,,,,0.1300,0.1300,0.1300,0.1200,0.1300,0.1400,0.1400,0.1400,0.1400,0.00,998.00
KXHIGHLAX-25JUL02-B72.5,1751437860,2025-07-02T06:31:00+00:00,1,,,,,,0.1300,0.1300,0.1300,0.1200,0.1300,0.1400,0.1600,0.1400,0.1400,0.00,998.00
KXHIGHLAX-25JUL02-B72.5,1751437920,2025-07-02T06:32:00+00:00,1,,,,,,0.1300,0.1300,0.1300,0.1200,0.1300,0.1400,0.1400,0.1400,0.1400,0.00,998.00
KXHIGHLAX-25JUL02-B72.5,1751437980,2025-07-02T06:33:00+00:00,1,,,,,,0.1300,0.1300,0.1300,0.1200,0.1300,0.1400,0.1400,0.1400,0.1400,0.00,998.00
KXHIGHLAX-25JUL02-B72.5,1751438040,2025-07-02T06:34:00+00:00,1,,,,,,0.1300,0.1300,0.1300,0.1200,0.1300,0.1400,0.1600,0.1400,0.1400,0.00,998.00
KXHIGHLAX-25JUL02-B72.5,1751438100,2025-07-02T06:35:00+00:00,1,,,,,,0.1300,0.1300,0.1300,0.1200,0.1300,0.1400,0.1400,0.1400,0.1400,0.00,998.00
KXHIGHLAX-25JUL02-B72.5,1751438160,2025-07-02T06:36:00+00:00,1,,,,,,0.1300,0.1300,0.1300,0.1200,0.1300,0.1400,0.1400,0.1400,0.1400,0.00,998.00
KXHIGHLAX-25JUL02-B72.5,1751438220,2025-07-02T06:37:00+00:00,1,,,,,,0.1300,0.1300,0.1300,0.1200,0.1300,0.1400,0.1400,0.1400,0.1400,0.00,998.00
KXHIGHLAX-25JUL02-B72.5,1751438280,2025-07-02T06:38:00+00:00,1,,,,,,0.1300,0.1300,0.1300,0.1200,0.1300,0.1400,0.1400,0.1400,0.1400,0.00,998.00
KXHIGHLAX-25JUL02-B72.5,1751438340,2025-07-02T06:39:00+00:00,1,,,,,,0.1300,0.1300,0.1300,0.1200,0.1300,0.1400,0.1400,0.1400,0.1400,0.00,998.00
KXHIGHLAX-25JUL02-B72.5,1751438400,2025-07-02T06:40:00+00:00,1,,,,,,0.1300,0.1300,0.1300,0.1200,0.1300,0.1400,0.1400,0.1400,0.1400,0.00,998.00
KXHIGHLAX-25JUL02-B72.5,1751438460,2025-07-02T06:41:00+00:00,1,,,,,,0.1300,0.1300,0.1300,0.1200,0.1300,0.1400,0.1400,0.1400,0.1400,0.00,998.00
KXHIGHLAX-25JUL02-B72.5,1751438520,2025-07-02T06:42:00+00:00,1,,,,,,0.1300,0.1300,0.1300,0.1200,0.1300,0.1400,0.1400,0.1400,0.1400,0.00,998.00
KXHIGHLAX-25JUL02-B72.5,1751438580,2025-07-02T06:43:00+00:00,1,,,,,,0.1300,0.1300,0.1300,0.1200,0.1300,0.1400,0.1400,0.1400,0.1400,0.00,998.00
KXHIGHLAX-25JUL02-B72.5,1751438640,2025-07-02T06:44:00+00:00,1,,,,,,0.1300,0.1300,0.1300,0.1200,0.1300,0.1400,0.1400,0.1400,0.1400,0.00,998.00
KXHIGHLAX-25JUL02-B72.5,1751438700,2025-07-02T06:45:00+00:00,1,,,,,,0.1300,0.1300,0.1300,0.1200,0.1300,0.1400,0.1400,0.1400,0.1400,0.00,998.00
KXHIGHLAX-25JUL02-B72.5,1751438760,2025-07-02T06:46:00+00:00,1,,,,,,0.1300,0.1300,0.1300,0.1200,0.1300,0.1400,0.1400,0.1400,0.1400,0.00,998.00
KXHIGHLAX-25JUL02-B72.5,1751438820,2025-07-02T06:47:00+00:00,1,,,,,,0.1300,0.1300,0.1300,0.1200,0.1300,0.1400,0.1400,0.1400,0.1400,0.00,998.00
KXHIGHLAX-25JUL02-B72.5,1751438880,2025-07-02T06:48:00+00:00,1,,,,,,0.1300,0.1300,0.1300,0.1200,0.1300,0.1400,0.1400,0.1400,0.1400,0.00,998.00
KXHIGHLAX-25JUL02-B72.5,1751438940,2025-07-02T06:49:00+00:00,1,,,,,,0.1300,0.1300,0.1300,0.1200,0.1300,0.1400,0.1400,0.1400,0.1400,0.00,998.00
KXHIGHLAX-25JUL02-B72.5,1751439000,2025-07-02T06:50:00+00:00,1,,,,,,0.1300,0.1300,0.1300,0.1200,0.1300,0.1400,0.1400,0.1400,0.1400,0.00,998.00
KXHIGHLAX-25JUL02-B72.5,1751439060,2025-07-02T06:51:00+00:00,1,,,,,,0.1300,0.1300,0.1300,0.1200,0.1300,0.1400,0.1400,0.1400,0.1400,0.00,998.00
KXHIGHLAX-25JUL02-B72.5,1751439120,2025-07-02T06:52:00+00:00,1,,,,,,0.1300,0.1300,0.1300,0.1200,0.1300,0.1400,0.1400,0.1400,0.1400,0.00,998.00
KXHIGHLAX-25JUL02-B72.5,1751439180,2025-07-02T06:53:00+00:00,1,,,,,,0.1300,0.1300,0.1300,0.1200,0.1300,0.1400,0.1400,0.1400,0.1400,0.00,998.00
KXHIGHLAX-25JUL02-B72.5,1751439240,2025-07-02T06:54:00+00:00,1,,,,,,0.1300,0.1300,0.1300,0.1200,0.1300,0.1400,0.1400,0.1400,0.1400,0.00,998.00
KXHIGHLAX-25JUL02-B72.5,1751439300,2025-07-02T06:55:00+00:00,1,0.1300,0.1300,0.1300,0.1300,0.1300,0.1300,0.1300,0.1300,0.1200,0.1300,0.1400,0.1400,0.1400,0.1400,6.00,998.00
KXHIGHLAX-25JUL02-B72.5,1751439360,2025-07-02T06:56:00+00:00,1,,,,,,0.1300,0.1300,0.1300,0.1200,0.1300,0.1400,0.1400,0.1400,0.1400,0.00,998.00
KXHIGHLAX-25JUL02-B72.5,1751439420,2025-07-02T06:57:00+00:00,1,,,,,,0.1300,0.1300,0.1300,0.1200,0.1300,0.1400,0.1400,0.1400,0.1400,0.00,998.00
KXHIGHLAX-25JUL02-B72.5,1751439480,2025-07-02T06:58:00+00:00,1,0.1300,0.1300,0.1300,0.1300,0.1300,0.1300,0.1300,0.1300,0.1200,0.1300,0.1400,0.1400,0.1400,0.1400,32.00,998.00
KXHIGHLAX-25JUL02-B72.5,1751439540,2025-07-02T06:59:00+00:00,1,,,,,,0.1300,0.1300,0.1300,0.1300,0.1300,0.1400,0.1400,0.1400,0.1400,0.00,998.00
KXHIGHLAX-25JUL02-B72.5,1751439600,2025-07-02T07:00:00+00:00,1,,,,,,0.1300,0.1300,0.1300,0.1300,0.1300,0.1400,0.1400,0.1400,0.1400,0.00,998.00
KXHIGHLAX-25JUL02-B72.5,1751439660,2025-07-02T07:01:00+00:00,1,,,,,,0.1300,0.1300,0.1300,0.1300,0.1300,0.1400,0.1400,0.1400,0.1400,0.00,998.00
KXHIGHLAX-25JUL02-B72.5,1751440260,2025-07-02T07:11:00+00:00,1,,,,,,0.1300,0.1300,0.1300,0.1300,0.1300,0.1400,0.1400,0.1400,0.1400,0.00,998.00
KXHIGHLAX-25JUL02-B72.5,1751445060,2025-07-02T08:31:00+00:00,1,,,,,,0.1300,0.1300,0.1300,0.1300,0.1300,0.1400,0.1400,0.1400,0.1400,0.00,998.00
KXHIGHLAX-25JUL02-B72.5,1751454060,2025-07-02T11:01:00+00:00,1,,,,,,0.1300,0.1300,0.1300,0.1200,0.1200,0.1400,0.1400,0.1400,0.1400,0.00,998.00
KXHIGHLAX-25JUL02-B72.5,1751457660,2025-07-02T12:01:00+00:00,1,,,,,,0.1300,0.1200,0.1300,0.1200,0.1300,0.1400,0.1400,0.1400,0.1400,0.00,998.00
KXHIGHLAX-25JUL02-B72.5,1751457720,2025-07-02T12:02:00+00:00,1,0.1300,0.1300,0.1200,0.1200,0.1213,0.1300,0.1300,0.1300,0.1200,0.1200,0.1400,0.1400,0.1300,0.1300,544.00,1509.00
KXHIGHLAX-25JUL02-B72.5,1751457780,2025-07-02T12:03:00+00:00,1,,,,,,0.1200,0.1200,0.1200,0.1200,0.1200,0.1300,0.1300,0.1300,0.1300,0.00,1509.00
KXHIGHLAX-25JUL02-B72.5,1751457840,2025-07-02T12:04:00+00:00,1,,,,,,0.1200,0.1200,0.1200,0.1200,0.1200,0.1300,0.1400,0.1300,0.1300,0.00,1509.00
KXHIGHLAX-25JUL02-B72.5,1751457900,2025-07-02T12:05:00+00:00,1,,,,,,0.1200,0.1200,0.1200,0.1200,0.1200,0.1300,0.1300,0.1300,0.1300,0.00,1509.00
KXHIGHLAX-25JUL02-B72.5,1751457960,2025-07-02T12:06:00+00:00,1,,,,,,0.1200,0.1200,0.1200,0.1200,0.1200,0.1300,0.1300,0.1300,0.1300,0.00,1509.00
KXHIGHLAX-25JUL02-B72.5,1751458020,2025-07-02T12:07:00+00:00,1,,,,,,0.1200,0.1200,0.1200,0.1200,0.1200,0.1300,0.1300,0.1300,0.1300,0.00,1509.00
KXHIGHLAX-25JUL02-B72.5,1751458080,2025-07-02T12:08:00+00:00,1,,,,,,0.1200,0.1200,0.1200,0.1200,0.1200,0.1300,0.1300,0.1300,0.1300,0.00,1509.00
KXHIGHLAX-25JUL02-B72.5,1751458140,2025-07-02T12:09:00+00:00,1,,,,,,0.1200,0.1200,0.1200,0.1200,0.1200,0.1300,0.1300,0.1300,0.1300,0.00,1509.00
KXHIGHLAX-25JUL02-B72.5,1751458200,2025-07-02T12:10:00+00:00,1,,,,,,0.1200,0.1200,0.1200,0.1200,0.1200,0.1300,0.1300,0.1300,0.1300,0.00,1509.00
KXHIGHLAX-25JUL02-B72.5,1751458260,2025-07-02T12:11:00+00:00,1,,,,,,0.1200,0.1200,0.1200,0.1200,0.1200,0.1300,0.1300,0.1300,0.1300,0.00,1509.00
KXHIGHLAX-25JUL02-B72.5,1751458320,2025-07-02T12:12:00+00:00,1,,,,,,0.1200,0.1200,0.1200,0.1200,0.1200,0.1300,0.1300,0.1300,0.1300,0.00,1509.00
KXHIGHLAX-25JUL02-B72.5,1751458380,2025-07-02T12:13:00+00:00,1,,,,,,0.1200,0.1200,0.1200,0.1200,0.1200,0.1300,0.1300,0.1300,0.1300,0.00,1509.00
KXHIGHLAX-25JUL02-B72.5,1751458440,2025-07-02T12:14:00+00:00,1,,,,,,0.1200,0.1200,0.1200,0.1200,0.1200,0.1300,0.1300,0.1300,0.1300,0.00,1509.00
KXHIGHLAX-25JUL02-B72.5,1751458500,2025-07-02T12:15:00+00:00,1,,,,,,0.1200,0.1200,0.1200,0.1200,0.1200,0.1300,0.1300,0.1300,0.1300,0.00,1509.00
KXHIGHLAX-25JUL02-B72.5,1751458560,2025-07-02T12:16:00+00:00,1,,,,,,0.1200,0.1200,0.1200,0.1200,0.1200,0.1300,0.1300,0.1300,0.1300,0.00,1509.00
KXHIGHLAX-25JUL02-B72.5,1751458620,2025-07-02T12:17:00+00:00,1,,,,,,0.1200,0.1200,0.1200,0.1200,0.1200,0.1300,0.1400,0.1300,0.1300,0.00,1509.00
KXHIGHLAX-25JUL02-B72.5,1751458680,2025-07-02T12:18:00+00:00,1,,,,,,0.1200,0.1200,0.1200,0.1200,0.1200,0.1300,0.1300,0.1300,0.1300,0.00,1509.00
KXHIGHLAX-25JUL02-B72.5,1751458740,2025-07-02T12:19:00+00:00,1,,,,,,0.1200,0.1200,0.1200,0.1200,0.1200,0.1300,0.1300,0.1300,0.1300,0.00,1509.00
KXHIGHLAX-25JUL02-B72.5,1751458800,2025-07-02T12:20:00+00:00,1,,,,,,0.1200,0.1200,0.1200,0.1200,0.1200,0.1300,0.1300,0.1300,0.1300,0.00,1509.00
KXHIGHLAX-25JUL02-B72.5,1751458860,2025-07-02T12:21:00+00:00,1,,,,,,0.1200,0.1200,0.1200,0.1200,0.1200,0.1300,0.1300,0.1300,0.1300,0.00,1509.00
KXHIGHLAX-25JUL02-B72.5,1751458920,2025-07-02T12:22:00+00:00,1,,,,,,0.1200,0.1200,0.1200,0.1200,0.1200,0.1300,0.1300,0.1300,0.1300,0.00,1509.00
KXHIGHLAX-25JUL02-B72.5,1751458980,2025-07-02T12:23:00+00:00,1,,,,,,0.1200,0.1200,0.1200,0.1200,0.1200,0.1300,0.1300,0.1300,0.1300,0.00,1509.00
KXHIGHLAX-25JUL02-B72.5,1751459040,2025-07-02T12:24:00+00:00,1,,,,,,0.1200,0.1200,0.1200,0.1200,0.1200,0.1300,0.1300,0.1300,0.1300,0.00,1509.00
KXHIGHLAX-25JUL02-B72.5,1751459100,2025-07-02T12:25:00+00:00,1,,,,,,0.1200,0.1200,0.1200,0.1200,0.1200,0.1300,0.1300,0.1300,0.1300,0.00,1509.00
KXHIGHLAX-25JUL02-B72.5,1751459160,2025-07-02T12:26:00+00:00,1,,,,,,0.1200,0.1200,0.1200,0.1200,0.1200,0.1300,0.1300,0.1300,0.1300,0.00,1509.00
KXHIGHLAX-25JUL02-B72.5,1751459220,2025-07-02T12:27:00+00:00,1,,,,,,0.1200,0.1200,0.1200,0.1200,0.1200,0.1300,0.1300,0.1300,0.1300,0.00,1509.00
KXHIGHLAX-25JUL02-B72.5,1751459280,2025-07-02T12:28:00+00:00,1,,,,,,0.1200,0.1200,0.1200,0.1200,0.1200,0.1300,0.1300,0.1300,0.1300,0.00,1509.00
KXHIGHLAX-25JUL02-B72.5,1751459340,2025-07-02T12:29:00+00:00,1,,,,,,0.1200,0.1200,0.1200,0.1200,0.1200,0.1300,0.1300,0.1300,0.1300,0.00,1509.00
KXHIGHLAX-25JUL02-B72.5,1751459400,2025-07-02T12:30:00+00:00,1,,,,,,0.1200,0.1200,0.1200,0.1200,0.1200,0.1300,0.1300,0.1300,0.1300,0.00,1509.00
KXHIGHLAX-25JUL02-B72.5,1751459460,2025-07-02T12:31:00+00:00,1,,,,,,0.1200,0.1200,0.1200,0.1200,0.1200,0.1300,0.1300,0.1300,0.1300,0.00,1509.00
KXHIGHLAX-25JUL02-B72.5,1751459520,2025-07-02T12:32:00+00:00,1,0.1200,0.1200,0.1200,0.1200,0.1200,0.1200,0.1200,0.1200,0.1200,0.1200,0.1300,0.1300,0.1300,0.1300,56.00,1565.00
KXHIGHLAX-25JUL02-B72.5,1751459580,2025-07-02T12:33:00+00:00,1,,,,,,0.1200,0.1200,0.1200,0.1200,0.1200,0.1300,0.1300,0.1300,0.1300,0.00,1565.00
KXHIGHLAX-25JUL02-B72.5,1751459640,2025-07-02T12:34:00+00:00,1,,,,,,0.1200,0.1200,0.1200,0.1200,0.1200,0.1300,0.1300,0.1300,0.1300,0.00,1565.00
KXHIGHLAX-25JUL02-B72.5,1751459700,2025-07-02T12:35:00+00:00,1,,,,,,0.1200,0.1200,0.1200,0.1200,0.1200,0.1300,0.1300,0.1300,0.1300,0.00,1565.00
KXHIGHLAX-25JUL02-B72.5,1751459760,2025-07-02T12:36:00+00:00,1,,,,,,0.1200,0.1200,0.1200,0.1200,0.1200,0.1300,0.1300,0.1300,0.1300,0.00,1565.00
KXHIGHLAX-25JUL02-B72.5,1751459820,2025-07-02T12:37:00+00:00,1,,,,,,0.1200,0.1200,0.1200,0.1200,0.1200,0.1300,0.1300,0.1300,0.1300,0.00,1565.00
KXHIGHLAX-25JUL02-B72.5,1751459880,2025-07-02T12:38:00+00:00,1,,,,,,0.1200,0.1200,0.1200,0.1200,0.1200,0.1300,0.1300,0.1300,0.1300,0.00,1565.00
KXHIGHLAX-25JUL02-B72.5,1751459940,2025-07-02T12:39:00+00:00,1,,,,,,0.1200,0.1200,0.1200,0.1200,0.1200,0.1300,0.1300,0.1300,0.1300,0.00,1565.00
KXHIGHLAX-25JUL02-B72.5,1751460000,2025-07-02T12:40:00+00:00,1,,,,,,0.1200,0.1200,0.1200,0.1200,0.1200,0.1300,0.1300,0.1300,0.1300,0.00,1565.00
KXHIGHLAX-25JUL02-B72.5,1751460060,2025-07-02T12:41:00+00:00,1,,,,,,0.1200,0.1200,0.1200,0.1200,0.1200,0.1300,0.1300,0.1300,0.1300,0.00,1565.00
KXHIGHLAX-25JUL02-B72.5,1751460120,2025-07-02T12:42:00+00:00,1,,,,,,0.1200,0.1200,0.1200,0.1200,0.1200,0.1300,0.1300,0.1300,0.1300,0.00,1565.00
KXHIGHLAX-25JUL02-B72.5,1751460180,2025-07-02T12:43:00+00:00,1,,,,,,0.1200,0.1200,0.1200,0.1200,0.1200,0.1300,0.1300,0.1300,0.1300,0.00,1565.00
KXHIGHLAX-25JUL02-B72.5,1751460240,2025-07-02T12:44:00+00:00,1,,,,,,0.1200,0.1200,0.1200,0.1200,0.1200,0.1300,0.1300,0.1300,0.1300,0.00,1565.00
KXHIGHLAX-25JUL02-B72.5,1751460300,2025-07-02T12:45:00+00:00,1,,,,,,0.1200,0.1200,0.1200,0.1200,0.1200,0.1300,0.1300,0.1300,0.1300,0.00,1565.00
KXHIGHLAX-25JUL02-B72.5,1751460360,2025-07-02T12:46:00+00:00,1,,,,,,0.1200,0.1200,0.1200,0.1200,0.1200,0.1300,0.1300,0.1300,0.1300,0.00,1565.00
KXHIGHLAX-25JUL02-B72.5,1751460420,2025-07-02T12:47:00+00:00,1,,,,,,0.1200,0.1200,0.1200,0.1200,0.1200,0.1300,0.1300,0.1300,0.1300,0.00,1565.00
KXHIGHLAX-25JUL02-B72.5,1751460480,2025-07-02T12:48:00+00:00,1,,,,,,0.1200,0.1200,0.1200,0.1200,0.1200,0.1300,0.1300,0.1300,0.1300,0.00,1565.00
KXHIGHLAX-25JUL02-B72.5,1751460540,2025-07-02T12:49:00+00:00,1,0.1200,0.1200,0.1100,0.1100,0.1141,0.1200,0.1200,0.1200,0.1100,0.1100,0.1300,0.1300,0.1200,0.1200,111.00,1676.00
KXHIGHLAX-25JUL02-B72.5,1751460600,2025-07-02T12:50:00+00:00,1,,,,,,0.1100,0.1100,0.1100,0.1100,0.1100,0.1200,0.1200,0.1200,0.1200,0.00,1676.00
KXHIGHLAX-25JUL02-B72.5,1751460660,2025-07-02T12:51:00+00:00,1,,,,,,0.1100,0.1100,0.1100,0.1100,0.1100,0.1200,0.1200,0.1200,0.1200,0.00,1676.00
KXHIGHLAX-25JUL02-B72.5,1751460720,2025-07-02T12:52:00+00:00,1,,,,,,0.1100,0.1100,0.1100,0.1100,0.1100,0.1200,0.1200,0.1200,0.1200,0.00,1676.00
KXHIGHLAX-25JUL02-B72.5,1751460780,2025-07-02T12:53:00+00:00,1,,,,,,0.1100,0.1100,0.1100,0.1100,0.1100,0.1200,0.1300,0.1200,0.1200,0.00,1676.00
KXHIGHLAX-25JUL02-B72.5,1751460840,2025-07-02T12:54:00+00:00,1,0.1100,0.1100,0.1000,0.1000,0.1061,0.1100,0.1100,0.1100,0.1000,0.1000,0.1200,0.1200,0.1100,0.1100,99.00,1736.00
KXHIGHLAX-25JUL02-B72.5,1751460900,2025-07-02T12:55:00+00:00,1,,,,,,0.1000,0.1000,0.1000,0.0800,0.1000,0.1100,0.1300,0.1100,0.1200,0.00,1736.00
KXHIGHLAX-25JUL02-B72.5,1751460960,2025-07-02T12:56:00+00:00,1,,,,,,0.1000,0.1000,0.1000,0.1000,0.1000,0.1200,0.1200,0.1100,0.1100,0.00,1736.00
KXHIGHLAX-25JUL02-B72.5,1751461020,2025-07-02T12:57:00+00:00,1,,,,,,0.1000,0.1000,0.1000,0.1000,0.1000,0.1100,0.1300,0.1100,0.1100,0.00,1736.00
KXHIGHLAX-25JUL02-B72.5,1751461080,2025-07-02T12:58:00+00:00,1,,,,,,0.1000,0.1000,0.1000,0.1000,0.1000,0.1100,0.1300,0.1100,0.1200,0.00,1736.00
KXHIGHLAX-25JUL02-B72.5,1751461140,2025-07-02T12:59:00+00:00,1,,,,,,0.1000,0.1000,0.1000,0.1000,0.1000,0.1200,0.1200,0.1200,0.1200,0.00,1736.00
KXHIGHLAX-25JUL02-B72.5,1751461200,2025-07-02T13:00:00+00:00,1,,,,,,0.1000,0.1000,0.1000,0.1000,0.1000,0.1200,0.1200,0.1100,0.1100,0.00,1736.00
KXHIGHLAX-25JUL02-B72.5,1751461260,2025-07-02T13:01:00+00:00,1,,,,,,0.1000,0.1000,0.1000,0.1000,0.1000,0.1100,0.1100,0.1100,0.1100,0.00,1736.00
KXHIGHLAX-25JUL02-B72.5,1751461320,2025-07-02T13:02:00+00:00,1,,,,,,0.1000,0.1000,0.1000,0.1000,0.1000,0.1100,0.1300,0.1100,0.1200,0.00,1736.00
KXHIGHLAX-25JUL02-B72.5,1751461380,2025-07-02T13:03:00+00:00,1,,,,,,0.1000,0.1000,0.1000,0.0900,0.1000,0.1200,0.1400,0.1200,0.1200,0.00,1736.00
KXHIGHLAX-25JUL02-B72.5,1751461440,2025-07-02T13:04:00+00:00,1,,,,,,0.1000,0.1000,0.1000,0.0900,0.1000,0.1200,0.1200,0.1100,0.1100,0.00,1736.00
KXHIGHLAX-25JUL02-B72.5,1751461500,2025-07-02T13:05:00+00:00,1,,,,,,0.1000,0.1000,0.1000,0.0900,0.1000,0.1100,0.1300,0.1100,0.1200,0.00,1736.00
KXHIGHLAX-25JUL02-B72.5,1751461560,2025-07-02T13:06:00+00:00,1,,,,,,0.1000,0.1000,0.1000,0.0900,0.1000,0.1200,0.1200,0.1100,0.1100,0.00,1736.00
KXHIGHLAX-25JUL02-B72.5,1751461620,2025-07-02T13:07:00+00:00,1,,,,,,0.1000,0.1000,0.1000,0.0900,0.0900,0.1100,0.1300,0.1100,0.1100,0.00,1736.00
KXHIGHLAX-25JUL02-B72.5,1751461680,2025-07-02T13:08:00+00:00,1,,,,,,0.1000,0.0900,0.0900,0.0900,0.0900,0.1100,0.1100,0.1000,0.1000,0.00,1736.00
KXHIGHLAX-25JUL02-B72.5,1751461740,2025-07-02T13:09:00+00:00,1,,,,,,0.1000,0.0900,0.0900,0.0900,0.0900,0.1000,0.1000,0.1000,0.1000,0.00,1736.00
KXHIGHLAX-25JUL02-B72.5,1751461800,2025-07-02T13:10:00+00:00,1,0.1000,0.1000,0.1000,0.1000,0.1000,0.1000,0.0900,0.0900,0.0900,0.0900,0.1000,0.1000,0.1000,0.1000,28.00,1736.00
KXHIGHLAX-25JUL02-B72.5,1751461860,2025-07-02T13:11:00+00:00,1,,,,,,0.1000,0.0900,0.0900,0.0900,0.0900,0.1000,0.1000,0.1000,0.1000,0.00,1736.00
KXHIGHLAX-25JUL02-B72.5,1751461920,2025-07-02T13:12:00+00:00,1,,,,,,0.1000,0.0900,0.0900,0.0900,0.0900,0.1000,0.1000,0.1000,0.1000,0.00,1736.00
KXHIGHLAX-25JUL02-B72.5,1751461980,2025-07-02T13:13:00+00:00,1,,,,,,0.1000,0.0900,0.0900,0.0900,0.0900,0.1000,0.1000,0.1000,0.1000,0.00,1736.00
KXHIGHLAX-25JUL02-B72.5,1751462040,2025-07-02T13:14:00+00:00,1,,,,,,0.1000,0.0900,0.0900,0.0900,0.0900,0.1000,0.1000,0.1000,0.1000,0.00,1736.00
KXHIGHLAX-25JUL02-B72.5,1751462100,2025-07-02T13:15:00+00:00,1,,,,,,0.1000,0.0900,0.0900,0.0900,0.0900,0.1000,0.1000,0.1000,0.1000,0.00,1736.00
KXHIGHLAX-25JUL02-B72.5,1751462160,2025-07-02T13:16:00+00:00,1,,,,,,0.1000,0.0900,0.0900,0.0900,0.0900,0.1000,0.1000,0.1000,0.1000,0.00,1736.00
KXHIGHLAX-25JUL02-B72.5,1751462220,2025-07-02T13:17:00+00:00,1,,,,,,0.1000,0.0900,0.0900,0.0900,0.0900,0.1000,0.1000,0.1000,0.1000,0.00,1736.00
KXHIGHLAX-25JUL02-B72.5,1751462280,2025-07-02T13:18:00+00:00,1,,,,,,0.1000,0.0900,0.0900,0.0900,0.0900,0.1000,0.1000,0.1000,0.1000,0.00,1736.00
KXHIGHLAX-25JUL02-B72.5,1751462340,2025-07-02T13:19:00+00:00,1,,,,,,0.1000,0.0900,0.0900,0.0800,0.0800,0.1000,0.1000,0.1000,0.1000,0.00,1736.00
KXHIGHLAX-25JUL02-B72.5,1751462400,2025-07-02T13:20:00+00:00,1,,,,,,0.1000,0.0800,0.0800,0.0700,0.0800,0.1000,0.1000,0.0900,0.0900,0.00,1736.00
KXHIGHLAX-25JUL02-B72.5,1751462460,2025-07-02T13:21:00+00:00,1,,,,,,0.1000,0.0800,0.0800,0.0800,0.0800,0.0900,0.0900,0.0900,0.0900,0.00,1736.00
KXHIGHLAX-25JUL02-B72.5,1751462520,2025-07-02T13:22:00+00:00,1,,,,,,0.1000,0.0800,0.0800,0.0800,0.0800,0.0900,0.0900,0.0900,0.0900,0.00,1736.00
KXHIGHLAX-25JUL02-B72.5,1751462580,2025-07-02T13:23:00+00:00,1,,,,,,0.1000,0.0800,0.0800,0.0700,0.0700,0.0900,0.1200,0.0900,0.1200,0.00,1736.00
KXHIGHLAX-25JUL02-B72.5,1751462640,2025-07-02T13:24:00+00:00,1,,,,,,0.1000,0.0700,0.0800,0.0700,0.0800,0.1200,0.1300,0.1200,0.1200,0.00,1736.00
KXHIGHLAX-25JUL02-B72.5,1751462700,2025-07-02T13:25:00+00:00,1,,,,,,0.1000,0.0800,0.0800,0.0800,0.0800,0.1200,0.1200,0.1000,0.1000,0.00,1736.00
KXHIGHLAX-25JUL02-B72.5,1751462760,2025-07-02T13:26:00+00:00,1,,,,,,0.1000,0.0800,0.0800,0.0700,0.0800,0.1000,0.1000,0.0900,0.0900,0.00,1736.00
KXHIGHLAX-25JUL02-B72.5,1751462820,2025-07-02T13:27:00+00:00,1,,,,,,0.1000,0.0800,0.0800,0.0700,0.0700,0.0900,0.1200,0.0900,0.1200,0.00,1736.00
KXHIGHLAX-25JUL02-B72.5,1751462880,2025-07-02T13:28:00+00:00,1,,,,,,0.1000,0.0700,0.0800,0.0700,0.0800,0.1200,0.1300,0.1200,0.1200,0.00,1736.00
KXHIGHLAX-25JUL02-B72.5,1751462940,2025-07-02T13:29:00+00:00,1,,,,,,0.1000,0.0800,0.0800,0.0800,0.0800,0.1200,0.1200,0.1000,0.1000,0.00,1736.00
KXHIGHLAX-25JUL02-B72.5,1751463000,2025-07-02T13:30:00+00:00,1,,,,,,0.1000,0.0800,0.0800,0.0700,0.0800,0.1000,0.1000,0.0900,0.0900,0.00,1736.00
KXHIGHLAX-25JUL02-B72.5,1751463060,2025-07-02T13:31:00+00:00,1,,,,,,0.1000,0.0800,0.0800,0.0800,0.0800,0.0900,0.0900,0.0900,0.0900,0.00,1736.00
KXHIGHLAX-25JUL02-B72.5,1751463120,2025-07-02T13:32:00+00:00,1,,,,,,0.1000,0.0800,0.0800,0.0700,0.0800,0.0900,0.1200,0.0900,0.1200,0.00,1736.00
KXHIGHLAX-25JUL02-B72.5,1751463180,2025-07-02T13:33:00+00:00,1,,,,,,0.1000,0.0800,0.0800,0.0800,0.0800,0.1200,0.1200,0.1000,0.1000,0.00,1736.00
KXHIGHLAX-25JUL02-B72.5,1751463240,2025-07-02T13:34:00+00:00,1,,,,,,0.1000,0.0800,0.0800,0.0700,0.0800,0.1000,0.1000,0.0900,0.0900,0.00,1736.00
KXHIGHLAX-25JUL02-B72.5,1751463300,2025-07-02T13:35:00+00:00,1,,,,,,0.1000,0.0800,0.0800,0.0700,0.0800,0.0900,0.1200,0.0900,0.1200,0.00,1736.00
KXHIGHLAX-25JUL02-B72.5,1751463360,2025-07-02T13:36:00+00:00,1,,,,,,0.1000,0.0800,0.0800,0.0800,0.0800,0.1200,0.1200,0.1000,0.1000,0.00,1736.00
KXHIGHLAX-25JUL02-B72.5,1751463420,2025-07-02T13:37:00+00:00,1,,,,,,0.1000,0.0800,0.0800,0.0700,0.0800,0.1000,0.1000,0.0900,0.0900,0.00,1736.00
KXHIGHLAX-25JUL02-B72.5,1751463480,2025-07-02T13:38:00+00:00,1,,,,,,0.1000,0.0800,0.0800,0.0700,0.0800,0.0900,0.1200,0.0900,0.1200,0.00,1736.00
KXHIGHLAX-25JUL02-B72.5,1751463540,2025-07-02T13:39:00+00:00,1,,,,,,0.1000,0.0800,0.0800,0.0800,0.0800,0.1200,0.1200,0.1000,0.1000,0.00,1736.00
KXHIGHLAX-25JUL02-B72.5,1751463600,2025-07-02T13:40:00+00:00,1,,,,,,0.1000,0.0800,0.0800,0.0700,0.0800,0.1000,0.1100,0.0900,0.0900,0.00,1736.00
KXHIGHLAX-25JUL02-B72.5,1751463660,2025-07-02T13:41:00+00:00,1,,,,,,0.1000,0.0800,0.0800,0.0700,0.0800,0.0900,0.1200,0.0900,0.1200,0.00,1736.00
KXHIGHLAX-25JUL02-B72.5,1751463720,2025-07-02T13:42:00+00:00,1,,,,,,0.1000,0.0800,0.0800,0.0800,0.0800,0.1200,0.1200,0.1000,0.1000,0.00,1736.00
KXHIGHLAX-25JUL02-B72.5,1751463780,2025-07-02T13:43:00+00:00,1,,,,,,0.1000,0.0800,0.0800,0.0700,0.0800,0.1000,0.1000,0.0900,0.0900,0.00,1736.00
KXHIGHLAX-25JUL02-B72.5,1751463840,2025-07-02T13:44:00+00:00,1,,,,,,0.1000,0.0800,0.0800,0.0700,0.0700,0.0900,0.1200,0.0900,0.1200,0.00,1736.00
KXHIGHLAX-25JUL02-B72.5,1751463900,2025-07-02T13:45:00+00:00,1,,,,,,0.1000,0.0700,0.0800,0.0700,0.0800,0.1200,0.1200,0.1000,0.1000,0.00,1736.00
KXHIGHLAX-25JUL02-B72.5,1751463960,2025-07-02T13:46:00+00:00,1,,,,,,0.1000,0.0800,0.0800,0.0700,0.0800,0.1000,0.1000,0.0900,0.0900,0.00,1736.00
KXHIGHLAX-25JUL02-B72.5,1751464020,2025-07-02T13:47:00+00:00,1,,,,,,0.1000,0.0800,0.0800,0.0700,0.0700,0.0900,0.1200,0.0900,0.1200,0.00,1736.00
KXHIGHLAX-25JUL02-B72.5,1751464080,2025-07-02T13:48:00+00:00,1,,,,,,0.1000,0.0700,0.0800,0.0700,0.0800,0.1200,0.1200,0.1000,0.1000,0.00,1736.00
KXHIGHLAX-25JUL02-B72.5,1751464140,2025-07-02T13:49:00+00:00,1,,,,,,0.1000,0.0800,0.0800,0.0700,0.0800,0.1000,0.1000,0.0900,0.0900,0.00,1736.00
KXHIGHLAX-25JUL02-B72.5,1751464200,2025-07-02T13:50:00+00:00,1,,,,,,0.1000,0.0800,0.0800,0.0700,0.0700,0.0900,0.1200,0.0900,0.1200,0.00,1736.00
KXHIGHLAX-25JUL02-B72.5,1751464260,2025-07-02T13:51:00+00:00,1,,,,,,0.1000,0.0700,0.0800,0.0700,0.0800,0.1200,0.1200,0.1000,0.1000,0.00,1736.00
KXHIGHLAX-25JUL02-B72.5,1751464320,2025-07-02T13:52:00+00:00,1,,,,,,0.1000,0.0800,0.0800,0.0700,0.0800,0.1000,0.1000,0.0900,0.0900,0.00,1736.00
KXHIGHLAX-25JUL02-B72.5,1751464380,2025-07-02T13:53:00+00:00,1,,,,,,0.1000,0.0800,0.0800,0.0700,0.0700,0.0900,0.1200,0.0900,0.1200,0.00,1736.00
KXHIGHLAX-25JUL02-B72.5,1751464440,2025-07-02T13:54:00+00:00,1,,,,,,0.1000,0.0700,0.0800,0.0700,0.0800,0.1200,0.1200,0.1100,0.1100,0.00,1736.00
KXHIGHLAX-25JUL02-B72.5,1751464500,2025-07-02T13:55:00+00:00,1,,,,,,0.1000,0.0800,0.0800,0.0800,0.0800,0.1100,0.1100,0.1000,0.1000,0.00,1736.00
KXHIGHLAX-25JUL02-B72.5,1751464560,2025-07-02T13:56:00+00:00,1,,,,,,0.1000,0.0800,0.0800,0.0800,0.0800,0.1000,0.1000,0.1000,0.1000,0.00,1736.00
KXHIGHLAX-25JUL02-B72.5,1751464620,2025-07-02T13:57:00+00:00,1,,,,,,0.1000,0.0800,0.0800,0.0700,0.0700,0.1000,0.1000,0.0900,0.0900,0.00,1736.00
KXHIGHLAX-25JUL02-B72.5,1751464680,2025-07-02T13:58:00+00:00,1,,,,,,0.1000,0.0700,0.0700,0.0500,0.0700,0.0900,0.0900,0.0800,0.0800,0.00,1736.00
KXHIGHLAX-25JUL02-B72.5,1751464740,2025-07-02T13:59:00+00:00,1,,,,,,0.1000,0.0700,0.0800,0.0700,0.0800,0.0800,0.1000,0.0800,0.0900,0.00,1736.00
KXHIGHLAX-25JUL02-B72.5,1751464800,2025-07-02T14:00:00+00:00,1,,,,,,0.1000,0.0800,0.0800,0.0700,0.0800,0.0900,0.0900,0.0900,0.0900,0.00,1736.00
KXHIGHLAX-25JUL02-B72.5,1751464860,2025-07-02T14:01:00+00:00,1,,,,,,0.1000,0.0800,0.0800,0.0600,0.0700,0.0900,0.1100,0.0900,0.0900,0.00,1736.00
KXHIGHLAX-25JUL02-B72.5,1751464920,2025-07-02T14:02:00+00:00,1,,,,,,0.1000,0.0700,0.0700,0.0500,0.0500,0.0900,0.1400,0.0900,0.1400,0.00,1736.00
KXHIGHLAX-25JUL02-B72.5,1751464980,2025-07-02T14:03:00+00:00,1,,,,,,0.1000,0.0500,0.0800,0.0500,0.0800,0.1400,0.1400,0.1300,0.1300,0.00,1736.00
KXHIGHLAX-25JUL02-B72.5,1751465040,2025-07-02T14:04:00+00:00,1,,,,,,0.1000,0.0800,0.0800,0.0800,0.0800,0.1300,0.1300,0.1100,0.1100,0.00,1736.00
KXHIGHLAX-25JUL02-B72.5,1751465100,2025-07-02T14:05:00+00:00,1,,,,,,0.1000,0.0800,0.0800,0.0700,0.0800,0.1100,0.1100,0.0900,0.0900,0.00,1736.00
KXHIGHLAX-25JUL02-B72.5,1751465160,2025-07-02T14:06:00+00:00,1,,,,,,0.1000,0.0800,0.0800,0.0700,0.0700,0.0900,0.1400,0.0900,0.1400,0.00,1736.00
KXHIGHLAX-25JUL02-B72.5,1751465220,2025-07-02T14:07:00+00:00,1,,,,,,0.1000,0.0700,0.0800,0.0700,0.0800,0.1400,0.1400,0.1300,0.1300,0.00,1736.00
KXHIGHLAX-25JUL02-B72.5,1751465280,2025-07-02T14:08:00+00:00,1,,,,,,0.1000,0.0800,0.0900,0.0800,0.0900,0.1300,0.1300,0.1300,0.1300,0.00,1736.00
KXHIGHLAX-25JUL02-B72.5,1751465400,2025-07-02T14:10:00+00:00,1,,,,,,0.1000,0.0900,0.0900,0.0900,0.0900,0.1300,0.1300,0.1300,0.1300,0.00,1736.00
KXHIGHLAX-25JUL02-B72.5,1751465460,2025-07-02T14:11:00+00:00,1,0.0900,0.0900,0.0900,0.0900,0.0900,0.1000,0.0900,0.0900,0.0800,0.0800,0.1300,0.1300,0.1300,0.1300,4.00,1740.00
KXHIGHLAX-25JUL02-B72.5,1751465520,2025-07-02T14:12:00+00:00,1,,,,,,0.0900,0.0800,0.0800,0.0700,0.0700,0.1300,0.1300,0.1300,0.1300,0.00,1740.00
KXHIGHLAX-25JUL02-B72.5,1751465580,2025-07-02T14:13:00+00:00,1,,,,,,0.0900,0.0700,0.0700,0.0700,0.0700,0.1300,0.1300,0.1200,0.1200,0.00,1740.00
KXHIGHLAX-25JUL02-B72.5,1751465640,2025-07-02T14:14:00+00:00,1,,,,,,0.0900,0.0700,0.0700,0.0700,0.0700,0.1200,0.1300,0.1100,0.1300,0.00,1740.00
KXHIGHLAX-25JUL02-B72.5,1751465760,2025-07-02T14:16:00+00:00,1,0.1300,0.1300,0.1300,0.1300,0.1300,0.0900,0.0700,0.0800,0.0600,0.0700,0.1300,0.1300,0.1200,0.1200,21.00,1754.00
KXHIGHLAX-25JUL02-B72.5,1751465820,2025-07-02T14:17:00+00:00,1,,,,,,0.1300,0.0700,0.1000,0.0700,0.1000,0.1200,0.1400,0.1200,0.1300,0.00,1754.00
KXHIGHLAX-25JUL02-B72.5,1751465880,2025-07-02T14:18:00+00:00,1,,,,,,0.1300,0.1000,0.1000,0.0800,0.0900,0.1300,0.1300,0.1300,0.1300,0.00,1754.00
KXHIGHLAX-25JUL02-B72.5,1751465940,2025-07-02T14:19:00+00:00,1,,,,,,0.1300,0.0900,0.1000,0.0900,0.1000,0.1300,0.1300,0.1200,0.1200,0.00,1754.00
KXHIGHLAX-25JUL02-B72.5,1751466000,2025-07-02T14:20:00+00:00,1,,,,,,0.1300,0.1000,0.1000,0.0900,0.0900,0.1200,0.1200,0.1200,0.1200,0.00,1754.00
KXHIGHLAX-25JUL02-B72.5,1751466060,2025-07-02T14:21:00+00:00,1,,,,,,0.1300,0.0900,0.0900,0.0900,0.0900,0.1200,0.1200,0.1200,0.1200,0.00,1754.00
KXHIGHLAX-25JUL02-B72.5,1751466120,2025-07-02T14:22:00+00:00,1,,,,,,0.1300,0.0900,0.1000,0.0900,0.1000,0.1200,0.1300,0.1200,0.1200,0.00,1754.00
KXHIGHLAX-25JUL02-B72.5,1751466180,2025-07-02T14:23:00+00:00,1,,,,,,0.1300,0.1000,0.1000,0.0800,0.0900,0.1200,0.1300,0.1200,0.1300,0.00,1754.00
KXHIGHLAX-25JUL02-B72.5,1751466240,2025-07-02T14:24:00+00:00,1,,,,,,0.1300,0.0900,0.1000,0.0900,0.1000,0.1300,0.1400,0.1300,0.1300,0.00,1754.00
KXHIGHLAX-25JUL02-B72.5,1751466300,2025-07-02T14:25:00+00:00,1,,,,,,0.1300,0.1000,0.1000,0.0800,0.0900,0.1300,0.1300,0.1300,0.1300,0.00,1754.00
KXHIGHLAX-25JUL02-B72.5,1751466360,2025-07-02T14:26:00+00:00,1,,,,,,0.1300,0.0900,0.0900,0.0900,0.0900,0.1300,0.1400,0.1300,0.1300,0.00,1754.00
KXHIGHLAX-25JUL02-B72.5,1751466420,2025-07-02T14:27:00+00:00,1,,,,,,0.1300,0.0900,0.1000,0.0900,0.0900,0.1300,0.1300,0.1300,0.1300,0.00,1754.00
KXHIGHLAX-25JUL02-B72.5,1751466480,2025-07-02T14:28:00+00:00,1,,,,,,0.1300,0.0900,0.1000,0.0900,0.1000,0.1300,0.1300,0.1300,0.1300,0.00,1754.00
KXHIGHLAX-25JUL02-B72.5,1751466540,2025-07-02T14:29:00+00:00,1,,,,,,0.1300,0.1000,0.1000,0.0900,0.0900,0.1300,0.1400,0.1300,0.1400,0.00,1754.00
KXHIGHLAX-25JUL02-B72.5,1751466600,2025-07-02T14:30:00+00:00,1,,,,,,0.1300,0.0900,0.0900,0.0900,0.0900,0.1400,0.1400,0.1300,0.1300,0.00,1754.00
KXHIGHLAX-25JUL02-B72.5,1751466660,2025-07-02T14:31:00+00:00,1,,,,,,0.1300,0.0900,0.1000,0.0900,0.0900,0.1300,0.1300,0.1000,0.1000,0.00,1754.00
KXHIGHLAX-25JUL02-B72.5,1751466720,2025-07-02T14:32:00+00:00,1,,,,,,0.1300,0.0900,0.0900,0.0800,0.0800,0.1000,0.1300,0.0900,0.1200,0.00,1754.00
KXHIGHLAX-25JUL02-B72.5,1751466780,2025-07-02T14:33:00+00:00,1,,,,,,0.1300,0.0800,0.0900,0.0800,0.0900,0.1200,0.1200,0.1000,0.1000,0.00,1754.00
KXHIGHLAX-25JUL02-B72.5,1751466840,2025-07-02T14:34:00+00:00,1,,,,,,0.1300,0.0900,0.0900,0.0900,0.0900,0.1000,0.1000,0.1000,0.1000,0.00,1754.00
KXHIGHLAX-25JUL02-B72.5,1751466900,2025-07-02T14:35:00+00:00,1,,,,,,0.1300,0.0900,0.0900,0.0900,0.0900,0.1000,0.1000,0.1000,0.1000,0.00,1754.00
KXHIGHLAX-25JUL02-B72.5,1751466960,2025-07-02T14:36:00+00:00,1,,,,,,0.1300,0.0900,0.1000,0.0900,0.1000,0.1000,0.1400,0.1000,0.1300,0.00,1754.00
KXHIGHLAX-25JUL02-B72.5,1751467020,2025-07-02T14:37:00+00:00,1,,,,,,0.1300,0.1000,0.1000,0.0800,0.0800,0.1300,0.1300,0.1000,0.1000,0.00,1754.00
KXHIGHLAX-25JUL02-B72.5,1751467080,2025-07-02T14:38:00+00:00,1,0.0900,0.0900,0.0900,0.0900,0.0900,0.1300,0.0800,0.0900,0.0800,0.0800,0.1000,0.1300,0.0900,0.1300,37.00,1754.00
KXHIGHLAX-25JUL02-B72.5,1751467140,2025-07-02T14:39:00+00:00,1,,,,,,0.0900,0.0800,0.0900,0.0800,0.0900,0.1300,0.1300,0.1300,0.1300,0.00,1754.00
KXHIGHLAX-25JUL02-B72.5,1751467200,2025-07-02T14:40:00+00:00,1,,,,,,0.0900,0.0900,0.0900,0.0900,0.0900,0.1300,0.1300,0.1300,0.1300,0.00,1754.00
KXHIGHLAX-25JUL02-B72.5,1751467260,2025-07-02T14:41:00+00:00,1,,,,,,0.0900,0.0900,0.0900,0.0900,0.0900,0.1300,0.1300,0.1300,0.1300,0.00,1754.00
KXHIGHLAX-25JUL02-B72.5,1751467320,2025-07-02T14:42:00+00:00,1,,,,,,0.0900,0.0900,0.0900,0.0900,0.0900,0.1300,0.1300,0.1300,0.1300,0.00,1754.00
KXHIGHLAX-25JUL02-B72.5,1751467380,2025-07-02T14:43:00+00:00,1,,,,,,0.0900,0.0900,0.0900,0.0900,0.0900,0.1300,0.1300,0.1300,0.1300,0.00,1754.00
KXHIGHLAX-25JUL02-B72.5,1751467440,2025-07-02T14:44:00+00:00,1,,,,,,0.0900,0.0900,0.0900,0.0900,0.0900,0.1300,0.1300,0.1300,0.1300,0.00,1754.00
KXHIGHLAX-25JUL02-B72.5,1751467500,2025-07-02T14:45:00+00:00,1,,,,,,0.0900,0.0900,0.0900,0.0900,0.0900,0.1300,0.1300,0.1300,0.1300,0.00,1754.00
KXHIGHLAX-25JUL02-B72.5,1751467560,2025-07-02T14:46:00+00:00,1,,,,,,0.0900,0.0900,0.0900,0.0900,0.0900,0.1300,0.1300,0.1300,0.1300,0.00,1754.00
KXHIGHLAX-25JUL02-B72.5,1751467620,2025-07-02T14:47:00+00:00,1,,,,,,0.0900,0.0900,0.0900,0.0900,0.0900,0.1300,0.1300,0.1300,0.1300,0.00,1754.00
KXHIGHLAX-25JUL02-B72.5,1751467680,2025-07-02T14:48:00+00:00,1,,,,,,0.0900,0.0900,0.0900,0.0900,0.0900,0.1300,0.1300,0.1300,0.1300,0.00,1754.00
KXHIGHLAX-25JUL02-B72.5,1751467740,2025-07-02T14:49:00+00:00,1,0.0900,0.0900,0.0900,0.0900,0.0900,0.0900,0.0900,0.0900,0.0900,0.0900,0.1300,0.1300,0.1300,0.1300,10.00,1754.00
KXHIGHLAX-25JUL02-B72.5,1751467800,2025-07-02T14:50:00+00:00,1,,,,,,0.0900,0.0900,0.0900,0.0800,0.0800,0.1300,0.1300,0.1300,0.1300,0.00,1754.00
KXHIGHLAX-25JUL02-B72.5,1751467860,2025-07-02T14:51:00+00:00,1,,,,,,0.0900,0.0800,0.0800,0.0800,0.0800,0.1300,0.1300,0.1300,0.1300,0.00,1754.00
KXHIGHLAX-25JUL02-B72.5,1751467920,2025-07-02T14:52:00+00:00,1,,,,,,0.0900,0.0800,0.0800,0.0800,0.0800,0.1300,0.1300,0.1300,0.1300,0.00,1754.00
KXHIGHLAX-25JUL02-B72.5,1751467980,2025-07-02T14:53:00+00:00,1,,,,,,0.0900,0.0800,0.0800,0.0800,0.0800,0.1300,0.1300,0.1300,0.1300,0.00,1754.00
KXHIGHLAX-25JUL02-B72.5,1751468100,2025-07-02T14:55:00+00:00,1,,,,,,0.0900,0.0800,0.0800,0.0500,0.0500,0.1300,0.1300,0.1300,0.1300,0.00,1754.00
KXHIGHLAX-25JUL02-B72.5,1751468160,2025-07-02T14:56:00+00:00,1,,,,,,0.0900,0.0500,0.0500,0.0500,0.0500,0.1300,0.1300,0.1300,0.1300,0.00,1754.00
KXHIGHLAX-25JUL02-B72.5,1751468220,2025-07-02T14:57:00+00:00,1,,,,,,0.0900,0.0500,0.0600,0.0500,0.0500,0.1300,0.1300,0.1300,0.1300,0.00,1754.00
KXHIGHLAX-25JUL02-B72.5,1751468280,2025-07-02T14:58:00+00:00,1,,,,,,0.0900,0.0500,0.0600,0.0500,0.0600,0.1300,0.1300,0.1300,0.1300,0.00,1754.00
KXHIGHLAX-25JUL02-B72.5,1751468340,2025-07-02T14:59:00+00:00,1,,,,,,0.0900,0.0600,0.0600,0.0600,0.0600,0.1300,0.1300,0.1300,0.1300,0.00,1754.00
KXHIGHLAX-25JUL02-B72.5,1751468400,2025-07-02T15:00:00+00:00,1,,,,,,0.0900,0.0600,0.0600,0.0600,0.0600,0.1300,0.1300,0.1300,0.1300,0.00,1754.00
KXHIGHLAX-25JUL02-B72.5,1751468520,2025-07-02T15:02:00+00:00,1,,,,,,0.0900,0.0600,0.0600,0.0500,0.0500,0.1300,0.1300,0.1300,0.1300,0.00,1754.00
KXHIGHLAX-25JUL02-B72.5,1751468580,2025-07-02T15:03:00+00:00,1,,,,,,0.0900,0.0500,0.0600,0.0500,0.0600,0.1300,0.1400,0.1300,0.1300,0.00,1754.00
KXHIGHLAX-25JUL02-B72.5,1751468760,2025-07-02T15:06:00+00:00,1,,,,,,0.0900,0.0600,0.0600,0.0400,0.0600,0.1300,0.1300,0.1300,0.1300,0.00,1754.00
KXHIGHLAX-25JUL02-B72.5,1751468820,2025-07-02T15:07:00+00:00,1,,,,,,0.0900,0.0600,0.0600,0.0500,0.0500,0.1300,0.1300,0.1300,0.1300,0.00,1754.00
KXHIGHLAX-25JUL02-B72.5,1751468880,2025-07-02T15:08:00+00:00,1,,,,,,0.0900,0.0500,0.0600,0.0500,0.0600,0.1300,0.1300,0.1300,0.1300,0.00,1754.00
KXHIGHLAX-25JUL02-B72.5,1751468940,2025-07-02T15:09:00+00:00,1,,,,,,0.0900,0.0600,0.0600,0.0600,0.0600,0.1300,0.1400,0.1300,0.1400,0.00,1754.00
KXHIGHLAX-25JUL02-B72.5,1751469000,2025-07-02T15:10:00+00:00,1,,,,,,0.0900,0.0600,0.0600,0.0600,0.0600,0.1400,0.1400,0.1400,0.1400,0.00,1754.00
KXHIGHLAX-25JUL02-B72.5,1751469120,2025-07-02T15:12:00+00:00,1,,,,,,0.0900,0.0600,0.0600,0.0500,0.0500,0.1400,0.1400,0.1400,0.1400,0.00,1754.00
KXHIGHLAX-25JUL02-B72.5,1751469180,2025-07-02T15:13:00+00:00,1,,,,,,0.0900,0.0500,0.0600,0.0500,0.0600,0.1400,0.1400,0.1400,0.1400,0.00,1754.00
KXHIGHLAX-25JUL02-B72.5,1751469300,2025-07-02T15:15:00+00:00,1,,,,,,0.0900,0.0600,0.0600,0.0600,0.0600,0.1400,0.1400,0.1300,0.1400,0.00,1754.00
KXHIGHLAX-25JUL02-B72.5,1751469360,2025-07-02T15:16:00+00:00,1,,,,,,0.0900,0.0600,0.0600,0.0600,0.0600,0.1400,0.1400,0.1400,0.1400,0.00,1754.00
KXHIGHLAX-25JUL02-B72.5,1751469420,2025-07-02T15:17:00+00:00,1,,,,,,0.0900,0.0600,0.0600,0.0500,0.0500,0.1400,0.1400,0.1400,0.1400,0.00,1754.00
KXHIGHLAX-25JUL02-B72.5,1751469480,2025-07-02T15:18:00+00:00,1,,,,,,0.0900,0.0500,0.0600,0.0500,0.0600,0.1400,0.1400,0.1400,0.1400,0.00,1754.00
KXHIGHLAX-25JUL02-B72.5,1751469540,2025-07-02T15:19:00+00:00,1,,,,,,0.0900,0.0600,0.0600,0.0600,0.0600,0.1400,0.1400,0.1300,0.1300,0.00,1754.00
KXHIGHLAX-25JUL02-B72.5,1751469660,2025-07-02T15:21:00+00:00,1,,,,,,0.0900,0.0600,0.0600,0.0600,0.0600,0.1300,0.1300,0.1300,0.1300,0.00,1754.00
KXHIGHLAX-25JUL02-B72.5,1751469720,2025-07-02T15:22:00+00:00,1,,,,,,0.0900,0.0600,0.1000,0.0500,0.0500,0.1300,0.1300,0.1200,0.1200,0.00,1754.00
KXHIGHLAX-25JUL02-B72.5,1751469780,2025-07-02T15:23:00+00:00,1,,,,,,0.0900,0.0500,0.1100,0.0500,0.0800,0.1200,0.1300,0.1100,0.1100,0.00,1754.00
KXHIGHLAX-25JUL02-B72.5,1751469840,2025-07-02T15:24:00+00:00,1,,,,,,0.0900,0.0800,0.1100,0.0500,0.0500,0.1100,0.1400,0.1000,0.1300,0.00,1754.00
KXHIGHLAX-25JUL02-B72.5,1751469900,2025-07-02T15:25:00+00:00,1,,,,,,0.0900,0.0500,0.0500,0.0500,0.0500,0.1300,0.1300,0.1200,0.1200,0.00,1754.00
KXHIGHLAX-25JUL02-B72.5,1751469960,2025-07-02T15:26:00+00:00,1,,,,,,0.0900,0.0500,0.0500,0.0500,0.0500,0.1200,0.1200,0.1200,0.1200,0.00,1754.00
KXHIGHLAX-25JUL02-B72.5,1751470020,2025-07-02T15:27:00+00:00,1,,,,,,0.0900,0.0500,0.0500,0.0500,0.0500,0.1200,0.1200,0.1200,0.1200,0.00,1754.00
KXHIGHLAX-25JUL02-B72.5,1751470080,2025-07-02T15:28:00+00:00,1,,,,,,0.0900,0.0500,0.0500,0.0500,0.0500,0.1200,0.1300,0.1200,0.1300,0.00,1754.00
KXHIGHLAX-25JUL02-B72.5,1751470320,2025-07-02T15:32:00+00:00,1,,,,,,0.0900,0.0500,0.0500,0.0500,0.0500,0.1300,0.1300,0.1300,0.1300,0.00,1754.00
KXHIGHLAX-25JUL02-B72.5,1751470380,2025-07-02T15:33:00+00:00,1,,,,,,0.0900,0.0500,0.0500,0.0500,0.0500,0.1300,0.1300,0.1300,0.1300,0.00,1754.00
KXHIGHLAX-25JUL02-B72.5,1751470560,2025-07-02T15:36:00+00:00,1,,,,,,0.0900,0.0500,0.0500,0.0500,0.0500,0.1300,0.1300,0.1300,0.1300,0.00,1754.00
KXHIGHLAX-25JUL02-B72.5,1751470620,2025-07-02T15:37:00+00:00,1,,,,,,0.0900,0.0500,0.0500,0.0500,0.0500,0.1300,0.1300,0.1300,0.1300,0.00,1754.00
KXHIGHLAX-25JUL02-B72.5,1751470680,2025-07-02T15:38:00+00:00,1,,,,,,0.0900,0.0500,0.0500,0.0500,0.0500,0.1300,0.1300,0.1300,0.1300,0.00,1754.00
KXHIGHLAX-25JUL02-B72.5,1751470740,2025-07-02T15:39:00+00:00,1,,,,,,0.0900,0.0500,0.0500,0.0500,0.0500,0.1300,0.1300,0.1300,0.1300,0.00,1754.00
KXHIGHLAX-25JUL02-B72.5,1751470800,2025-07-02T15:40:00+00:00,1,,,,,,0.0900,0.0500,0.0500,0.0500,0.0500,0.1300,0.1400,0.1300,0.1300,0.00,1754.00
KXHIGHLAX-25JUL02-B72.5,1751470860,2025-07-02T15:41:00+00:00,1,,,,,,0.0900,0.0500,0.0500,0.0500,0.0500,0.1300,0.1300,0.1300,0.1300,0.00,1754.00
KXHIGHLAX-25JUL02-B72.5,1751470920,2025-07-02T15:42:00+00:00,1,,,,,,0.0900,0.0500,0.0500,0.0500,0.0500,0.1300,0.1300,0.1300,0.1300,0.00,1754.00
KXHIGHLAX-25JUL02-B72.5,1751470980,2025-07-02T15:43:00+00:00,1,,,,,,0.0900,0.0500,0.0500,0.0500,0.0500,0.1300,0.1300,0.1300,0.1300,0.00,1754.00
KXHIGHLAX-25JUL02-B72.5,1751471040,2025-07-02T15:44:00+00:00,1,0.1300,0.1300,0.1300,0.1300,0.1300,0.0900,0.0500,0.0500,0.0500,0.0500,0.1300,0.1400,0.1300,0.1300,7.00,1754.00
KXHIGHLAX-25JUL02-B72.5,1751471100,2025-07-02T15:45:00+00:00,1,,,,,,0.1300,0.0500,0.0500,0.0500,0.0500,0.1300,0.1400,0.1300,0.1400,0.00,1754.00
KXHIGHLAX-25JUL02-B72.5,1751471160,2025-07-02T15:46:00+00:00,1,,,,,,0.1300,0.0500,0.0500,0.0500,0.0500,0.1400,0.1400,0.1300,0.1300,0.00,1754.00
KXHIGHLAX-25JUL02-B72.5,1751471220,2025-07-02T15:47:00+00:00,1,,,,,,0.1300,0.0500,0.0500,0.0500,0.0500,0.1300,0.1400,0.1300,0.1300,0.00,1754.00
KXHIGHLAX-25JUL02-B72.5,1751471280,2025-07-02T15:48:00+00:00,1,,,,,,0.1300,0.0500,0.0500,0.0500,0.0500,0.1300,0.1400,0.1300,0.1300,0.00,1754.00
KXHIGHLAX-25JUL02-B72.5,1751471340,2025-07-02T15:49:00+00:00,1,,,,,,0.1300,0.0500,0.0500,0.0500,0.0500,0.1300,0.1400,0.1300,0.1400,0.00,1754.00
KXHIGHLAX-25JUL02-B72.5,1751471400,2025-07-02T15:50:00+00:00,1,,,,,,0.1300,0.0500,0.0500,0.0500,0.0500,0.1400,0.1400,0.1300,0.1300,0.00,1754.00
KXHIGHLAX-25JUL02-B72.5,1751471700,2025-07-02T15:55:00+00:00,1,0.1300,0.1500,0.1300,0.1500,0.1381,0.1300,0.0500,0.0500,0.0500,0.0500,0.1300,0.1500,0.1300,0.1500,47.00,1778.00
KXHIGHLAX-25JUL02-B72.5,1751471760,2025-07-02T15:56:00+00:00,1,0.0500,0.0500,0.0500,0.0500,0.0500,0.1500,0.0500,0.0500,0.0300,0.0300,0.1500,0.1500,0.1400,0.1400,28.00,1806.00
KXHIGHLAX-25JUL02-B72.5,1751471820,2025-07-02T15:57:00+00:00,1,,,,,,0.0500,0.0300,0.0300,0.0300,0.0300,0.1400,0.1400,0.1400,0.1400,0.00,1806.00
KXHIGHLAX-25JUL02-B72.5,1751471880,2025-07-02T15:58:00+00:00,1,,,,,,0.0500,0.0300,0.0300,0.0300,0.0300,0.1400,0.1400,0.1400,0.1400,0.00,1806.00
KXHIGHLAX-25JUL02-B72.5,1751472060,2025-07-02T16:01:00+00:00,1,,,,,,0.0500,0.0300,0.0300,0.0300,0.0300,0.1400,0.1400,0.1400,0.1400,0.00,1806.00
KXHIGHLAX-25JUL02-B72.5,1751472180,2025-07-02T16:03:00+00:00,1,,,,,,0.0500,0.0300,0.0300,0.0300,0.0300,0.1400,0.1500,0.1400,0.1500,0.00,1806.00
KXHIGHLAX-25JUL02-B72.5,1751472240,2025-07-02T16:04:00+00:00,1,,,,,,0.0500,0.0300,0.0300,0.0300,0.0300,0.1500,0.1500,0.1500,0.1500,0.00,1806.00
KXHIGHLAX-25JUL02-B72.5,1751472360,2025-07-02T16:06:00+00:00,1,,,,,,0.0500,0.0300,0.0300,0.0100,0.0100,0.1500,0.1500,0.0700,0.0700,0.00,1806.00
KXHIGHLAX-25JUL02-B72.5,1751472420,2025-07-02T16:07:00+00:00,1,,,,,,0.0500,0.0100,0.0100,0.0100,0.0100,0.0700,0.0800,0.0700,0.0700,0.00,1806.00
KXHIGHLAX-25JUL02-B72.5,1751472480,2025-07-02T16:08:00+00:00,1,,,,,,0.0500,0.0100,0.0100,0.0100,0.0100,0.0700,0.0700,0.0700,0.0700,0.00,1806.00
KXHIGHLAX-25JUL02-B72.5,1751472540,2025-07-02T16:09:00+00:00,1,,,,,,0.0500,0.0100,0.0100,0.0100,0.0100,0.0700,0.0700,0.0700,0.0700,0.00,1806.00
KXHIGHLAX-25JUL02-B72.5,1751472600,2025-07-02T16:10:00+00:00,1,0.0700,0.0700,0.0700,0.0700,0.0700,0.0500,0.0100,0.0100,0.0100,0.0100,0.0700,0.0800,0.0600,0.0800,4.00,1802.00
KXHIGHLAX-25JUL02-B72.5,1751472660,2025-07-02T16:11:00+00:00,1,,,,,,0.0700,0.0100,0.0300,0.0100,0.0300,0.0800,0.0800,0.0700,0.0700,0.00,1802.00
KXHIGHLAX-25JUL02-B72.5,1751472720,2025-07-02T16:12:00+00:00,1,,,,,,0.0700,0.0300,0.0300,0.0300,0.0300,0.0700,0.0700,0.0600,0.0700,0.00,1802.00
KXHIGHLAX-25JUL02-B72.5,1751472840,2025-07-02T16:14:00+00:00,1,,,,,,0.0700,0.0300,0.0300,0.0300,0.0300,0.0700,0.0700,0.0700,0.0700,0.00,1802.00
KXHIGHLAX-25JUL02-B72.5,1751472960,2025-07-02T16:16:00+00:00,1,,,,,,0.0700,0.0300,0.0300,0.0300,0.0300,0.0700,0.0800,0.0600,0.0700,0.00,1802.00
KXHIGHLAX-25JUL02-B72.5,1751473020,2025-07-02T16:17:00+00:00,1,,,,,,0.0700,0.0300,0.0300,0.0300,0.0300,0.0700,0.0700,0.0700,0.0700,0.00,1802.00
KXHIGHLAX-25JUL02-B72.5,1751473080,2025-07-02T16:18:00+00:00,1,,,,,,0.0700,0.0300,0.0300,0.0300,0.0300,0.0700,0.0800,0.0700,0.0700,0.00,1802.00
KXHIGHLAX-25JUL02-B72.5,1751473320,2025-07-02T16:22:00+00:00,1,,,,,,0.0700,0.0300,0.0300,0.0300,0.0300,0.0700,0.0800,0.0700,0.0700,0.00,1802.00
KXHIGHLAX-25JUL02-B72.5,1751473380,2025-07-02T16:23:00+00:00,1,,,,,,0.0700,0.0300,0.0300,0.0300,0.0300,0.0700,0.0700,0.0700,0.0700,0.00,1802.00
KXHIGHLAX-25JUL02-B72.5,1751473560,2025-07-02T16:26:00+00:00,1,,,,,,0.0700,0.0300,0.0300,0.0300,0.0300,0.0700,0.0700,0.0700,0.0700,0.00,1802.00
KXHIGHLAX-25JUL02-B72.5,1751473620,2025-07-02T16:27:00+00:00,1,,,,,,0.0700,0.0300,0.0300,0.0300,0.0300,0.0700,0.0800,0.0700,0.0700,0.00,1802.00
KXHIGHLAX-25JUL02-B72.5,1751473740,2025-07-02T16:29:00+00:00,1,0.0700,0.0800,0.0700,0.0800,0.0789,0.0700,0.0300,0.0300,0.0300,0.0300,0.0700,0.0800,0.0700,0.0700,100.00,1891.00
KXHIGHLAX-25JUL02-B72.5,1751473800,2025-07-02T16:30:00+00:00,1,,,,,,0.0800,0.0300,0.0300,0.0300,0.0300,0.0700,0.0700,0.0700,0.0700,0.00,1891.00
KXHIGHLAX-25JUL02-B72.5,1751473860,2025-07-02T16:31:00+00:00,1,,,,,,0.0800,0.0300,0.0300,0.0300,0.0300,0.0700,0.0700,0.0700,0.0700,0.00,1891.00
KXHIGHLAX-25JUL02-B72.5,1751474220,2025-07-02T16:37:00+00:00,1,,,,,,0.0800,0.0300,0.0400,0.0300,0.0400,0.0700,0.0700,0.0700,0.0700,0.00,1891.00
KXHIGHLAX-25JUL02-B72.5,1751474340,2025-07-02T16:39:00+00:00,1,,,,,,0.0800,0.0400,0.0400,0.0400,0.0400,0.0700,0.0700,0.0700,0.0700,0.00,1891.00
KXHIGHLAX-25JUL02-B72.5,1751474400,2025-07-02T16:40:00+00:00,1,,,,,,0.0800,0.0400,0.0400,0.0400,0.0400,0.0700,0.0700,0.0700,0.0700,0.00,1891.00
KXHIGHLAX-25JUL02-B72.5,1751474640,2025-07-02T16:44:00+00:00,1,,,,,,0.0800,0.0400,0.0500,0.0400,0.0500,0.0700,0.0700,0.0700,0.0700,0.00,1891.00
KXHIGHLAX-25JUL02-B72.5,1751474700,2025-07-02T16:45:00+00:00,1,,,,,,0.0800,0.0500,0.0600,0.0500,0.0600,0.0700,0.0700,0.0700,0.0700,0.00,1891.00
KXHIGHLAX-25JUL02-B72.5,1751474760,2025-07-02T16:46:00+00:00,1,,,,,,0.0800,0.0600,0.0600,0.0500,0.0500,0.0700,0.0700,0.0700,0.0700,0.00,1891.00
KXHIGHLAX-25JUL02-B72.5,1751474820,2025-07-02T16:47:00+00:00,1,0.0500,0.0500,0.0500,0.0500,0.0500,0.0800,0.0500,0.0500,0.0500,0.0500,0.0700,0.0700,0.0700,0.0700,1.00,1892.00
KXHIGHLAX-25JUL02-B72.5,1751475000,2025-07-02T16:50:00+00:00,1,,,,,,0.0500,0.0500,0.0500,0.0400,0.0400,0.0700,0.0700,0.0700,0.0700,0.00,1892.00
KXHIGHLAX-25JUL02-B72.5,1751475060,2025-07-02T16:51:00+00:00,1,,,,,,0.0500,0.0400,0.0400,0.0400,0.0400,0.0700,0.0700,0.0600,0.0700,0.00,1892.00
KXHIGHLAX-25JUL02-B72.5,1751475120,2025-07-02T16:52:00+00:00,1,,,,,,0.0500,0.0400,0.0400,0.0400,0.0400,0.0700,0.0700,0.0700,0.0700,0.00,1892.00
KXHIGHLAX-25JUL02-B72.5,1751475180,2025-07-02T16:53:00+00:00,1,,,,,,0.0500,0.0400,0.0400,0.0400,0.0400,0.0700,0.0700,0.0700,0.0700,0.00,1892.00
KXHIGHLAX-25JUL02-B72.5,1751475420,2025-07-02T16:57:00+00:00,1,,,,,,0.0500,0.0400,0.0400,0.0400,0.0400,0.0700,0.0700,0.0700,0.0700,0.00,1892.00
KXHIGHLAX-25JUL02-B72.5,1751475480,2025-07-02T16:58:00+00:00,1,,,,,,0.0500,0.0400,0.0400,0.0400,0.0400,0.0700,0.0700,0.0700,0.0700,0.00,1892.00
KXHIGHLAX-25JUL02-B72.5,1751475600,2025-07-02T17:00:00+00:00,1,0.0400,0.0400,0.0400,0.0400,0.0400,0.0500,0.0400,0.0400,0.0400,0.0400,0.0700,0.0700,0.0700,0.0700,28.00,1892.00
KXHIGHLAX-25JUL02-B72.5,1751475660,2025-07-02T17:01:00+00:00,1,,,,,,0.0400,0.0400,0.0400,0.0400,0.0400,0.0700,0.0700,0.0700,0.0700,0.00,1892.00
KXHIGHLAX-25JUL02-B72.5,1751475720,2025-07-02T17:02:00+00:00,1,,,,,,0.0400,0.0400,0.0400,0.0400,0.0400,0.0700,0.0700,0.0700,0.0700,0.00,1892.00
KXHIGHLAX-25JUL02-B72.5,1751475960,2025-07-02T17:06:00+00:00,1,,,,,,0.0400,0.0400,0.0400,0.0300,0.0300,0.0700,0.0700,0.0600,0.0600,0.00,1892.00
KXHIGHLAX-25JUL02-B72.5,1751476200,2025-07-02T17:10:00+00:00,1,,,,,,0.0400,0.0300,0.0300,0.0300,0.0300,0.0600,0.0700,0.0600,0.0700,0.00,1892.00
KXHIGHLAX-25JUL02-B72.5,1751476260,2025-07-02T17:11:00+00:00,1,,,,,,0.0400,0.0300,0.0300,0.0300,0.0300,0.0700,0.0700,0.0700,0.0700,0.00,1892.00
KXHIGHLAX-25JUL02-B72.5,1751476320,2025-07-02T17:12:00+00:00,1,,,,,,0.0400,0.0300,0.0300,0.0300,0.0300,0.0700,0.0700,0.0700,0.0700,0.00,1892.00
KXHIGHLAX-25JUL02-B72.5,1751476380,2025-07-02T17:13:00+00:00,1,,,,,,0.0400,0.0300,0.0300,0.0300,0.0300,0.0700,0.0700,0.0700,0.0700,0.00,1892.00
KXHIGHLAX-25JUL02-B72.5,1751476440,2025-07-02T17:14:00+00:00,1,,,,,,0.0400,0.0300,0.0300,0.0300,0.0300,0.0700,0.0700,0.0700,0.0700,0.00,1892.00
KXHIGHLAX-25JUL02-B72.5,1751476500,2025-07-02T17:15:00+00:00,1,0.0700,0.0700,0.0700,0.0700,0.0700,0.0400,0.0300,0.0300,0.0300,0.0300,0.0700,0.0700,0.0600,0.0600,67.00,1892.00
KXHIGHLAX-25JUL02-B72.5,1751476560,2025-07-02T17:16:00+00:00,1,,,,,,0.0700,0.0300,0.0300,0.0300,0.0300,0.0600,0.0600,0.0600,0.0600,0.00,1892.00
KXHIGHLAX-25JUL02-B72.5,1751476620,2025-07-02T17:17:00+00:00,1,,,,,,0.0700,0.0300,0.0300,0.0300,0.0300,0.0600,0.0600,0.0600,0.0600,0.00,1892.00
KXHIGHLAX-25JUL02-B72.5,1751476920,2025-07-02T17:22:00+00:00,1,,,,,,0.0700,0.0300,0.0300,0.0300,0.0300,0.0600,0.0700,0.0600,0.0700,0.00,1892.00
KXHIGHLAX-25JUL02-B72.5,1751476980,2025-07-02T17:23:00+00:00,1,,,,,,0.0700,0.0300,0.0300,0.0300,0.0300,0.0700,0.0700,0.0600,0.0600,0.00,1892.00
KXHIGHLAX-25JUL02-B72.5,1751477040,2025-07-02T17:24:00+00:00,1,,,,,,0.0700,0.0300,0.0300,0.0300,0.0300,0.0600,0.0700,0.0600,0.0700,0.00,1892.00
KXHIGHLAX-25JUL02-B72.5,1751477100,2025-07-02T17:25:00+00:00,1,,,,,,0.0700,0.0300,0.0300,0.0300,0.0300,0.0700,0.0700,0.0600,0.0600,0.00,1892.00
KXHIGHLAX-25JUL02-B72.5,1751477160,2025-07-02T17:26:00+00:00,1,,,,,,0.0700,0.0300,0.0300,0.0300,0.0300,0.0600,0.0700,0.0600,0.0700,0.00,1892.00
KXHIGHLAX-25JUL02-B72.5,1751477220,2025-07-02T17:27:00+00:00,1,,,,,,0.0700,0.0300,0.0300,0.0300,0.0300,0.0700,0.0700,0.0600,0.0600,0.00,1892.00
KXHIGHLAX-25JUL02-B72.5,1751477280,2025-07-02T17:28:00+00:00,1,,,,,,0.0700,0.0300,0.0300,0.0300,0.0300,0.0600,0.0700,0.0600,0.0700,0.00,1892.00
KXHIGHLAX-25JUL02-B72.5,1751477400,2025-07-02T17:30:00+00:00,1,,,,,,0.0700,0.0300,0.0300,0.0300,0.0300,0.0700,0.0700,0.0700,0.0700,0.00,1892.00
KXHIGHLAX-25JUL02-B72.5,1751477700,2025-07-02T17:35:00+00:00,1,,,,,,0.0700,0.0300,0.0300,0.0300,0.0300,0.0700,0.0700,0.0700,0.0700,0.00,1892.00
KXHIGHLAX-25JUL02-B72.5,1751477760,2025-07-02T17:36:00+00:00,1,,,,,,0.0700,0.0300,0.0300,0.0300,0.0300,0.0700,0.0700,0.0700,0.0700,0.00,1892.00
KXHIGHLAX-25JUL02-B72.5,1751477820,2025-07-02T17:37:00+00:00,1,,,,,,0.0700,0.0300,0.0400,0.0300,0.0400,0.0700,0.0700,0.0700,0.0700,0.00,1892.00
KXHIGHLAX-25JUL02-B72.5,1751477880,2025-07-02T17:38:00+00:00,1,,,,,,0.0700,0.0400,0.0400,0.0400,0.0400,0.0700,0.0700,0.0700,0.0700,0.00,1892.00
KXHIGHLAX-25JUL02-B72.5,1751477940,2025-07-02T17:39:00+00:00,1,,,,,,0.0700,0.0400,0.0400,0.0400,0.0400,0.0700,0.0700,0.0700,0.0700,0.00,1892.00
KXHIGHLAX-25JUL02-B72.5,1751478000,2025-07-02T17:40:00+00:00,1,,,,,,0.0700,0.0400,0.0400,0.0400,0.0400,0.0700,0.0700,0.0700,0.0700,0.00,1892.00
KXHIGHLAX-25JUL02-B72.5,1751478300,2025-07-02T17:45:00+00:00,1,,,,,,0.0700,0.0400,0.0400,0.0400,0.0400,0.0700,0.0700,0.0700,0.0700,0.00,1892.00
KXHIGHLAX-25JUL02-B72.5,1751478480,2025-07-02T17:48:00+00:00,1,,,,,,0.0700,0.0400,0.0400,0.0300,0.0300,0.0700,0.0700,0.0700,0.0700,0.00,1892.00
KXHIGHLAX-25JUL02-B72.5,1751478540,2025-07-02T17:49:00+00:00,1,,,,,,0.0700,0.0300,0.0400,0.0300,0.0400,0.0700,0.0700,0.0700,0.0700,0.00,1892.00
KXHIGHLAX-25JUL02-B72.5,1751478720,2025-07-02T17:52:00+00:00,1,,,,,,0.0700,0.0400,0.0400,0.0300,0.0300,0.0700,0.0700,0.0700,0.0700,0.00,1892.00
KXHIGHLAX-25JUL02-B72.5,1751478840,2025-07-02T17:54:00+00:00,1,0.0300,0.0300,0.0300,0.0300,0.0300,0.0700,0.0300,0.0300,0.0300,0.0300,0.0700,0.0700,0.0700,0.0700,166.00,1892.00
KXHIGHLAX-25JUL02-B72.5,1751478900,2025-07-02T17:55:00+00:00,1,,,,,,0.0300,0.0300,0.0300,0.0300,0.0300,0.0700,0.0700,0.0600,0.0600,0.00,1892.00
KXHIGHLAX-25JUL02-B72.5,1751479020,2025-07-02T17:57:00+00:00,1,,,,,,0.0300,0.0300,0.0300,0.0100,0.0100,0.0600,0.0600,0.0600,0.0600,0.00,1892.00
KXHIGHLAX-25JUL02-B72.5,1751479080,2025-07-02T17:58:00+00:00,1,,,,,,0.0300,0.0100,0.0100,0.0100,0.0100,0.0600,0.0600,0.0600,0.0600,0.00,1892.00
KXHIGHLAX-25JUL02-B72.5,1751479260,2025-07-02T18:01:00+00:00,1,,,,,,0.0300,0.0100,0.0100,0.0100,0.0100,0.0600,0.0600,0.0600,0.0600,0.00,1892.00
KXHIGHLAX-25JUL02-B72.5,1751479380,2025-07-02T18:03:00+00:00,1,,,,,,0.0300,0.0100,0.0100,0.0100,0.0100,0.0600,0.0600,0.0600,0.0600,0.00,1892.00
KXHIGHLAX-25JUL02-B72.5,1751479500,2025-07-02T18:05:00+00:00,1,,,,,,0.0300,0.0100,0.0100,0.0100,0.0100,0.0600,0.0600,0.0600,0.0600,0.00,1892.00
KXHIGHLAX-25JUL02-B72.5,1751479620,2025-07-02T18:07:00+00:00,1,,,,,,0.0300,0.0100,0.0100,0.0100,0.0100,0.0600,0.0600,0.0600,0.0600,0.00,1892.00
KXHIGHLAX-25JUL02-B72.5,1751479860,2025-07-02T18:11:00+00:00,1,,,,,,0.0300,0.0100,0.0100,0.0100,0.0100,0.0600,0.0600,0.0600,0.0600,0.00,1892.00
KXHIGHLAX-25JUL02-B72.5,1751479920,2025-07-02T18:12:00+00:00,1,,,,,,0.0300,0.0100,0.0100,0.0100,0.0100,0.0600,0.0600,0.0500,0.0600,0.00,1892.00
KXHIGHLAX-25JUL02-B72.5,1751479980,2025-07-02T18:13:00+00:00,1,,,,,,0.0300,0.0100,0.0100,0.0100,0.0100,0.0600,0.0600,0.0600,0.0600,0.00,1892.00
KXHIGHLAX-25JUL02-B72.5,1751480040,2025-07-02T18:14:00+00:00,1,,,,,,0.0300,0.0100,0.0100,0.0100,0.0100,0.0600,0.0600,0.0500,0.0600,0.00,1892.00
KXHIGHLAX-25JUL02-B72.5,1751480160,2025-07-02T18:16:00+00:00,1,,,,,,0.0300,0.0100,0.0100,0.0100,0.0100,0.0600,0.0600,0.0600,0.0600,0.00,1892.00
KXHIGHLAX-25JUL02-B72.5,1751480220,2025-07-02T18:17:00+00:00,1,,,,,,0.0300,0.0100,0.0100,0.0100,0.0100,0.0600,0.0600,0.0600,0.0600,0.00,1892.00
KXHIGHLAX-25JUL02-B72.5,1751480280,2025-07-02T18:18:00+00:00,1,0.0100,0.0100,0.0100,0.0100,0.0100,0.0300,0.0100,0.0100,0.0100,0.0100,0.0600,0.0700,0.0600,0.0600,102.00,1994.00
KXHIGHLAX-25JUL02-B72.5,1751480400,2025-07-02T18:20:00+00:00,1,,,,,,0.0100,0.0100,0.0100,0.0100,0.0100,0.0600,0.0600,0.0600,0.0600,0.00,1994.00
KXHIGHLAX-25JUL02-B72.5,1751480460,2025-07-02T18:21:00+00:00,1,0.0100,0.0100,0.0100,0.0100,0.0100,0.0100,0.0100,0.0100,0.0100,0.0100,0.0600,0.0600,0.0600,0.0600,33.00,1994.00
KXHIGHLAX-25JUL02-B72.5,1751480520,2025-07-02T18:22:00+00:00,1,,,,,,0.0100,0.0100,0.0100,0.0100,0.0100,0.0600,0.0700,0.0600,0.0700,0.00,1994.00
KXHIGHLAX-25JUL02-B72.5,1751480640,2025-07-02T18:24:00+00:00,1,,,,,,0.0100,0.0100,0.0100,0.0100,0.0100,0.0700,0.0700,0.0700,0.0700,0.00,1994.00
KXHIGHLAX-25JUL02-B72.5,1751480700,2025-07-02T18:25:00+00:00,1,,,,,,0.0100,0.0100,0.0100,0.0100,0.0100,0.0700,0.0700,0.0500,0.0700,0.00,1994.00
KXHIGHLAX-25JUL02-B72.5,1751480760,2025-07-02T18:26:00+00:00,1,,,,,,0.0100,0.0100,0.0100,0.0100,0.0100,0.0700,0.0700,0.0600,0.0600,0.00,1994.00
KXHIGHLAX-25JUL02-B72.5,1751480880,2025-07-02T18:28:00+00:00,1,,,,,,0.0100,0.0100,0.0100,0.0100,0.0100,0.0600,0.0600,0.0600,0.0600,0.00,1994.00
KXHIGHLAX-25JUL02-B72.5,1751480940,2025-07-02T18:29:00+00:00,1,,,,,,0.0100,0.0100,0.0100,0.0100,0.0100,0.0600,0.0600,0.0600,0.0600,0.00,1994.00
KXHIGHLAX-25JUL02-B72.5,1751481000,2025-07-02T18:30:00+00:00,1,,,,,,0.0100,0.0100,0.0100,0.0100,0.0100,0.0600,0.0600,0.0600,0.0600,0.00,1994.00
KXHIGHLAX-25JUL02-B72.5,1751481060,2025-07-02T18:31:00+00:00,1,,,,,,0.0100,0.0100,0.0100,0.0100,0.0100,0.0600,0.0600,0.0600,0.0600,0.00,1994.00
KXHIGHLAX-25JUL02-B72.5,1751481120,2025-07-02T18:32:00+00:00,1,,,,,,0.0100,0.0100,0.0100,0.0100,0.0100,0.0600,0.0600,0.0600,0.0600,0.00,1994.00
KXHIGHLAX-25JUL02-B72.5,1751481180,2025-07-02T18:33:00+00:00,1,,,,,,0.0100,0.0100,0.0100,0.0100,0.0100,0.0600,0.0800,0.0600,0.0600,0.00,1994.00
KXHIGHLAX-25JUL02-B72.5,1751481240,2025-07-02T18:34:00+00:00,1,,,,,,0.0100,0.0100,0.0100,0.0100,0.0100,0.0600,0.0600,0.0600,0.0600,0.00,1994.00
KXHIGHLAX-25JUL02-B72.5,1751481300,2025-07-02T18:35:00+00:00,1,,,,,,0.0100,0.0100,0.0100,0.0100,0.0100,0.0600,0.0600,0.0600,0.0600,0.00,1994.00
KXHIGHLAX-25JUL02-B72.5,1751481420,2025-07-02T18:37:00+00:00,1,,,,,,0.0100,0.0100,0.0100,0.0100,0.0100,0.0600,0.0800,0.0500,0.0700,0.00,1994.00
KXHIGHLAX-25JUL02-B72.5,1751481480,2025-07-02T18:38:00+00:00,1,0.0100,0.0100,0.0100,0.0100,0.0100,0.0100,0.0100,0.0100,0.0100,0.0100,0.0700,0.0700,0.0600,0.0700,8.00,2002.00
KXHIGHLAX-25JUL02-B72.5,1751481540,2025-07-02T18:39:00+00:00,1,,,,,,0.0100,0.0100,0.0100,0.0100,0.0100,0.0700,0.0700,0.0700,0.0700,0.00,2002.00
KXHIGHLAX-25JUL02-B72.5,1751481600,2025-07-02T18:40:00+00:00,1,,,,,,0.0100,0.0100,0.0100,0.0100,0.0100,0.0700,0.0700,0.0700,0.0700,0.00,2002.00
KXHIGHLAX-25JUL02-B72.5,1751481660,2025-07-02T18:41:00+00:00,1,,,,,,0.0100,0.0100,0.0100,0.0100,0.0100,0.0700,0.0700,0.0700,0.0700,0.00,2002.00
KXHIGHLAX-25JUL02-B72.5,1751481720,2025-07-02T18:42:00+00:00,1,,,,,,0.0100,0.0100,0.0100,0.0100,0.0100,0.0700,0.0700,0.0600,0.0700,0.00,2002.00
KXHIGHLAX-25JUL02-B72.5,1751481780,2025-07-02T18:43:00+00:00,1,,,,,,0.0100,0.0100,0.0100,0.0100,0.0100,0.0700,0.0700,0.0600,0.0700,0.00,2002.00
KXHIGHLAX-25JUL02-B72.5,1751481840,2025-07-02T18:44:00+00:00,1,,,,,,0.0100,0.0100,0.0100,0.0100,0.0100,0.0700,0.0700,0.0600,0.0700,0.00,2002.00
KXHIGHLAX-25JUL02-B72.5,1751481900,2025-07-02T18:45:00+00:00,1,,,,,,0.0100,0.0100,0.0100,0.0100,0.0100,0.0700,0.0700,0.0500,0.0500,0.00,2002.00
KXHIGHLAX-25JUL02-B72.5,1751481960,2025-07-02T18:46:00+00:00,1,,,,,,0.0100,0.0100,0.0100,0.0100,0.0100,0.0500,0.0700,0.0300,0.0700,0.00,2002.00
KXHIGHLAX-25JUL02-B72.5,1751482080,2025-07-02T18:48:00+00:00,1,,,,,,0.0100,0.0100,0.0100,0.0100,0.0100,0.0700,0.0700,0.0700,0.0700,0.00,2002.00
KXHIGHLAX-25JUL02-B72.5,1751482140,2025-07-02T18:49:00+00:00,1,,,,,,0.0100,0.0100,0.0100,0.0100,0.0100,0.0700,0.0700,0.0600,0.0700,0.00,2002.00
KXHIGHLAX-25JUL02-B72.5,1751482200,2025-07-02T18:50:00+00:00,1,,,,,,0.0100,0.0100,0.0100,0.0100,0.0100,0.0700,0.0700,0.0600,0.0600,0.00,2002.00
KXHIGHLAX-25JUL02-B72.5,1751482260,2025-07-02T18:51:00+00:00,1,,,,,,0.0100,0.0100,0.0100,0.0100,0.0100,0.0600,0.0700,0.0600,0.0700,0.00,2002.00
KXHIGHLAX-25JUL02-B72.5,1751482320,2025-07-02T18:52:00+00:00,1,,,,,,0.0100,0.0100,0.0100,0.0100,0.0100,0.0700,0.0800,0.0700,0.0800,0.00,2002.00
KXHIGHLAX-25JUL02-B72.5,1751482380,2025-07-02T18:53:00+00:00,1,0.0100,0.0100,0.0100,0.0100,0.0100,0.0100,0.0100,0.0100,0.0100,0.0100,0.0800,0.0800,0.0700,0.0700,80.00,2082.00
KXHIGHLAX-25JUL02-B72.5,1751482500,2025-07-02T18:55:00+00:00,1,,,,,,0.0100,0.0100,0.0100,0.0100,0.0100,0.0700,0.0700,0.0700,0.0700,0.00,2082.00
KXHIGHLAX-25JUL02-B72.5,1751482620,2025-07-02T18:57:00+00:00,1,,,,,,0.0100,0.0100,0.0100,0.0100,0.0100,0.0700,0.0700,0.0600,0.0700,0.00,2082.00
KXHIGHLAX-25JUL02-B72.5,1751482920,2025-07-02T19:02:00+00:00,1,,,,,,0.0100,0.0100,0.0100,0.0100,0.0100,0.0700,0.0700,0.0700,0.0700,0.00,2082.00
KXHIGHLAX-25JUL02-B72.5,1751482980,2025-07-02T19:03:00+00:00,1,,,,,,0.0100,0.0100,0.0100,0.0100,0.0100,0.0700,0.0700,0.0700,0.0700,0.00,2082.00
KXHIGHLAX-25JUL02-B72.5,1751483160,2025-07-02T19:06:00+00:00,1,,,,,,0.0100,0.0100,0.0100,0.0100,0.0100,0.0700,0.0700,0.0700,0.0700,0.00,2082.00
KXHIGHLAX-25JUL02-B72.5,1751483220,2025-07-02T19:07:00+00:00,1,0.0100,0.0100,0.0100,0.0100,0.0100,0.0100,0.0100,0.0100,0.0100,0.0100,0.0700,0.0800,0.0700,0.0800,87.00,2169.00
KXHIGHLAX-25JUL02-B72.5,1751483460,2025-07-02T19:11:00+00:00,1,0.0100,0.0100,0.0100,0.0100,0.0100,0.0100,0.0100,0.0100,0.0100,0.0100,0.0800,0.0800,0.0800,0.0800,1.00,2170.00
KXHIGHLAX-25JUL02-B72.5,1751483640,2025-07-02T19:14:00+00:00,1,,,,,,0.0100,0.0100,0.0100,0.0100,0.0100,0.0800,0.0800,0.0800,0.0800,0.00,2170.00
KXHIGHLAX-25JUL02-B72.5,1751483700,2025-07-02T19:15:00+00:00,1,,,,,,0.0100,0.0100,0.0100,0.0100,0.0100,0.0800,0.0800,0.0800,0.0800,0.00,2170.00
KXHIGHLAX-25JUL02-B72.5,1751483760,2025-07-02T19:16:00+00:00,1,,,,,,0.0100,0.0100,0.0100,0.0100,0.0100,0.0800,0.0800,0.0800,0.0800,0.00,2170.00
KXHIGHLAX-25JUL02-B72.5,1751483820,2025-07-02T19:17:00+00:00,1,,,,,,0.0100,0.0100,0.0100,0.0100,0.0100,0.0800,0.0800,0.0800,0.0800,0.00,2170.00
KXHIGHLAX-25JUL02-B72.5,1751483880,2025-07-02T19:18:00+00:00,1,,,,,,0.0100,0.0100,0.0100,0.0100,0.0100,0.0800,0.0800,0.0800,0.0800,0.00,2170.00
KXHIGHLAX-25JUL02-B72.5,1751484000,2025-07-02T19:20:00+00:00,1,,,,,,0.0100,0.0100,0.0100,0.0100,0.0100,0.0800,0.0800,0.0700,0.0700,0.00,2170.00
KXHIGHLAX-25JUL02-B72.5,1751484060,2025-07-02T19:21:00+00:00,1,,,,,,0.0100,0.0100,0.0100,0.0100,0.0100,0.0700,0.0700,0.0700,0.0700,0.00,2170.00
KXHIGHLAX-25JUL02-B72.5,1751484120,2025-07-02T19:22:00+00:00,1,,,,,,0.0100,0.0100,0.0100,0.0100,0.0100,0.0700,0.0700,0.0700,0.0700,0.00,2170.00
KXHIGHLAX-25JUL02-B72.5,1751484180,2025-07-02T19:23:00+00:00,1,,,,,,0.0100,0.0100,0.0100,0.0100,0.0100,0.0700,0.0800,0.0600,0.0600,0.00,2170.00
KXHIGHLAX-25JUL02-B72.5,1751484240,2025-07-02T19:24:00+00:00,1,,,,,,0.0100,0.0100,0.0100,0.0100,0.0100,0.0600,0.0700,0.0500,0.0700,0.00,2170.00
KXHIGHLAX-25JUL02-B72.5,1751484300,2025-07-02T19:25:00+00:00,1,,,,,,0.0100,0.0100,0.0100,0.0100,0.0100,0.0700,0.0700,0.0700,0.0700,0.00,2170.00
KXHIGHLAX-25JUL02-B72.5,1751484360,2025-07-02T19:26:00+00:00,1,,,,,,0.0100,0.0100,0.0100,0.0100,0.0100,0.0700,0.0700,0.0700,0.0700,0.00,2170.00
KXHIGHLAX-25JUL02-B72.5,1751484420,2025-07-02T19:27:00+00:00,1,,,,,,0.0100,0.0100,0.0100,0.0100,0.0100,0.0700,0.0700,0.0600,0.0600,0.00,2170.00
KXHIGHLAX-25JUL02-B72.5,1751484480,2025-07-02T19:28:00+00:00,1,,,,,,0.0100,0.0100,0.0100,0.0100,0.0100,0.0600,0.0700,0.0600,0.0700,0.00,2170.00
KXHIGHLAX-25JUL02-B72.5,1751484540,2025-07-02T19:29:00+00:00,1,,,,,,0.0100,0.0100,0.0100,0.0100,0.0100,0.0700,0.0700,0.0700,0.0700,0.00,2170.00
KXHIGHLAX-25JUL02-B72.5,1751484840,2025-07-02T19:34:00+00:00,1,,,,,,0.0100,0.0100,0.0100,0.0100,0.0100,0.0700,0.0700,0.0700,0.0700,0.00,2170.00
KXHIGHLAX-25JUL02-B72.5,1751484900,2025-07-02T19:35:00+00:00,1,,,,,,0.0100,0.0100,0.0100,0.0100,0.0100,0.0700,0.0800,0.0700,0.0700,0.00,2170.00
KXHIGHLAX-25JUL02-B72.5,1751485020,2025-07-02T19:37:00+00:00,1,,,,,,0.0100,0.0100,0.0100,0.0100,0.0100,0.0700,0.0700,0.0700,0.0700,0.00,2170.00
KXHIGHLAX-25JUL02-B72.5,1751485260,2025-07-02T19:41:00+00:00,1,,,,,,0.0100,0.0100,0.0100,0.0100,0.0100,0.0700,0.0700,0.0700,0.0700,0.00,2170.00
KXHIGHLAX-25JUL02-B72.5,1751485320,2025-07-02T19:42:00+00:00,1,,,,,,0.0100,0.0100,0.0100,0.0100,0.0100,0.0700,0.0700,0.0700,0.0700,0.00,2170.00
KXHIGHLAX-25JUL02-B72.5,1751485500,2025-07-02T19:45:00+00:00,1,,,,,,0.0100,0.0100,0.0100,0.0100,0.0100,0.0700,0.0700,0.0700,0.0700,0.00,2170.00
KXHIGHLAX-25JUL02-B72.5,1751485560,2025-07-02T19:46:00+00:00,1,,,,,,0.0100,0.0100,0.0100,0.0100,0.0100,0.0700,0.0700,0.0700,0.0700,0.00,2170.00
KXHIGHLAX-25JUL02-B72.5,1751485620,2025-07-02T19:47:00+00:00,1,,,,,,0.0100,0.0100,0.0100,0.0100,0.0100,0.0700,0.0700,0.0700,0.0700,0.00,2170.00
KXHIGHLAX-25JUL02-B72.5,1751485680,2025-07-02T19:48:00+00:00,1,,,,,,0.0100,0.0100,0.0100,0.0100,0.0100,0.0700,0.0700,0.0600,0.0700,0.00,2170.00
KXHIGHLAX-25JUL02-B72.5,1751485740,2025-07-02T19:49:00+00:00,1,,,,,,0.0100,0.0100,0.0100,0.0100,0.0100,0.0700,0.0700,0.0700,0.0700,0.00,2170.00
KXHIGHLAX-25JUL02-B72.5,1751485800,2025-07-02T19:50:00+00:00,1,,,,,,0.0100,0.0100,0.0100,0.0100,0.0100,0.0700,0.0700,0.0600,0.0700,0.00,2170.00
KXHIGHLAX-25JUL02-B72.5,1751485860,2025-07-02T19:51:00+00:00,1,,,,,,0.0100,0.0100,0.0100,0.0100,0.0100,0.0700,0.0700,0.0700,0.0700,0.00,2170.00
KXHIGHLAX-25JUL02-B72.5,1751486040,2025-07-02T19:54:00+00:00,1,,,,,,0.0100,0.0100,0.0100,0.0100,0.0100,0.0700,0.0700,0.0700,0.0700,0.00,2170.00
KXHIGHLAX-25JUL02-B72.5,1751486100,2025-07-02T19:55:00+00:00,1,,,,,,0.0100,0.0100,0.0100,0.0100,0.0100,0.0700,0.0700,0.0700,0.0700,0.00,2170.00
KXHIGHLAX-25JUL02-B72.5,1751486160,2025-07-02T19:56:00+00:00,1,,,,,,0.0100,0.0100,0.0100,0.0100,0.0100,0.0700,0.0800,0.0700,0.0700,0.00,2170.00
KXHIGHLAX-25JUL02-B72.5,1751486280,2025-07-02T19:58:00+00:00,1,,,,,,0.0100,0.0100,0.0100,0.0100,0.0100,0.0700,0.0700,0.0700,0.0700,0.00,2170.00
KXHIGHLAX-25JUL02-B72.5,1751486340,2025-07-02T19:59:00+00:00,1,,,,,,0.0100,0.0100,0.0100,0.0100,0.0100,0.0700,0.0700,0.0700,0.0700,0.00,2170.00
KXHIGHLAX-25JUL02-B72.5,1751486400,2025-07-02T20:00:00+00:00,1,,,,,,0.0100,0.0100,0.0100,0.0100,0.0100,0.0700,0.0700,0.0700,0.0700,0.00,2170.00
KXHIGHLAX-25JUL02-B72.5,1751486460,2025-07-02T20:01:00+00:00,1,,,,,,0.0100,0.0100,0.0100,0.0100,0.0100,0.0700,0.0700,0.0700,0.0700,0.00,2170.00
KXHIGHLAX-25JUL02-B72.5,1751486520,2025-07-02T20:02:00+00:00,1,,,,,,0.0100,0.0100,0.0100,0.0100,0.0100,0.0700,0.0700,0.0700,0.0700,0.00,2170.00
KXHIGHLAX-25JUL02-B72.5,1751486580,2025-07-02T20:03:00+00:00,1,,,,,,0.0100,0.0100,0.0100,0.0100,0.0100,0.0700,0.0700,0.0700,0.0700,0.00,2170.00
KXHIGHLAX-25JUL02-B72.5,1751486640,2025-07-02T20:04:00+00:00,1,,,,,,0.0100,0.0100,0.0100,0.0100,0.0100,0.0700,0.0700,0.0700,0.0700,0.00,2170.00
KXHIGHLAX-25JUL02-B72.5,1751486700,2025-07-02T20:05:00+00:00,1,,,,,,0.0100,0.0100,0.0100,0.0100,0.0100,0.0700,0.0700,0.0700,0.0700,0.00,2170.00
KXHIGHLAX-25JUL02-B72.5,1751486820,2025-07-02T20:07:00+00:00,1,,,,,,0.0100,0.0100,0.0100,0.0100,0.0100,0.0700,0.0700,0.0700,0.0700,0.00,2170.00
KXHIGHLAX-25JUL02-B72.5,1751486880,2025-07-02T20:08:00+00:00,1,,,,,,0.0100,0.0100,0.0100,0.0100,0.0100,0.0700,0.0700,0.0600,0.0700,0.00,2170.00
KXHIGHLAX-25JUL02-B72.5,1751486940,2025-07-02T20:09:00+00:00,1,,,,,,0.0100,0.0100,0.0100,0.0100,0.0100,0.0700,0.0700,0.0700,0.0700,0.00,2170.00
KXHIGHLAX-25JUL02-B72.5,1751487000,2025-07-02T20:10:00+00:00,1,,,,,,0.0100,0.0100,0.0100,0.0100,0.0100,0.0700,0.0700,0.0700,0.0700,0.00,2170.00
KXHIGHLAX-25JUL02-B72.5,1751487120,2025-07-02T20:12:00+00:00,1,,,,,,0.0100,0.0100,0.0100,0.0100,0.0100,0.0700,0.0700,0.0700,0.0700,0.00,2170.00
KXHIGHLAX-25JUL02-B72.5,1751487180,2025-07-02T20:13:00+00:00,1,,,,,,0.0100,0.0100,0.0100,0.0100,0.0100,0.0700,0.0700,0.0600,0.0600,0.00,2170.00
KXHIGHLAX-25JUL02-B72.5,1751487240,2025-07-02T20:14:00+00:00,1,,,,,,0.0100,0.0100,0.0100,0.0100,0.0100,0.0600,0.0700,0.0600,0.0700,0.00,2170.00
KXHIGHLAX-25JUL02-B72.5,1751487300,2025-07-02T20:15:00+00:00,1,,,,,,0.0100,0.0100,0.0100,0.0100,0.0100,0.0700,0.0700,0.0700,0.0700,0.00,2170.00
KXHIGHLAX-25JUL02-B72.5,1751487360,2025-07-02T20:16:00+00:00,1,0.0100,0.0100,0.0100,0.0100,0.0100,0.0100,0.0100,0.0100,0.0100,0.0100,0.0700,0.0800,0.0700,0.0800,150.00,2320.00
KXHIGHLAX-25JUL02-B72.5,1751487420,2025-07-02T20:17:00+00:00,1,,,,,,0.0100,0.0100,0.0100,0.0100,0.0100,0.0800,0.0800,0.0800,0.0800,0.00,2320.00
KXHIGHLAX-25JUL02-B72.5,1751487480,2025-07-02T20:18:00+00:00,1,,,,,,0.0100,0.0100,0.0100,0.0100,0.0100,0.0800,0.0800,0.0800,0.0800,0.00,2320.00
KXHIGHLAX-25JUL02-B72.5,1751487540,2025-07-02T20:19:00+00:00,1,0.0100,0.0100,0.0100,0.0100,0.0100,0.0100,0.0100,0.0100,0.0100,0.0100,0.0800,0.0800,0.0800,0.0800,28.00,2348.00
KXHIGHLAX-25JUL02-B72.5,1751487600,2025-07-02T20:20:00+00:00,1,,,,,,0.0100,0.0100,0.0100,0.0100,0.0100,0.0800,0.0800,0.0800,0.0800,0.00,2348.00
KXHIGHLAX-25JUL02-B72.5,1751487660,2025-07-02T20:21:00+00:00,1,,,,,,0.0100,0.0100,0.0100,0.0000,0.0100,0.0800,0.0800,0.0800,0.0800,0.00,2348.00
KXHIGHLAX-25JUL02-B72.5,1751487720,2025-07-02T20:22:00+00:00,1,,,,,,0.0100,0.0100,0.0100,0.0100,0.0100,0.0800,0.0800,0.0800,0.0800,0.00,2348.00
KXHIGHLAX-25JUL02-B72.5,1751487960,2025-07-02T20:26:00+00:00,1,,,,,,0.0100,0.0100,0.0100,0.0100,0.0100,0.0800,0.0800,0.0800,0.0800,0.00,2348.00
KXHIGHLAX-25JUL02-B72.5,1751488020,2025-07-02T20:27:00+00:00,1,,,,,,0.0100,0.0100,0.0100,0.0100,0.0100,0.0800,0.0800,0.0800,0.0800,0.00,2348.00
KXHIGHLAX-25JUL02-B72.5,1751488260,2025-07-02T20:31:00+00:00,1,,,,,,0.0100,0.0100,0.0100,0.0100,0.0100,0.0800,0.0800,0.0800,0.0800,0.00,2348.00
KXHIGHLAX-25JUL02-B72.5,1751488560,2025-07-02T20:36:00+00:00,1,,,,,,0.0100,0.0100,0.0100,0.0100,0.0100,0.0800,0.0800,0.0800,0.0800,0.00,2348.00
KXHIGHLAX-25JUL02-B72.5,1751488680,2025-07-02T20:38:00+00:00,1,,,,,,0.0100,0.0100,0.0100,0.0100,0.0100,0.0800,0.0800,0.0800,0.0800,0.00,2348.00
KXHIGHLAX-25JUL02-B72.5,1751488740,2025-07-02T20:39:00+00:00,1,,,,,,0.0100,0.0100,0.0100,0.0100,0.0100,0.0800,0.0800,0.0700,0.0700,0.00,2348.00
KXHIGHLAX-25JUL02-B72.5,1751488800,2025-07-02T20:40:00+00:00,1,,,,,,0.0100,0.0100,0.0100,0.0100,0.0100,0.0700,0.0700,0.0600,0.0700,0.00,2348.00
KXHIGHLAX-25JUL02-B72.5,1751488860,2025-07-02T20:41:00+00:00,1,0.0100,0.0100,0.0100,0.0100,0.0100,0.0100,0.0100,0.0100,0.0100,0.0100,0.0700,0.0700,0.0700,0.0700,10.00,2358.00
KXHIGHLAX-25JUL02-B72.5,1751488920,2025-07-02T20:42:00+00:00,1,,,,,,0.0100,0.0100,0.0100,0.0100,0.0100,0.0700,0.0700,0.0400,0.0600,0.00,2358.00
KXHIGHLAX-25JUL02-B72.5,1751488980,2025-07-02T20:43:00+00:00,1,,,,,,0.0100,0.0100,0.0100,0.0100,0.0100,0.0600,0.0600,0.0500,0.0500,0.00,2358.00
KXHIGHLAX-25JUL02-B72.5,1751489160,2025-07-02T20:46:00+00:00,1,,,,,,0.0100,0.0100,0.0100,0.0100,0.0100,0.0500,0.0500,0.0500,0.0500,0.00,2358.00
KXHIGHLAX-25JUL02-B72.5,1751489280,2025-07-02T20:48:00+00:00,1,,,,,,0.0100,0.0100,0.0100,0.0100,0.0100,0.0500,0.0500,0.0500,0.0500,0.00,2358.00
KXHIGHLAX-25JUL02-B72.5,1751489640,2025-07-02T20:54:00+00:00,1,0.0500,0.0500,0.0500,0.0500,0.0500,0.0100,0.0100,0.0100,0.0100,0.0100,0.0500,0.0600,0.0500,0.0600,18.00,2358.00
KXHIGHLAX-25JUL02-B72.5,1751489700,2025-07-02T20:55:00+00:00,1,,,,,,0.0500,0.0100,0.0100,0.0100,0.0100,0.0600,0.0600,0.0600,0.0600,0.00,2358.00
KXHIGHLAX-25JUL02-B72.5,1751489760,2025-07-02T20:56:00+00:00,1,,,,,,0.0500,0.0100,0.0100,0.0100,0.0100,0.0600,0.0600,0.0600,0.0600,0.00,2358.00
KXHIGHLAX-25JUL02-B72.5,1751489820,2025-07-02T20:57:00+00:00,1,,,,,,0.0500,0.0100,0.0100,0.0100,0.0100,0.0600,0.0600,0.0600,0.0600,0.00,2358.00
KXHIGHLAX-25JUL02-B72.5,1751489880,2025-07-02T20:58:00+00:00,1,,,,,,0.0500,0.0100,0.0100,0.0100,0.0100,0.0600,0.0600,0.0600,0.0600,0.00,2358.00
KXHIGHLAX-25JUL02-B72.5,1751489940,2025-07-02T20:59:00+00:00,1,0.0100,0.0100,0.0100,0.0100,0.0100,0.0500,0.0100,0.0100,0.0000,0.0000,0.0600,0.0600,0.0100,0.0100,30.00,2388.00
KXHIGHLAX-25JUL02-B72.5,1751490000,2025-07-02T21:00:00+00:00,1,,,,,,0.0100,0.0000,0.0000,0.0000,0.0000,0.0100,0.0100,0.0100,0.0100,0.00,2388.00
KXHIGHLAX-25JUL02-B72.5,1751490060,2025-07-02T21:01:00+00:00,1,,,,,,0.0100,0.0000,0.0000,0.0000,0.0000,0.0100,0.0100,0.0100,0.0100,0.00,2388.00
KXHIGHLAX-25JUL02-B72.5,1751490180,2025-07-02T21:03:00+00:00,1,,,,,,0.0100,0.0000,0.0000,0.0000,0.0000,0.0100,0.0100,0.0100,0.0100,0.00,2388.00
KXHIGHLAX-25JUL02-B72.5,1751490240,2025-07-02T21:04:00+00:00,1,,,,,,0.0100,0.0000,0.0000,0.0000,0.0000,0.0100,0.0100,0.0100,0.0100,0.00,2388.00
KXHIGHLAX-25JUL02-B72.5,1751491200,2025-07-02T21:20:00+00:00,1,,,,,,0.0100,0.0000,0.0000,0.0000,0.0000,0.0100,0.0100,0.0100,0.0100,0.00,2388.00
KXHIGHLAX-25JUL02-B72.5,1751491260,2025-07-02T21:21:00+00:00,1,0.0100,0.0100,0.0100,0.0100,0.0100,0.0100,0.0000,0.0000,0.0000,0.0000,0.0100,0.0100,0.0100,0.0100,40.00,2428.00
KXHIGHLAX-25JUL02-B72.5,1751491320,2025-07-02T21:22:00+00:00,1,,,,,,0.0100,0.0000,0.0000,0.0000,0.0000,0.0100,0.0100,0.0100,0.0100,0.00,2428.00
KXHIGHLAX-25JUL02-B72.5,1751491560,2025-07-02T21:26:00+00:00,1,,,,,,0.0100,0.0000,0.0000,0.0000,0.0000,0.0100,0.0100,0.0100,0.0100,0.00,2428.00
KXHIGHLAX-25JUL02-B72.5,1751491620,2025-07-02T21:27:00+00:00,1,,,,,,0.0100,0.0000,0.0000,0.0000,0.0000,0.0100,0.0100,0.0100,0.0100,0.00,2428.00
KXHIGHLAX-25JUL02-B72.5,1751492580,2025-07-02T21:43:00+00:00,1,0.0100,0.0100,0.0100,0.0100,0.0100,0.0100,0.0000,0.0000,0.0000,0.0000,0.0100,0.0100,0.0100,0.0100,61.00,2428.00
KXHIGHLAX-25JUL02-B72.5,1751492640,2025-07-02T21:44:00+00:00,1,0.0100,0.0100,0.0100,0.0100,0.0100,0.0100,0.0000,0.0000,0.0000,0.0000,0.0100,0.0100,0.0100,0.0100,467.00,2895.00
KXHIGHLAX-25JUL02-B72.5,1751493780,2025-07-02T22:03:00+00:00,1,,,,,,0.0100,0.0000,0.0000,0.0000,0.0000,0.0100,0.0100,0.0100,0.0100,0.00,2895.00
KXHIGHLAX-25JUL02-B72.5,1751494020,2025-07-02T22:07:00+00:00,1,,,,,,0.0100,0.0000,0.0000,0.0000,0.0000,0.0100,0.0100,0.0100,0.0100,0.00,2895.00
KXHIGHLAX-25JUL02-B72.5,1751494140,2025-07-02T22:09:00+00:00,1,,,,,,0.0100,0.0000,0.0000,0.0000,0.0000,0.0100,0.0100,0.0100,0.0100,0.00,2895.00
KXHIGHLAX-25JUL02-B72.5,1751494260,2025-07-02T22:11:00+00:00,1,,,,,,0.0100,0.0000,0.0000,0.0000,0.0000,0.0100,0.0100,0.0100,0.0100,0.00,2895.00
KXHIGHLAX-25JUL02-B72.5,1751494860,2025-07-02T22:21:00+00:00,1,,,,,,0.0100,0.0000,0.0000,0.0000,0.0000,0.0100,0.0100,0.0100,0.0100,0.00,2895.00
KXHIGHLAX-25JUL02-B72.5,1751495280,2025-07-02T22:28:00+00:00,1,,,,,,0.0100,0.0000,0.0000,0.0000,0.0000,0.0100,0.0100,0.0100,0.0100,0.00,2895.00
KXHIGHLAX-25JUL02-B72.5,1751495340,2025-07-02T22:29:00+00:00,1,,,,,,0.0100,0.0000,0.0000,0.0000,0.0000,0.0100,0.0100,0.0100,0.0100,0.00,2895.00
KXHIGHLAX-25JUL02-B72.5,1751495520,2025-07-02T22:32:00+00:00,1,,,,,,0.0100,0.0000,0.0000,0.0000,0.0000,0.0100,0.0100,0.0100,0.0100,0.00,2895.00
KXHIGHLAX-25JUL02-B72.5,1751495700,2025-07-02T22:35:00+00:00,1,,,,,,0.0100,0.0000,0.0000,0.0000,0.0000,0.0100,0.0100,0.0100,0.0100,0.00,2895.00
KXHIGHLAX-25JUL02-B72.5,1751496660,2025-07-02T22:51:00+00:00,1,,,,,,0.0100,0.0000,0.0000,0.0000,0.0000,0.0100,0.0100,0.0100,0.0100,0.00,2895.00
KXHIGHLAX-25JUL02-B72.5,1751498040,2025-07-02T23:14:00+00:00,1,,,,,,0.0100,0.0000,0.0000,0.0000,0.0000,0.0100,0.0100,0.0100,0.0100,0.00,2895.00
KXHIGHLAX-25JUL02-B72.5,1751498400,2025-07-02T23:20:00+00:00,1,,,,,,0.0100,0.0000,0.0000,0.0000,0.0000,0.0100,0.0100,0.0100,0.0100,0.00,2895.00
KXHIGHLAX-25JUL02-B72.5,1751499420,2025-07-02T23:37:00+00:00,1,,,,,,0.0100,0.0000,0.0000,0.0000,0.0000,0.0100,0.0100,0.0100,0.0100,0.00,2895.00
KXHIGHLAX-25JUL02-B74.5,1751414520,2025-07-02T00:02:00+00:00,1,,,,,,0.0600,0.0000,0.0000,0.0000,0.0000,0.0400,0.1200,0.0400,0.1200,0.00,179.00
KXHIGHLAX-25JUL02-B74.5,1751414580,2025-07-02T00:03:00+00:00,1,,,,,,0.0600,0.0000,0.0000,0.0000,0.0000,0.1200,0.1200,0.0400,0.0400,0.00,179.00
KXHIGHLAX-25JUL02-B74.5,1751414700,2025-07-02T00:05:00+00:00,1,,,,,,0.0600,0.0000,0.0000,0.0000,0.0000,0.0400,0.0400,0.0400,0.0400,0.00,179.00
KXHIGHLAX-25JUL02-B74.5,1751415660,2025-07-02T00:21:00+00:00,1,,,,,,0.0600,0.0000,0.0000,0.0000,0.0000,0.0400,0.0400,0.0400,0.0400,0.00,179.00
KXHIGHLAX-25JUL02-B74.5,1751416260,2025-07-02T00:31:00+00:00,1,,,,,,0.0600,0.0000,0.0000,0.0000,0.0000,0.0400,0.0400,0.0400,0.0400,0.00,179.00
KXHIGHLAX-25JUL02-B74.5,1751416320,2025-07-02T00:32:00+00:00,1,,,,,,0.0600,0.0000,0.0000,0.0000,0.0000,0.0400,0.1200,0.0400,0.0400,0.00,179.00
KXHIGHLAX-25JUL02-B74.5,1751416560,2025-07-02T00:36:00+00:00,1,,,,,,0.0600,0.0000,0.0000,0.0000,0.0000,0.0400,0.1200,0.0400,0.0400,0.00,179.00
KXHIGHLAX-25JUL02-B74.5,1751416620,2025-07-02T00:37:00+00:00,1,,,,,,0.0600,0.0000,0.0000,0.0000,0.0000,0.0400,0.0400,0.0400,0.0400,0.00,179.00
KXHIGHLAX-25JUL02-B74.5,1751416980,2025-07-02T00:43:00+00:00,1,,,,,,0.0600,0.0000,0.0000,0.0000,0.0000,0.0400,0.0600,0.0400,0.0400,0.00,179.00
KXHIGHLAX-25JUL02-B74.5,1751417220,2025-07-02T00:47:00+00:00,1,,,,,,0.0600,0.0000,0.0000,0.0000,0.0000,0.0400,0.0400,0.0400,0.0400,0.00,179.00
KXHIGHLAX-25JUL02-B74.5,1751417340,2025-07-02T00:49:00+00:00,1,,,,,,0.0600,0.0000,0.0000,0.0000,0.0000,0.0400,0.0400,0.0400,0.0400,0.00,179.00
KXHIGHLAX-25JUL02-B74.5,1751417520,2025-07-02T00:52:00+00:00,1,,,,,,0.0600,0.0000,0.0000,0.0000,0.0000,0.0400,0.0600,0.0400,0.0400,0.00,179.00
KXHIGHLAX-25JUL02-B74.5,1751417760,2025-07-02T00:56:00+00:00,1,,,,,,0.0600,0.0000,0.0000,0.0000,0.0000,0.0400,0.0400,0.0400,0.0400,0.00,179.00
KXHIGHLAX-25JUL02-B74.5,1751417880,2025-07-02T00:58:00+00:00,1,,,,,,0.0600,0.0000,0.0000,0.0000,0.0000,0.0400,0.0600,0.0400,0.0400,0.00,179.00
KXHIGHLAX-25JUL02-B74.5,1751417940,2025-07-02T00:59:00+00:00,1,,,,,,0.0600,0.0000,0.0000,0.0000,0.0000,0.0400,0.0400,0.0400,0.0400,0.00,179.00
KXHIGHLAX-25JUL02-B74.5,1751418060,2025-07-02T01:01:00+00:00,1,,,,,,0.0600,0.0000,0.0000,0.0000,0.0000,0.0400,0.0600,0.0400,0.0400,0.00,179.00
KXHIGHLAX-25JUL02-B74.5,1751418120,2025-07-02T01:02:00+00:00,1,,,,,,0.0600,0.0000,0.0000,0.0000,0.0000,0.0400,0.0400,0.0400,0.0400,0.00,179.00
KXHIGHLAX-25JUL02-B74.5,1751418240,2025-07-02T01:04:00+00:00,1,,,,,,0.0600,0.0000,0.0000,0.0000,0.0000,0.0400,0.0600,0.0400,0.0400,0.00,179.00
KXHIGHLAX-25JUL02-B74.5,1751419020,2025-07-02T01:17:00+00:00,1,,,,,,0.0600,0.0000,0.0000,0.0000,0.0000,0.0400,0.0400,0.0400,0.0400,0.00,179.00
KXHIGHLAX-25JUL02-B74.5,1751419140,2025-07-02T01:19:00+00:00,1,,,,,,0.0600,0.0000,0.0000,0.0000,0.0000,0.0400,0.0600,0.0400,0.0400,0.00,179.00
KXHIGHLAX-25JUL02-B74.5,1751419260,2025-07-02T01:21:00+00:00,1,,,,,,0.0600,0.0000,0.0000,0.0000,0.0000,0.0400,0.0400,0.0400,0.0400,0.00,179.00
KXHIGHLAX-25JUL02-B74.5,1751419320,2025-07-02T01:22:00+00:00,1,,,,,,0.0600,0.0000,0.0000,0.0000,0.0000,0.0400,0.0600,0.0400,0.0400,0.00,179.00
KXHIGHLAX-25JUL02-B74.5,1751419560,2025-07-02T01:26:00+00:00,1,,,,,,0.0600,0.0000,0.0000,0.0000,0.0000,0.0400,0.0400,0.0400,0.0400,0.00,179.00
KXHIGHLAX-25JUL02-B74.5,1751419860,2025-07-02T01:31:00+00:00,1,,,,,,0.0600,0.0000,0.0000,0.0000,0.0000,0.0400,0.0600,0.0400,0.0400,0.00,179.00
KXHIGHLAX-25JUL02-B74.5,1751423160,2025-07-02T02:26:00+00:00,1,,,,,,0.0600,0.0000,0.0000,0.0000,0.0000,0.0400,0.0600,0.0400,0.0400,0.00,179.00
KXHIGHLAX-25JUL02-B74.5,1751423280,2025-07-02T02:28:00+00:00,1,,,,,,0.0600,0.0000,0.0000,0.0000,0.0000,0.0400,0.0400,0.0400,0.0400,0.00,179.00
KXHIGHLAX-25JUL02-B74.5,1751423460,2025-07-02T02:31:00+00:00,1,,,,,,0.0600,0.0000,0.0000,0.0000,0.0000,0.0400,0.0600,0.0400,0.0400,0.00,179.00
KXHIGHLAX-25JUL02-B74.5,1751425020,2025-07-02T02:57:00+00:00,1,,,,,,0.0600,0.0000,0.0000,0.0000,0.0000,0.0400,0.1000,0.0400,0.0400,0.00,179.00
KXHIGHLAX-25JUL02-B74.5,1751425500,2025-07-02T03:05:00+00:00,1,,,,,,0.0600,0.0000,0.0000,0.0000,0.0000,0.0400,0.1000,0.0400,0.0400,0.00,179.00
KXHIGHLAX-25JUL02-B74.5,1751425860,2025-07-02T03:11:00+00:00,1,,,,,,0.0600,0.0000,0.0000,0.0000,0.0000,0.0400,0.1000,0.0400,0.0400,0.00,179.00
KXHIGHLAX-25JUL02-B74.5,1751426160,2025-07-02T03:16:00+00:00,1,,,,,,0.0600,0.0000,0.0000,0.0000,0.0000,0.0400,0.0400,0.0400,0.0400,0.00,179.00
KXHIGHLAX-25JUL02-B74.5,1751426340,2025-07-02T03:19:00+00:00,1,,,,,,0.0600,0.0000,0.0000,0.0000,0.0000,0.0400,0.0600,0.0400,0.0400,0.00,179.00
KXHIGHLAX-25JUL02-B74.5,1751426580,2025-07-02T03:23:00+00:00,1,,,,,,0.0600,0.0000,0.0000,0.0000,0.0000,0.0400,0.1000,0.0400,0.0400,0.00,179.00
KXHIGHLAX-25JUL02-B74.5,1751426760,2025-07-02T03:26:00+00:00,1,,,,,,0.0600,0.0000,0.0000,0.0000,0.0000,0.0400,0.0400,0.0400,0.0400,0.00,179.00
KXHIGHLAX-25JUL02-B74.5,1751427480,2025-07-02T03:38:00+00:00,1,,,,,,0.0600,0.0000,0.0000,0.0000,0.0000,0.0400,0.1000,0.0400,0.0400,0.00,179.00
KXHIGHLAX-25JUL02-B74.5,1751428740,2025-07-02T03:59:00+00:00,1,,,,,,0.0600,0.0000,0.0000,0.0000,0.0000,0.0400,0.0400,0.0400,0.0400,0.00,179.00
KXHIGHLAX-25JUL02-B74.5,1751429220,2025-07-02T04:07:00+00:00,1,,,,,,0.0600,0.0000,0.0000,0.0000,0.0000,0.0400,0.0600,0.0400,0.0400,0.00,179.00
KXHIGHLAX-25JUL02-B74.5,1751429340,2025-07-02T04:09:00+00:00,1,,,,,,0.0600,0.0000,0.0000,0.0000,0.0000,0.0400,0.0400,0.0400,0.0400,0.00,179.00
KXHIGHLAX-25JUL02-B74.5,1751430000,2025-07-02T04:20:00+00:00,1,,,,,,0.0600,0.0000,0.0000,0.0000,0.0000,0.0400,0.0400,0.0400,0.0400,0.00,179.00
KXHIGHLAX-25JUL02-B74.5,1751430360,2025-07-02T04:26:00+00:00,1,,,,,,0.0600,0.0000,0.0000,0.0000,0.0000,0.0400,0.0400,0.0400,0.0400,0.00,179.00
KXHIGHLAX-25JUL02-B74.5,1751430420,2025-07-02T04:27:00+00:00,1,,,,,,0.0600,0.0000,0.0000,0.0000,0.0000,0.0400,0.1000,0.0400,0.0400,0.00,179.00
KXHIGHLAX-25JUL02-B74.5,1751430480,2025-07-02T04:28:00+00:00,1,,,,,,0.0600,0.0000,0.0000,0.0000,0.0000,0.0400,0.0600,0.0400,0.0400,0.00,179.00
KXHIGHLAX-25JUL02-B74.5,1751430660,2025-07-02T04:31:00+00:00,1,,,,,,0.0600,0.0000,0.0000,0.0000,0.0000,0.0400,0.0400,0.0400,0.0400,0.00,179.00
KXHIGHLAX-25JUL02-B74.5,1751431020,2025-07-02T04:37:00+00:00,1,,,,,,0.0600,0.0000,0.0000,0.0000,0.0000,0.0400,0.0400,0.0300,0.0300,0.00,179.00
KXHIGHLAX-25JUL02-B74.5,1751431080,2025-07-02T04:38:00+00:00,1,,,,,,0.0600,0.0000,0.0000,0.0000,0.0000,0.0300,0.0400,0.0300,0.0300,0.00,179.00
KXHIGHLAX-25JUL02-B74.5,1751431140,2025-07-02T04:39:00+00:00,1,,,,,,0.0600,0.0000,0.0000,0.0000,0.0000,0.0300,0.0400,0.0300,0.0300,0.00,179.00
KXHIGHLAX-25JUL02-B74.5,1751431200,2025-07-02T04:40:00+00:00,1,,,,,,0.0600,0.0000,0.0000,0.0000,0.0000,0.0300,0.0400,0.0300,0.0300,0.00,179.00
KXHIGHLAX-25JUL02-B74.5,1751431260,2025-07-02T04:41:00+00:00,1,,,,,,0.0600,0.0000,0.0000,0.0000,0.0000,0.0300,0.0400,0.0300,0.0300,0.00,179.00
KXHIGHLAX-25JUL02-B74.5,1751431320,2025-07-02T04:42:00+00:00,1,,,,,,0.0600,0.0000,0.0000,0.0000,0.0000,0.0300,0.0400,0.0300,0.0300,0.00,179.00
KXHIGHLAX-25JUL02-B74.5,1751431380,2025-07-02T04:43:00+00:00,1,,,,,,0.0600,0.0000,0.0000,0.0000,0.0000,0.0300,0.0400,0.0300,0.0300,0.00,179.00
KXHIGHLAX-25JUL02-B74.5,1751431440,2025-07-02T04:44:00+00:00,1,,,,,,0.0600,0.0000,0.0000,0.0000,0.0000,0.0300,0.0400,0.0300,0.0300,0.00,179.00
KXHIGHLAX-25JUL02-B74.5,1751431500,2025-07-02T04:45:00+00:00,1,,,,,,0.0600,0.0000,0.0000,0.0000,0.0000,0.0300,0.0400,0.0300,0.0300,0.00,179.00
KXHIGHLAX-25JUL02-B74.5,1751431560,2025-07-02T04:46:00+00:00,1,,,,,,0.0600,0.0000,0.0000,0.0000,0.0000,0.0300,0.0400,0.0300,0.0300,0.00,179.00
KXHIGHLAX-25JUL02-B74.5,1751431620,2025-07-02T04:47:00+00:00,1,,,,,,0.0600,0.0000,0.0000,0.0000,0.0000,0.0300,0.0400,0.0300,0.0300,0.00,179.00
KXHIGHLAX-25JUL02-B74.5,1751431680,2025-07-02T04:48:00+00:00,1,,,,,,0.0600,0.0000,0.0000,0.0000,0.0000,0.0300,0.0400,0.0300,0.0300,0.00,179.00
KXHIGHLAX-25JUL02-B74.5,1751431740,2025-07-02T04:49:00+00:00,1,,,,,,0.0600,0.0000,0.0000,0.0000,0.0000,0.0300,0.0400,0.0300,0.0300,0.00,179.00
KXHIGHLAX-25JUL02-B74.5,1751431800,2025-07-02T04:50:00+00:00,1,,,,,,0.0600,0.0000,0.0000,0.0000,0.0000,0.0300,0.0400,0.0300,0.0300,0.00,179.00
KXHIGHLAX-25JUL02-B74.5,1751431860,2025-07-02T04:51:00+00:00,1,,,,,,0.0600,0.0000,0.0000,0.0000,0.0000,0.0300,0.0400,0.0300,0.0300,0.00,179.00
KXHIGHLAX-25JUL02-B74.5,1751431920,2025-07-02T04:52:00+00:00,1,,,,,,0.0600,0.0000,0.0000,0.0000,0.0000,0.0300,0.0400,0.0300,0.0300,0.00,179.00
KXHIGHLAX-25JUL02-B74.5,1751431980,2025-07-02T04:53:00+00:00,1,,,,,,0.0600,0.0000,0.0000,0.0000,0.0000,0.0300,0.0400,0.0300,0.0300,0.00,179.00
KXHIGHLAX-25JUL02-B74.5,1751432040,2025-07-02T04:54:00+00:00,1,,,,,,0.0600,0.0000,0.0000,0.0000,0.0000,0.0300,0.0400,0.0300,0.0300,0.00,179.00
KXHIGHLAX-25JUL02-B74.5,1751432100,2025-07-02T04:55:00+00:00,1,,,,,,0.0600,0.0000,0.0000,0.0000,0.0000,0.0300,0.0400,0.0300,0.0300,0.00,179.00
KXHIGHLAX-25JUL02-B74.5,1751432160,2025-07-02T04:56:00+00:00,1,,,,,,0.0600,0.0000,0.0000,0.0000,0.0000,0.0300,0.0400,0.0300,0.0300,0.00,179.00
KXHIGHLAX-25JUL02-B74.5,1751432220,2025-07-02T04:57:00+00:00,1,,,,,,0.0600,0.0000,0.0000,0.0000,0.0000,0.0300,0.0400,0.0300,0.0300,0.00,179.00
KXHIGHLAX-25JUL02-B74.5,1751432280,2025-07-02T04:58:00+00:00,1,,,,,,0.0600,0.0000,0.0000,0.0000,0.0000,0.0300,0.0400,0.0300,0.0300,0.00,179.00
KXHIGHLAX-25JUL02-B74.5,1751432340,2025-07-02T04:59:00+00:00,1,,,,,,0.0600,0.0000,0.0000,0.0000,0.0000,0.0300,0.0400,0.0300,0.0300,0.00,179.00
KXHIGHLAX-25JUL02-B74.5,1751432400,2025-07-02T05:00:00+00:00,1,,,,,,0.0600,0.0000,0.0000,0.0000,0.0000,0.0300,0.0400,0.0300,0.0300,0.00,179.00
KXHIGHLAX-25JUL02-B74.5,1751432460,2025-07-02T05:01:00+00:00,1,,,,,,0.0600,0.0000,0.0000,0.0000,0.0000,0.0300,0.0400,0.0300,0.0300,0.00,179.00
KXHIGHLAX-25JUL02-B74.5,1751432520,2025-07-02T05:02:00+00:00,1,,,,,,0.0600,0.0000,0.0000,0.0000,0.0000,0.0300,0.0400,0.0300,0.0300,0.00,179.00
KXHIGHLAX-25JUL02-B74.5,1751432580,2025-07-02T05:03:00+00:00,1,,,,,,0.0600,0.0000,0.0000,0.0000,0.0000,0.0300,0.0400,0.0300,0.0300,0.00,179.00
KXHIGHLAX-25JUL02-B74.5,1751432640,2025-07-02T05:04:00+00:00,1,,,,,,0.0600,0.0000,0.0000,0.0000,0.0000,0.0300,0.0400,0.0300,0.0300,0.00,179.00
KXHIGHLAX-25JUL02-B74.5,1751432700,2025-07-02T05:05:00+00:00,1,,,,,,0.0600,0.0000,0.0000,0.0000,0.0000,0.0300,0.0400,0.0300,0.0400,0.00,179.00
KXHIGHLAX-25JUL02-B74.5,1751432760,2025-07-02T05:06:00+00:00,1,,,,,,0.0600,0.0000,0.0000,0.0000,0.0000,0.0400,0.0400,0.0300,0.0300,0.00,179.00
KXHIGHLAX-25JUL02-B74.5,1751432820,2025-07-02T05:07:00+00:00,1,,,,,,0.0600,0.0000,0.0000,0.0000,0.0000,0.0300,0.0400,0.0300,0.0300,0.00,179.00
KXHIGHLAX-25JUL02-B74.5,1751432880,2025-07-02T05:08:00+00:00,1,,,,,,0.0600,0.0000,0.0000,0.0000,0.0000,0.0300,0.0400,0.0300,0.0300,0.00,179.00
KXHIGHLAX-25JUL02-B74.5,1751432940,2025-07-02T05:09:00+00:00,1,,,,,,0.0600,0.0000,0.0000,0.0000,0.0000,0.0300,0.0400,0.0300,0.0300,0.00,179.00
KXHIGHLAX-25JUL02-B74.5,1751433000,2025-07-02T05:10:00+00:00,1,,,,,,0.0600,0.0000,0.0000,0.0000,0.0000,0.0300,0.0400,0.0300,0.0300,0.00,179.00
KXHIGHLAX-25JUL02-B74.5,1751433060,2025-07-02T05:11:00+00:00,1,,,,,,0.0600,0.0000,0.0000,0.0000,0.0000,0.0300,0.0400,0.0300,0.0300,0.00,179.00
KXHIGHLAX-25JUL02-B74.5,1751433120,2025-07-02T05:12:00+00:00,1,0.0300,0.0300,0.0300,0.0300,0.0300,0.0600,0.0000,0.0000,0.0000,0.0000,0.0300,0.0400,0.0300,0.0400,191.00,370.00
KXHIGHLAX-25JUL02-B74.5,1751433180,2025-07-02T05:13:00+00:00,1,,,,,,0.0300,0.0000,0.0000,0.0000,0.0000,0.0400,0.0400,0.0400,0.0400,0.00,370.00
KXHIGHLAX-25JUL02-B74.5,1751433240,2025-07-02T05:14:00+00:00,1,,,,,,0.0300,0.0000,0.0000,0.0000,0.0000,0.0400,0.0400,0.0400,0.0400,0.00,370.00
KXHIGHLAX-25JUL02-B74.5,1751433300,2025-07-02T05:15:00+00:00,1,,,,,,0.0300,0.0000,0.0000,0.0000,0.0000,0.0400,0.0400,0.0400,0.0400,0.00,370.00
KXHIGHLAX-25JUL02-B74.5,1751433360,2025-07-02T05:16:00+00:00,1,,,,,,0.0300,0.0000,0.0000,0.0000,0.0000,0.0400,0.0400,0.0400,0.0400,0.00,370.00
KXHIGHLAX-25JUL02-B74.5,1751433420,2025-07-02T05:17:00+00:00,1,,,,,,0.0300,0.0000,0.0000,0.0000,0.0000,0.0400,0.0400,0.0400,0.0400,0.00,370.00
KXHIGHLAX-25JUL02-B74.5,1751433480,2025-07-02T05:18:00+00:00,1,,,,,,0.0300,0.0000,0.0000,0.0000,0.0000,0.0400,0.0400,0.0400,0.0400,0.00,370.00
KXHIGHLAX-25JUL02-B74.5,1751433540,2025-07-02T05:19:00+00:00,1,,,,,,0.0300,0.0000,0.0000,0.0000,0.0000,0.0400,0.0400,0.0400,0.0400,0.00,370.00
KXHIGHLAX-25JUL02-B74.5,1751433600,2025-07-02T05:20:00+00:00,1,,,,,,0.0300,0.0000,0.0000,0.0000,0.0000,0.0400,0.0400,0.0400,0.0400,0.00,370.00
KXHIGHLAX-25JUL02-B74.5,1751433660,2025-07-02T05:21:00+00:00,1,,,,,,0.0300,0.0000,0.0000,0.0000,0.0000,0.0400,0.0400,0.0400,0.0400,0.00,370.00
KXHIGHLAX-25JUL02-B74.5,1751433720,2025-07-02T05:22:00+00:00,1,,,,,,0.0300,0.0000,0.0000,0.0000,0.0000,0.0400,0.0400,0.0400,0.0400,0.00,370.00
KXHIGHLAX-25JUL02-B74.5,1751433780,2025-07-02T05:23:00+00:00,1,,,,,,0.0300,0.0000,0.0000,0.0000,0.0000,0.0400,0.0400,0.0400,0.0400,0.00,370.00
KXHIGHLAX-25JUL02-B74.5,1751433840,2025-07-02T05:24:00+00:00,1,,,,,,0.0300,0.0000,0.0000,0.0000,0.0000,0.0400,0.0400,0.0400,0.0400,0.00,370.00
KXHIGHLAX-25JUL02-B74.5,1751433900,2025-07-02T05:25:00+00:00,1,,,,,,0.0300,0.0000,0.0000,0.0000,0.0000,0.0400,0.0400,0.0400,0.0400,0.00,370.00
KXHIGHLAX-25JUL02-B74.5,1751433960,2025-07-02T05:26:00+00:00,1,,,,,,0.0300,0.0000,0.0000,0.0000,0.0000,0.0400,0.0400,0.0300,0.0300,0.00,370.00
KXHIGHLAX-25JUL02-B74.5,1751434020,2025-07-02T05:27:00+00:00,1,0.0300,0.0600,0.0300,0.0600,0.0528,0.0300,0.0000,0.0000,0.0000,0.0000,0.0300,0.1000,0.0300,0.0600,177.00,547.00
KXHIGHLAX-25JUL02-B74.5,1751434080,2025-07-02T05:28:00+00:00,1,,,,,,0.0600,0.0000,0.0000,0.0000,0.0000,0.0600,0.0600,0.0400,0.0400,0.00,547.00
KXHIGHLAX-25JUL02-B74.5,1751434140,2025-07-02T05:29:00+00:00,1,,,,,,0.0600,0.0000,0.0000,0.0000,0.0000,0.0400,0.0400,0.0400,0.0400,0.00,547.00
KXHIGHLAX-25JUL02-B74.5,1751434200,2025-07-02T05:30:00+00:00,1,,,,,,0.0600,0.0000,0.0000,0.0000,0.0000,0.0400,0.0400,0.0400,0.0400,0.00,547.00
KXHIGHLAX-25JUL02-B74.5,1751434260,2025-07-02T05:31:00+00:00,1,,,,,,0.0600,0.0000,0.0000,0.0000,0.0000,0.0400,0.0400,0.0400,0.0400,0.00,547.00
KXHIGHLAX-25JUL02-B74.5,1751434320,2025-07-02T05:32:00+00:00,1,,,,,,0.0600,0.0000,0.0000,0.0000,0.0000,0.0400,0.0400,0.0400,0.0400,0.00,547.00
KXHIGHLAX-25JUL02-B74.5,1751434380,2025-07-02T05:33:00+00:00,1,,,,,,0.0600,0.0000,0.0000,0.0000,0.0000,0.0400,0.0400,0.0400,0.0400,0.00,547.00
KXHIGHLAX-25JUL02-B74.5,1751434440,2025-07-02T05:34:00+00:00,1,,,,,,0.0600,0.0000,0.0000,0.0000,0.0000,0.0400,0.0400,0.0400,0.0400,0.00,547.00
KXHIGHLAX-25JUL02-B74.5,1751434500,2025-07-02T05:35:00+00:00,1,,,,,,0.0600,0.0000,0.0000,0.0000,0.0000,0.0400,0.0400,0.0400,0.0400,0.00,547.00
KXHIGHLAX-25JUL02-B74.5,1751434560,2025-07-02T05:36:00+00:00,1,,,,,,0.0600,0.0000,0.0000,0.0000,0.0000,0.0400,0.0400,0.0400,0.0400,0.00,547.00
KXHIGHLAX-25JUL02-B74.5,1751434620,2025-07-02T05:37:00+00:00,1,,,,,,0.0600,0.0000,0.0000,0.0000,0.0000,0.0400,0.0400,0.0400,0.0400,0.00,547.00
KXHIGHLAX-25JUL02-B74.5,1751434680,2025-07-02T05:38:00+00:00,1,,,,,,0.0600,0.0000,0.0000,0.0000,0.0000,0.0400,0.0400,0.0400,0.0400,0.00,547.00
KXHIGHLAX-25JUL02-B74.5,1751434740,2025-07-02T05:39:00+00:00,1,,,,,,0.0600,0.0000,0.0000,0.0000,0.0000,0.0400,0.0400,0.0400,0.0400,0.00,547.00
KXHIGHLAX-25JUL02-B74.5,1751434800,2025-07-02T05:40:00+00:00,1,,,,,,0.0600,0.0000,0.0000,0.0000,0.0000,0.0400,0.0400,0.0400,0.0400,0.00,547.00
KXHIGHLAX-25JUL02-B74.5,1751434860,2025-07-02T05:41:00+00:00,1,,,,,,0.0600,0.0000,0.0000,0.0000,0.0000,0.0400,0.0400,0.0400,0.0400,0.00,547.00
KXHIGHLAX-25JUL02-B74.5,1751434920,2025-07-02T05:42:00+00:00,1,,,,,,0.0600,0.0000,0.0000,0.0000,0.0000,0.0400,0.0400,0.0400,0.0400,0.00,547.00
KXHIGHLAX-25JUL02-B74.5,1751434980,2025-07-02T05:43:00+00:00,1,,,,,,0.0600,0.0000,0.0000,0.0000,0.0000,0.0400,0.0400,0.0400,0.0400,0.00,547.00
KXHIGHLAX-25JUL02-B74.5,1751435040,2025-07-02T05:44:00+00:00,1,,,,,,0.0600,0.0000,0.0000,0.0000,0.0000,0.0400,0.0400,0.0400,0.0400,0.00,547.00
KXHIGHLAX-25JUL02-B74.5,1751435100,2025-07-02T05:45:00+00:00,1,,,,,,0.0600,0.0000,0.0000,0.0000,0.0000,0.0400,0.0400,0.0400,0.0400,0.00,547.00
KXHIGHLAX-25JUL02-B74.5,1751435160,2025-07-02T05:46:00+00:00,1,,,,,,0.0600,0.0000,0.0000,0.0000,0.0000,0.0400,0.0400,0.0400,0.0400,0.00,547.00
KXHIGHLAX-25JUL02-B74.5,1751435220,2025-07-02T05:47:00+00:00,1,,,,,,0.0600,0.0000,0.0000,0.0000,0.0000,0.0400,0.0400,0.0400,0.0400,0.00,547.00
KXHIGHLAX-25JUL02-B74.5,1751435280,2025-07-02T05:48:00+00:00,1,,,,,,0.0600,0.0000,0.0000,0.0000,0.0000,0.0400,0.0400,0.0400,0.0400,0.00,547.00
KXHIGHLAX-25JUL02-B74.5,1751435340,2025-07-02T05:49:00+00:00,1,,,,,,0.0600,0.0000,0.0000,0.0000,0.0000,0.0400,0.0400,0.0400,0.0400,0.00,547.00
KXHIGHLAX-25JUL02-B74.5,1751435400,2025-07-02T05:50:00+00:00,1,,,,,,0.0600,0.0000,0.0000,0.0000,0.0000,0.0400,0.0400,0.0400,0.0400,0.00,547.00
KXHIGHLAX-25JUL02-B74.5,1751435460,2025-07-02T05:51:00+00:00,1,,,,,,0.0600,0.0000,0.0000,0.0000,0.0000,0.0400,0.0400,0.0400,0.0400,0.00,547.00
KXHIGHLAX-25JUL02-B74.5,1751435520,2025-07-02T05:52:00+00:00,1,,,,,,0.0600,0.0000,0.0000,0.0000,0.0000,0.0400,0.0400,0.0400,0.0400,0.00,547.00
KXHIGHLAX-25JUL02-B74.5,1751435580,2025-07-02T05:53:00+00:00,1,,,,,,0.0600,0.0000,0.0000,0.0000,0.0000,0.0400,0.0400,0.0400,0.0400,0.00,547.00
KXHIGHLAX-25JUL02-B74.5,1751435640,2025-07-02T05:54:00+00:00,1,,,,,,0.0600,0.0000,0.0000,0.0000,0.0000,0.0400,0.0400,0.0400,0.0400,0.00,547.00
KXHIGHLAX-25JUL02-B74.5,1751435700,2025-07-02T05:55:00+00:00,1,,,,,,0.0600,0.0000,0.0000,0.0000,0.0000,0.0400,0.0400,0.0400,0.0400,0.00,547.00
KXHIGHLAX-25JUL02-B74.5,1751435760,2025-07-02T05:56:00+00:00,1,,,,,,0.0600,0.0000,0.0000,0.0000,0.0000,0.0400,0.0400,0.0400,0.0400,0.00,547.00
KXHIGHLAX-25JUL02-B74.5,1751435820,2025-07-02T05:57:00+00:00,1,,,,,,0.0600,0.0000,0.0000,0.0000,0.0000,0.0400,0.0400,0.0400,0.0400,0.00,547.00
KXHIGHLAX-25JUL02-B74.5,1751435880,2025-07-02T05:58:00+00:00,1,,,,,,0.0600,0.0000,0.0000,0.0000,0.0000,0.0400,0.0400,0.0400,0.0400,0.00,547.00
KXHIGHLAX-25JUL02-B74.5,1751435940,2025-07-02T05:59:00+00:00,1,,,,,,0.0600,0.0000,0.0000,0.0000,0.0000,0.0400,0.0400,0.0400,0.0400,0.00,547.00
KXHIGHLAX-25JUL02-B74.5,1751436000,2025-07-02T06:00:00+00:00,1,,,,,,0.0600,0.0000,0.0000,0.0000,0.0000,0.0400,0.0400,0.0400,0.0400,0.00,547.00
KXHIGHLAX-25JUL02-B74.5,1751436060,2025-07-02T06:01:00+00:00,1,,,,,,0.0600,0.0000,0.0000,0.0000,0.0000,0.0400,0.0400,0.0400,0.0400,0.00,547.00
KXHIGHLAX-25JUL02-B74.5,1751436120,2025-07-02T06:02:00+00:00,1,,,,,,0.0600,0.0000,0.0000,0.0000,0.0000,0.0400,0.0400,0.0400,0.0400,0.00,547.00
KXHIGHLAX-25JUL02-B74.5,1751436180,2025-07-02T06:03:00+00:00,1,,,,,,0.0600,0.0000,0.0000,0.0000,0.0000,0.0400,0.0400,0.0400,0.0400,0.00,547.00
KXHIGHLAX-25JUL02-B74.5,1751436240,2025-07-02T06:04:00+00:00,1,,,,,,0.0600,0.0000,0.0000,0.0000,0.0000,0.0400,0.0400,0.0400,0.0400,0.00,547.00
KXHIGHLAX-25JUL02-B74.5,1751436300,2025-07-02T06:05:00+00:00,1,,,,,,0.0600,0.0000,0.0000,0.0000,0.0000,0.0400,0.0400,0.0400,0.0400,0.00,547.00
KXHIGHLAX-25JUL02-B74.5,1751436360,2025-07-02T06:06:00+00:00,1,,,,,,0.0600,0.0000,0.0000,0.0000,0.0000,0.0400,0.0400,0.0400,0.0400,0.00,547.00
KXHIGHLAX-25JUL02-B74.5,1751436420,2025-07-02T06:07:00+00:00,1,,,,,,0.0600,0.0000,0.0000,0.0000,0.0000,0.0400,0.0400,0.0400,0.0400,0.00,547.00
KXHIGHLAX-25JUL02-B74.5,1751436480,2025-07-02T06:08:00+00:00,1,,,,,,0.0600,0.0000,0.0000,0.0000,0.0000,0.0400,0.0400,0.0400,0.0400,0.00,547.00
KXHIGHLAX-25JUL02-B74.5,1751436540,2025-07-02T06:09:00+00:00,1,,,,,,0.0600,0.0000,0.0000,0.0000,0.0000,0.0400,0.0400,0.0400,0.0400,0.00,547.00
KXHIGHLAX-25JUL02-B74.5,1751436600,2025-07-02T06:10:00+00:00,1,0.0400,0.0600,0.0400,0.0600,0.0581,0.0600,0.0000,0.0000,0.0000,0.0000,0.0400,0.1000,0.0400,0.0400,145.00,692.00
KXHIGHLAX-25JUL02-B74.5,1751436660,2025-07-02T06:11:00+00:00,1,,,,,,0.0600,0.0000,0.0000,0.0000,0.0000,0.0400,0.0400,0.0400,0.0400,0.00,692.00
KXHIGHLAX-25JUL02-B74.5,1751436780,2025-07-02T06:13:00+00:00,1,,,,,,0.0600,0.0000,0.0000,0.0000,0.0000,0.0400,0.0600,0.0400,0.0400,0.00,692.00
KXHIGHLAX-25JUL02-B74.5,1751437140,2025-07-02T06:19:00+00:00,1,,,,,,0.0600,0.0000,0.0000,0.0000,0.0000,0.0400,0.0600,0.0400,0.0400,0.00,692.00
KXHIGHLAX-25JUL02-B74.5,1751437800,2025-07-02T06:30:00+00:00,1,,,,,,0.0600,0.0000,0.0000,0.0000,0.0000,0.0400,0.0400,0.0400,0.0400,0.00,692.00
KXHIGHLAX-25JUL02-B74.5,1751437860,2025-07-02T06:31:00+00:00,1,,,,,,0.0600,0.0000,0.0000,0.0000,0.0000,0.0400,0.0600,0.0400,0.0400,0.00,692.00
KXHIGHLAX-25JUL02-B74.5,1751438160,2025-07-02T06:36:00+00:00,1,,,,,,0.0600,0.0000,0.0000,0.0000,0.0000,0.0400,0.0400,0.0400,0.0400,0.00,692.00
KXHIGHLAX-25JUL02-B74.5,1751438520,2025-07-02T06:42:00+00:00,1,,,,,,0.0600,0.0000,0.0000,0.0000,0.0000,0.0400,0.0400,0.0400,0.0400,0.00,692.00
KXHIGHLAX-25JUL02-B74.5,1751438760,2025-07-02T06:46:00+00:00,1,,,,,,0.0600,0.0000,0.0000,0.0000,0.0000,0.0400,0.0400,0.0400,0.0400,0.00,692.00
KXHIGHLAX-25JUL02-B74.5,1751439000,2025-07-02T06:50:00+00:00,1,,,,,,0.0600,0.0000,0.0000,0.0000,0.0000,0.0400,0.0400,0.0400,0.0400,0.00,692.00
KXHIGHLAX-25JUL02-B74.5,1751439480,2025-07-02T06:58:00+00:00,1,,,,,,0.0600,0.0000,0.0000,0.0000,0.0000,0.0400,0.0500,0.0400,0.0500,0.00,692.00
KXHIGHLAX-25JUL02-B74.5,1751439660,2025-07-02T07:01:00+00:00,1,,,,,,0.0600,0.0000,0.0000,0.0000,0.0000,0.0500,0.0500,0.0500,0.0500,0.00,692.00
KXHIGHLAX-25JUL02-B74.5,1751440260,2025-07-02T07:11:00+00:00,1,,,,,,0.0600,0.0000,0.0000,0.0000,0.0000,0.0500,0.0500,0.0500,0.0500,0.00,692.00
KXHIGHLAX-25JUL02-B74.5,1751454060,2025-07-02T11:01:00+00:00,1,,,,,,0.0600,0.0000,0.0000,0.0000,0.0000,0.0500,0.0500,0.0500,0.0500,0.00,692.00
KXHIGHLAX-25JUL02-B74.5,1751457660,2025-07-02T12:01:00+00:00,1,,,,,,0.0600,0.0000,0.0100,0.0000,0.0100,0.0500,0.0500,0.0400,0.0400,0.00,692.00
KXHIGHLAX-25JUL02-B74.5,1751457720,2025-07-02T12:02:00+00:00,1,,,,,,0.0600,0.0100,0.0100,0.0100,0.0100,0.0400,0.0400,0.0400,0.0400,0.00,692.00
KXHIGHLAX-25JUL02-B74.5,1751457780,2025-07-02T12:03:00+00:00,1,,,,,,0.0600,0.0100,0.0100,0.0100,0.0100,0.0400,0.0400,0.0400,0.0400,0.00,692.00
KXHIGHLAX-25JUL02-B74.5,1751457840,2025-07-02T12:04:00+00:00,1,,,,,,0.0600,0.0100,0.0100,0.0100,0.0100,0.0400,0.0400,0.0400,0.0400,0.00,692.00
KXHIGHLAX-25JUL02-B74.5,1751457900,2025-07-02T12:05:00+00:00,1,,,,,,0.0600,0.0100,0.0100,0.0100,0.0100,0.0400,0.0400,0.0400,0.0400,0.00,692.00
KXHIGHLAX-25JUL02-B74.5,1751457960,2025-07-02T12:06:00+00:00,1,,,,,,0.0600,0.0100,0.0100,0.0100,0.0100,0.0400,0.0400,0.0400,0.0400,0.00,692.00
KXHIGHLAX-25JUL02-B74.5,1751458020,2025-07-02T12:07:00+00:00,1,,,,,,0.0600,0.0100,0.0100,0.0100,0.0100,0.0400,0.0400,0.0400,0.0400,0.00,692.00
KXHIGHLAX-25JUL02-B74.5,1751458080,2025-07-02T12:08:00+00:00,1,,,,,,0.0600,0.0100,0.0100,0.0100,0.0100,0.0400,0.0500,0.0400,0.0500,0.00,692.00
KXHIGHLAX-25JUL02-B74.5,1751458260,2025-07-02T12:11:00+00:00,1,,,,,,0.0600,0.0100,0.0100,0.0100,0.0100,0.0500,0.0500,0.0400,0.0500,0.00,692.00
KXHIGHLAX-25JUL02-B74.5,1751458320,2025-07-02T12:12:00+00:00,1,,,,,,0.0600,0.0100,0.0100,0.0100,0.0100,0.0500,0.0500,0.0500,0.0500,0.00,692.00
KXHIGHLAX-25JUL02-B74.5,1751458440,2025-07-02T12:14:00+00:00,1,,,,,,0.0600,0.0100,0.0100,0.0100,0.0100,0.0500,0.0500,0.0400,0.0500,0.00,692.00
KXHIGHLAX-25JUL02-B74.5,1751458500,2025-07-02T12:15:00+00:00,1,,,,,,0.0600,0.0100,0.0100,0.0100,0.0100,0.0500,0.0500,0.0500,0.0500,0.00,692.00
KXHIGHLAX-25JUL02-B74.5,1751458560,2025-07-02T12:16:00+00:00,1,,,,,,0.0600,0.0100,0.0200,0.0100,0.0200,0.0500,0.0500,0.0500,0.0500,0.00,692.00
KXHIGHLAX-25JUL02-B74.5,1751458620,2025-07-02T12:17:00+00:00,1,,,,,,0.0600,0.0200,0.0300,0.0200,0.0300,0.0500,0.0500,0.0500,0.0500,0.00,692.00
KXHIGHLAX-25JUL02-B74.5,1751458680,2025-07-02T12:18:00+00:00,1,,,,,,0.0600,0.0300,0.0300,0.0200,0.0300,0.0500,0.0500,0.0500,0.0500,0.00,692.00
KXHIGHLAX-25JUL02-B74.5,1751458740,2025-07-02T12:19:00+00:00,1,,,,,,0.0600,0.0300,0.0300,0.0200,0.0300,0.0500,0.0500,0.0500,0.0500,0.00,692.00
KXHIGHLAX-25JUL02-B74.5,1751458800,2025-07-02T12:20:00+00:00,1,,,,,,0.0600,0.0300,0.0300,0.0200,0.0300,0.0500,0.0500,0.0500,0.0500,0.00,692.00
KXHIGHLAX-25JUL02-B74.5,1751458860,2025-07-02T12:21:00+00:00,1,,,,,,0.0600,0.0300,0.0400,0.0300,0.0400,0.0500,0.0500,0.0500,0.0500,0.00,692.00
KXHIGHLAX-25JUL02-B74.5,1751458920,2025-07-02T12:22:00+00:00,1,,,,,,0.0600,0.0400,0.0400,0.0300,0.0400,0.0500,0.0500,0.0500,0.0500,0.00,692.00
KXHIGHLAX-25JUL02-B74.5,1751458980,2025-07-02T12:23:00+00:00,1,,,,,,0.0600,0.0400,0.0400,0.0200,0.0300,0.0500,0.0500,0.0400,0.0500,0.00,692.00
KXHIGHLAX-25JUL02-B74.5,1751459040,2025-07-02T12:24:00+00:00,1,,,,,,0.0600,0.0300,0.0300,0.0200,0.0300,0.0500,0.0500,0.0500,0.0500,0.00,692.00
KXHIGHLAX-25JUL02-B74.5,1751459100,2025-07-02T12:25:00+00:00,1,,,,,,0.0600,0.0300,0.0400,0.0300,0.0400,0.0500,0.0500,0.0500,0.0500,0.00,692.00
KXHIGHLAX-25JUL02-B74.5,1751459160,2025-07-02T12:26:00+00:00,1,,,,,,0.0600,0.0400,0.0400,0.0300,0.0400,0.0500,0.0500,0.0500,0.0500,0.00,692.00
KXHIGHLAX-25JUL02-B74.5,1751459220,2025-07-02T12:27:00+00:00,1,,,,,,0.0600,0.0400,0.0400,0.0300,0.0400,0.0500,0.0500,0.0500,0.0500,0.00,692.00
KXHIGHLAX-25JUL02-B74.5,1751459280,2025-07-02T12:28:00+00:00,1,,,,,,0.0600,0.0400,0.0400,0.0300,0.0400,0.0500,0.0500,0.0500,0.0500,0.00,692.00
KXHIGHLAX-25JUL02-B74.5,1751459340,2025-07-02T12:29:00+00:00,1,,,,,,0.0600,0.0400,0.0400,0.0300,0.0400,0.0500,0.0500,0.0500,0.0500,0.00,692.00
KXHIGHLAX-25JUL02-B74.5,1751459400,2025-07-02T12:30:00+00:00,1,,,,,,0.0600,0.0400,0.0400,0.0300,0.0400,0.0500,0.0500,0.0500,0.0500,0.00,692.00
KXHIGHLAX-25JUL02-B74.5,1751459460,2025-07-02T12:31:00+00:00,1,,,,,,0.0600,0.0400,0.0400,0.0300,0.0400,0.0500,0.0500,0.0500,0.0500,0.00,692.00
KXHIGHLAX-25JUL02-B74.5,1751459520,2025-07-02T12:32:00+00:00,1,,,,,,0.0600,0.0400,0.0400,0.0400,0.0400,0.0500,0.0500,0.0500,0.0500,0.00,692.00
KXHIGHLAX-25JUL02-B74.5,1751459580,2025-07-02T12:33:00+00:00,1,,,,,,0.0600,0.0400,0.0400,0.0300,0.0400,0.0500,0.0500,0.0500,0.0500,0.00,692.00
KXHIGHLAX-25JUL02-B74.5,1751459640,2025-07-02T12:34:00+00:00,1,,,,,,0.0600,0.0400,0.0400,0.0300,0.0400,0.0500,0.0500,0.0500,0.0500,0.00,692.00
KXHIGHLAX-25JUL02-B74.5,1751459700,2025-07-02T12:35:00+00:00,1,,,,,,0.0600,0.0400,0.0400,0.0300,0.0400,0.0500,0.0500,0.0500,0.0500,0.00,692.00
KXHIGHLAX-25JUL02-B74.5,1751459760,2025-07-02T12:36:00+00:00,1,,,,,,0.0600,0.0400,0.0400,0.0300,0.0400,0.0500,0.0500,0.0500,0.0500,0.00,692.00
KXHIGHLAX-25JUL02-B74.5,1751459820,2025-07-02T12:37:00+00:00,1,,,,,,0.0600,0.0400,0.0400,0.0300,0.0400,0.0500,0.0500,0.0500,0.0500,0.00,692.00
KXHIGHLAX-25JUL02-B74.5,1751459880,2025-07-02T12:38:00+00:00,1,,,,,,0.0600,0.0400,0.0400,0.0300,0.0400,0.0500,0.0500,0.0500,0.0500,0.00,692.00
KXHIGHLAX-25JUL02-B74.5,1751459940,2025-07-02T12:39:00+00:00,1,,,,,,0.0600,0.0400,0.0400,0.0300,0.0300,0.0500,0.0500,0.0500,0.0500,0.00,692.00
KXHIGHLAX-25JUL02-B74.5,1751460000,2025-07-02T12:40:00+00:00,1,,,,,,0.0600,0.0300,0.0300,0.0300,0.0300,0.0500,0.0500,0.0400,0.0400,0.00,692.00
KXHIGHLAX-25JUL02-B74.5,1751460060,2025-07-02T12:41:00+00:00,1,,,,,,0.0600,0.0300,0.0300,0.0200,0.0300,0.0400,0.0500,0.0400,0.0500,0.00,692.00
KXHIGHLAX-25JUL02-B74.5,1751460120,2025-07-02T12:42:00+00:00,1,,,,,,0.0600,0.0300,0.0300,0.0200,0.0300,0.0500,0.0500,0.0500,0.0500,0.00,692.00
KXHIGHLAX-25JUL02-B74.5,1751460180,2025-07-02T12:43:00+00:00,1,,,,,,0.0600,0.0300,0.0400,0.0300,0.0400,0.0500,0.0500,0.0500,0.0500,0.00,692.00
KXHIGHLAX-25JUL02-B74.5,1751460240,2025-07-02T12:44:00+00:00,1,,,,,,0.0600,0.0400,0.0400,0.0400,0.0400,0.0500,0.0500,0.0500,0.0500,0.00,692.00
KXHIGHLAX-25JUL02-B74.5,1751460300,2025-07-02T12:45:00+00:00,1,,,,,,0.0600,0.0400,0.0400,0.0400,0.0400,0.0500,0.0500,0.0500,0.0500,0.00,692.00
KXHIGHLAX-25JUL02-B74.5,1751460360,2025-07-02T12:46:00+00:00,1,,,,,,0.0600,0.0400,0.0400,0.0300,0.0300,0.0500,0.0500,0.0500,0.0500,0.00,692.00
KXHIGHLAX-25JUL02-B74.5,1751460420,2025-07-02T12:47:00+00:00,1,,,,,,0.0600,0.0300,0.0400,0.0300,0.0400,0.0500,0.0500,0.0500,0.0500,0.00,692.00
KXHIGHLAX-25JUL02-B74.5,1751460480,2025-07-02T12:48:00+00:00,1,,,,,,0.0600,0.0400,0.0400,0.0300,0.0400,0.0500,0.0500,0.0500,0.0500,0.00,692.00
KXHIGHLAX-25JUL02-B74.5,1751460540,2025-07-02T12:49:00+00:00,1,0.0400,0.0400,0.0400,0.0400,0.0400,0.0600,0.0400,0.0400,0.0300,0.0400,0.0500,0.0500,0.0500,0.0500,1.00,692.00
KXHIGHLAX-25JUL02-B74.5,1751460600,2025-07-02T12:50:00+00:00,1,,,,,,0.0400,0.0400,0.0400,0.0200,0.0200,0.0500,0.0500,0.0400,0.0400,0.00,692.00
KXHIGHLAX-25JUL02-B74.5,1751460660,2025-07-02T12:51:00+00:00,1,,,,,,0.0400,0.0200,0.0300,0.0200,0.0300,0.0400,0.0500,0.0400,0.0500,0.00,692.00
KXHIGHLAX-25JUL02-B74.5,1751460720,2025-07-02T12:52:00+00:00,1,,,,,,0.0400,0.0300,0.0300,0.0200,0.0300,0.0500,0.0500,0.0500,0.0500,0.00,692.00
KXHIGHLAX-25JUL02-B74.5,1751460780,2025-07-02T12:53:00+00:00,1,,,,,,0.0400,0.0300,0.0400,0.0300,0.0400,0.0500,0.0500,0.0500,0.0500,0.00,692.00
KXHIGHLAX-25JUL02-B74.5,1751460840,2025-07-02T12:54:00+00:00,1,,,,,,0.0400,0.0400,0.0400,0.0200,0.0200,0.0500,0.0500,0.0500,0.0500,0.00,692.00
KXHIGHLAX-25JUL02-B74.5,1751460900,2025-07-02T12:55:00+00:00,1,,,,,,0.0400,0.0200,0.0300,0.0100,0.0300,0.0500,0.0500,0.0400,0.0500,0.00,692.00
KXHIGHLAX-25JUL02-B74.5,1751460960,2025-07-02T12:56:00+00:00,1,,,,,,0.0400,0.0300,0.0300,0.0100,0.0200,0.0500,0.0500,0.0400,0.0400,0.00,692.00
KXHIGHLAX-25JUL02-B74.5,1751461020,2025-07-02T12:57:00+00:00,1,,,,,,0.0400,0.0200,0.0300,0.0200,0.0300,0.0400,0.0500,0.0400,0.0500,0.00,692.00
KXHIGHLAX-25JUL02-B74.5,1751461080,2025-07-02T12:58:00+00:00,1,,,,,,0.0400,0.0300,0.0300,0.0200,0.0300,0.0500,0.0500,0.0500,0.0500,0.00,692.00
KXHIGHLAX-25JUL02-B74.5,1751461140,2025-07-02T12:59:00+00:00,1,,,,,,0.0400,0.0300,0.0300,0.0300,0.0300,0.0500,0.0500,0.0500,0.0500,0.00,692.00
KXHIGHLAX-25JUL02-B74.5,1751461200,2025-07-02T13:00:00+00:00,1,,,,,,0.0400,0.0300,0.0400,0.0300,0.0400,0.0500,0.0500,0.0500,0.0500,0.00,692.00
KXHIGHLAX-25JUL02-B74.5,1751461260,2025-07-02T13:01:00+00:00,1,,,,,,0.0400,0.0400,0.0400,0.0000,0.0000,0.0500,0.0500,0.0400,0.0500,0.00,692.00
KXHIGHLAX-25JUL02-B74.5,1751461320,2025-07-02T13:02:00+00:00,1,,,,,,0.0400,0.0000,0.0000,0.0000,0.0000,0.0500,0.0500,0.0500,0.0500,0.00,692.00
KXHIGHLAX-25JUL02-B74.5,1751461380,2025-07-02T13:03:00+00:00,1,,,,,,0.0400,0.0000,0.0000,0.0000,0.0000,0.0500,0.0500,0.0500,0.0500,0.00,692.00
KXHIGHLAX-25JUL02-B74.5,1751461440,2025-07-02T13:04:00+00:00,1,,,,,,0.0400,0.0000,0.0000,0.0000,0.0000,0.0500,0.0500,0.0500,0.0500,0.00,692.00
KXHIGHLAX-25JUL02-B74.5,1751461560,2025-07-02T13:06:00+00:00,1,,,,,,0.0400,0.0000,0.0200,0.0000,0.0200,0.0500,0.0500,0.0400,0.0400,0.00,692.00
KXHIGHLAX-25JUL02-B74.5,1751461620,2025-07-02T13:07:00+00:00,1,,,,,,0.0400,0.0200,0.0300,0.0200,0.0300,0.0400,0.0500,0.0400,0.0500,0.00,692.00
KXHIGHLAX-25JUL02-B74.5,1751461680,2025-07-02T13:08:00+00:00,1,,,,,,0.0400,0.0300,0.0400,0.0300,0.0400,0.0500,0.0500,0.0500,0.0500,0.00,692.00
KXHIGHLAX-25JUL02-B74.5,1751461740,2025-07-02T13:09:00+00:00,1,,,,,,0.0400,0.0400,0.0400,0.0300,0.0400,0.0500,0.0500,0.0500,0.0500,0.00,692.00
KXHIGHLAX-25JUL02-B74.5,1751461800,2025-07-02T13:10:00+00:00,1,,,,,,0.0400,0.0400,0.0400,0.0400,0.0400,0.0500,0.0500,0.0500,0.0500,0.00,692.00
KXHIGHLAX-25JUL02-B74.5,1751461860,2025-07-02T13:11:00+00:00,1,,,,,,0.0400,0.0400,0.0400,0.0300,0.0400,0.0500,0.0500,0.0500,0.0500,0.00,692.00
KXHIGHLAX-25JUL02-B74.5,1751461920,2025-07-02T13:12:00+00:00,1,,,,,,0.0400,0.0400,0.0400,0.0300,0.0400,0.0500,0.0500,0.0500,0.0500,0.00,692.00
KXHIGHLAX-25JUL02-B74.5,1751461980,2025-07-02T13:13:00+00:00,1,,,,,,0.0400,0.0400,0.0400,0.0300,0.0400,0.0500,0.0500,0.0500,0.0500,0.00,692.00
KXHIGHLAX-25JUL02-B74.5,1751462040,2025-07-02T13:14:00+00:00,1,,,,,,0.0400,0.0400,0.0400,0.0300,0.0400,0.0500,0.0500,0.0500,0.0500,0.00,692.00
KXHIGHLAX-25JUL02-B74.5,1751462100,2025-07-02T13:15:00+00:00,1,,,,,,0.0400,0.0400,0.0400,0.0300,0.0400,0.0500,0.0500,0.0500,0.0500,0.00,692.00
KXHIGHLAX-25JUL02-B74.5,1751462160,2025-07-02T13:16:00+00:00,1,,,,,,0.0400,0.0400,0.0400,0.0300,0.0400,0.0500,0.0500,0.0500,0.0500,0.00,692.00
KXHIGHLAX-25JUL02-B74.5,1751462220,2025-07-02T13:17:00+00:00,1,,,,,,0.0400,0.0400,0.0400,0.0300,0.0400,0.0500,0.0500,0.0500,0.0500,0.00,692.00
KXHIGHLAX-25JUL02-B74.5,1751462280,2025-07-02T13:18:00+00:00,1,,,,,,0.0400,0.0400,0.0400,0.0300,0.0400,0.0500,0.0500,0.0500,0.0500,0.00,692.00
KXHIGHLAX-25JUL02-B74.5,1751462340,2025-07-02T13:19:00+00:00,1,,,,,,0.0400,0.0400,0.0400,0.0300,0.0400,0.0500,0.0500,0.0500,0.0500,0.00,692.00
KXHIGHLAX-25JUL02-B74.5,1751462400,2025-07-02T13:20:00+00:00,1,0.0400,0.0400,0.0400,0.0400,0.0400,0.0400,0.0400,0.0400,0.0300,0.0400,0.0500,0.0500,0.0500,0.0500,55.00,692.00
KXHIGHLAX-25JUL02-B74.5,1751462460,2025-07-02T13:21:00+00:00,1,,,,,,0.0400,0.0400,0.0400,0.0200,0.0300,0.0500,0.0500,0.0400,0.0400,0.00,692.00
KXHIGHLAX-25JUL02-B74.5,1751462520,2025-07-02T13:22:00+00:00,1,,,,,,0.0400,0.0300,0.0300,0.0100,0.0100,0.0400,0.0400,0.0300,0.0400,0.00,692.00
KXHIGHLAX-25JUL02-B74.5,1751462580,2025-07-02T13:23:00+00:00,1,,,,,,0.0400,0.0100,0.0100,0.0100,0.0100,0.0400,0.0400,0.0300,0.0300,0.00,692.00
KXHIGHLAX-25JUL02-B74.5,1751462640,2025-07-02T13:24:00+00:00,1,,,,,,0.0400,0.0100,0.0100,0.0100,0.0100,0.0300,0.0300,0.0300,0.0300,0.00,692.00
KXHIGHLAX-25JUL02-B74.5,1751462700,2025-07-02T13:25:00+00:00,1,,,,,,0.0400,0.0100,0.0100,0.0100,0.0100,0.0300,0.0300,0.0300,0.0300,0.00,692.00
KXHIGHLAX-25JUL02-B74.5,1751462760,2025-07-02T13:26:00+00:00,1,,,,,,0.0400,0.0100,0.0100,0.0100,0.0100,0.0300,0.0300,0.0300,0.0300,0.00,692.00
KXHIGHLAX-25JUL02-B74.5,1751462820,2025-07-02T13:27:00+00:00,1,,,,,,0.0400,0.0100,0.0100,0.0100,0.0100,0.0300,0.0300,0.0300,0.0300,0.00,692.00
KXHIGHLAX-25JUL02-B74.5,1751462880,2025-07-02T13:28:00+00:00,1,,,,,,0.0400,0.0100,0.0100,0.0100,0.0100,0.0300,0.0300,0.0300,0.0300,0.00,692.00
KXHIGHLAX-25JUL02-B74.5,1751462940,2025-07-02T13:29:00+00:00,1,,,,,,0.0400,0.0100,0.0100,0.0100,0.0100,0.0300,0.0300,0.0300,0.0300,0.00,692.00
KXHIGHLAX-25JUL02-B74.5,1751463000,2025-07-02T13:30:00+00:00,1,,,,,,0.0400,0.0100,0.0100,0.0100,0.0100,0.0300,0.0300,0.0300,0.0300,0.00,692.00
KXHIGHLAX-25JUL02-B74.5,1751463060,2025-07-02T13:31:00+00:00,1,,,,,,0.0400,0.0100,0.0100,0.0100,0.0100,0.0300,0.0300,0.0300,0.0300,0.00,692.00
KXHIGHLAX-25JUL02-B74.5,1751463120,2025-07-02T13:32:00+00:00,1,,,,,,0.0400,0.0100,0.0100,0.0100,0.0100,0.0300,0.0300,0.0300,0.0300,0.00,692.00
KXHIGHLAX-25JUL02-B74.5,1751463180,2025-07-02T13:33:00+00:00,1,,,,,,0.0400,0.0100,0.0100,0.0100,0.0100,0.0300,0.0300,0.0300,0.0300,0.00,692.00
KXHIGHLAX-25JUL02-B74.5,1751463240,2025-07-02T13:34:00+00:00,1,,,,,,0.0400,0.0100,0.0100,0.0100,0.0100,0.0300,0.0300,0.0300,0.0300,0.00,692.00
KXHIGHLAX-25JUL02-B74.5,1751463300,2025-07-02T13:35:00+00:00,1,,,,,,0.0400,0.0100,0.0100,0.0100,0.0100,0.0300,0.0300,0.0300,0.0300,0.00,692.00
KXHIGHLAX-25JUL02-B74.5,1751463360,2025-07-02T13:36:00+00:00,1,,,,,,0.0400,0.0100,0.0100,0.0100,0.0100,0.0300,0.0500,0.0300,0.0300,0.00,692.00
KXHIGHLAX-25JUL02-B74.5,1751463420,2025-07-02T13:37:00+00:00,1,,,,,,0.0400,0.0100,0.0100,0.0100,0.0100,0.0300,0.0300,0.0300,0.0300,0.00,692.00
KXHIGHLAX-25JUL02-B74.5,1751463480,2025-07-02T13:38:00+00:00,1,,,,,,0.0400,0.0100,0.0100,0.0100,0.0100,0.0300,0.0300,0.0300,0.0300,0.00,692.00
KXHIGHLAX-25JUL02-B74.5,1751463540,2025-07-02T13:39:00+00:00,1,,,,,,0.0400,0.0100,0.0100,0.0100,0.0100,0.0300,0.0300,0.0300,0.0300,0.00,692.00
KXHIGHLAX-25JUL02-B74.5,1751463600,2025-07-02T13:40:00+00:00,1,,,,,,0.0400,0.0100,0.0100,0.0100,0.0100,0.0300,0.0300,0.0300,0.0300,0.00,692.00
KXHIGHLAX-25JUL02-B74.5,1751463660,2025-07-02T13:41:00+00:00,1,,,,,,0.0400,0.0100,0.0100,0.0100,0.0100,0.0300,0.0300,0.0300,0.0300,0.00,692.00
KXHIGHLAX-25JUL02-B74.5,1751463720,2025-07-02T13:42:00+00:00,1,,,,,,0.0400,0.0100,0.0100,0.0100,0.0100,0.0300,0.0300,0.0300,0.0300,0.00,692.00
KXHIGHLAX-25JUL02-B74.5,1751463780,2025-07-02T13:43:00+00:00,1,,,,,,0.0400,0.0100,0.0100,0.0100,0.0100,0.0300,0.0300,0.0300,0.0300,0.00,692.00
KXHIGHLAX-25JUL02-B74.5,1751463840,2025-07-02T13:44:00+00:00,1,,,,,,0.0400,0.0100,0.0100,0.0100,0.0100,0.0300,0.0300,0.0300,0.0300,0.00,692.00
KXHIGHLAX-25JUL02-B74.5,1751463900,2025-07-02T13:45:00+00:00,1,,,,,,0.0400,0.0100,0.0100,0.0100,0.0100,0.0300,0.0300,0.0300,0.0300,0.00,692.00
KXHIGHLAX-25JUL02-B74.5,1751463960,2025-07-02T13:46:00+00:00,1,,,,,,0.0400,0.0100,0.0100,0.0100,0.0100,0.0300,0.0300,0.0300,0.0300,0.00,692.00
KXHIGHLAX-25JUL02-B74.5,1751464020,2025-07-02T13:47:00+00:00,1,,,,,,0.0400,0.0100,0.0100,0.0100,0.0100,0.0300,0.0300,0.0300,0.0300,0.00,692.00
KXHIGHLAX-25JUL02-B74.5,1751464080,2025-07-02T13:48:00+00:00,1,,,,,,0.0400,0.0100,0.0100,0.0100,0.0100,0.0300,0.0300,0.0300,0.0300,0.00,692.00
KXHIGHLAX-25JUL02-B74.5,1751464140,2025-07-02T13:49:00+00:00,1,,,,,,0.0400,0.0100,0.0100,0.0100,0.0100,0.0300,0.0300,0.0300,0.0300,0.00,692.00
KXHIGHLAX-25JUL02-B74.5,1751464200,2025-07-02T13:50:00+00:00,1,,,,,,0.0400,0.0100,0.0100,0.0100,0.0100,0.0300,0.0300,0.0300,0.0300,0.00,692.00
KXHIGHLAX-25JUL02-B74.5,1751464260,2025-07-02T13:51:00+00:00,1,,,,,,0.0400,0.0100,0.0100,0.0100,0.0100,0.0300,0.0300,0.0300,0.0300,0.00,692.00
KXHIGHLAX-25JUL02-B74.5,1751464320,2025-07-02T13:52:00+00:00,1,,,,,,0.0400,0.0100,0.0100,0.0100,0.0100,0.0300,0.0300,0.0300,0.0300,0.00,692.00
KXHIGHLAX-25JUL02-B74.5,1751464380,2025-07-02T13:53:00+00:00,1,,,,,,0.0400,0.0100,0.0100,0.0100,0.0100,0.0300,0.0300,0.0300,0.0300,0.00,692.00
KXHIGHLAX-25JUL02-B74.5,1751464440,2025-07-02T13:54:00+00:00,1,,,,,,0.0400,0.0100,0.0100,0.0100,0.0100,0.0300,0.0300,0.0300,0.0300,0.00,692.00
KXHIGHLAX-25JUL02-B74.5,1751464500,2025-07-02T13:55:00+00:00,1,,,,,,0.0400,0.0100,0.0100,0.0100,0.0100,0.0300,0.0300,0.0300,0.0300,0.00,692.00
KXHIGHLAX-25JUL02-B74.5,1751464560,2025-07-02T13:56:00+00:00,1,,,,,,0.0400,0.0100,0.0100,0.0100,0.0100,0.0300,0.0300,0.0300,0.0300,0.00,692.00
KXHIGHLAX-25JUL02-B74.5,1751464620,2025-07-02T13:57:00+00:00,1,,,,,,0.0400,0.0100,0.0100,0.0100,0.0100,0.0300,0.0300,0.0300,0.0300,0.00,692.00
KXHIGHLAX-25JUL02-B74.5,1751464680,2025-07-02T13:58:00+00:00,1,,,,,,0.0400,0.0100,0.0100,0.0100,0.0100,0.0300,0.0300,0.0300,0.0300,0.00,692.00
KXHIGHLAX-25JUL02-B74.5,1751464740,2025-07-02T13:59:00+00:00,1,,,,,,0.0400,0.0100,0.0100,0.0100,0.0100,0.0300,0.0300,0.0300,0.0300,0.00,692.00
KXHIGHLAX-25JUL02-B74.5,1751464800,2025-07-02T14:00:00+00:00,1,,,,,,0.0400,0.0100,0.0100,0.0100,0.0100,0.0300,0.0300,0.0300,0.0300,0.00,692.00
KXHIGHLAX-25JUL02-B74.5,1751464860,2025-07-02T14:01:00+00:00,1,,,,,,0.0400,0.0100,0.0100,0.0100,0.0100,0.0300,0.0300,0.0300,0.0300,0.00,692.00
KXHIGHLAX-25JUL02-B74.5,1751464920,2025-07-02T14:02:00+00:00,1,,,,,,0.0400,0.0100,0.0100,0.0100,0.0100,0.0300,0.0300,0.0300,0.0300,0.00,692.00
KXHIGHLAX-25JUL02-B74.5,1751464980,2025-07-02T14:03:00+00:00,1,,,,,,0.0400,0.0100,0.0100,0.0100,0.0100,0.0300,0.0300,0.0300,0.0300,0.00,692.00
KXHIGHLAX-25JUL02-B74.5,1751465040,2025-07-02T14:04:00+00:00,1,,,,,,0.0400,0.0100,0.0100,0.0100,0.0100,0.0300,0.0300,0.0300,0.0300,0.00,692.00
KXHIGHLAX-25JUL02-B74.5,1751465100,2025-07-02T14:05:00+00:00,1,,,,,,0.0400,0.0100,0.0100,0.0100,0.0100,0.0300,0.0300,0.0300,0.0300,0.00,692.00
KXHIGHLAX-25JUL02-B74.5,1751465160,2025-07-02T14:06:00+00:00,1,,,,,,0.0400,0.0100,0.0100,0.0100,0.0100,0.0300,0.0300,0.0300,0.0300,0.00,692.00
KXHIGHLAX-25JUL02-B74.5,1751465220,2025-07-02T14:07:00+00:00,1,,,,,,0.0400,0.0100,0.0100,0.0100,0.0100,0.0300,0.0400,0.0300,0.0400,0.00,692.00
KXHIGHLAX-25JUL02-B74.5,1751465280,2025-07-02T14:08:00+00:00,1,,,,,,0.0400,0.0100,0.0100,0.0100,0.0100,0.0400,0.0400,0.0400,0.0400,0.00,692.00
KXHIGHLAX-25JUL02-B74.5,1751465340,2025-07-02T14:09:00+00:00,1,,,,,,0.0400,0.0100,0.0200,0.0100,0.0200,0.0400,0.0400,0.0400,0.0400,0.00,692.00
KXHIGHLAX-25JUL02-B74.5,1751465400,2025-07-02T14:10:00+00:00,1,,,,,,0.0400,0.0200,0.0200,0.0200,0.0200,0.0400,0.0400,0.0400,0.0400,0.00,692.00
KXHIGHLAX-25JUL02-B74.5,1751465460,2025-07-02T14:11:00+00:00,1,,,,,,0.0400,0.0200,0.0200,0.0200,0.0200,0.0400,0.0400,0.0400,0.0400,0.00,692.00
KXHIGHLAX-25JUL02-B74.5,1751465520,2025-07-02T14:12:00+00:00,1,,,,,,0.0400,0.0200,0.0200,0.0100,0.0100,0.0400,0.0400,0.0400,0.0400,0.00,692.00
KXHIGHLAX-25JUL02-B74.5,1751465580,2025-07-02T14:13:00+00:00,1,,,,,,0.0400,0.0100,0.0100,0.0100,0.0100,0.0400,0.0400,0.0400,0.0400,0.00,692.00
KXHIGHLAX-25JUL02-B74.5,1751465640,2025-07-02T14:14:00+00:00,1,,,,,,0.0400,0.0100,0.0200,0.0100,0.0200,0.0400,0.0400,0.0400,0.0400,0.00,692.00
KXHIGHLAX-25JUL02-B74.5,1751465760,2025-07-02T14:16:00+00:00,1,,,,,,0.0400,0.0200,0.0200,0.0200,0.0200,0.0400,0.0400,0.0400,0.0400,0.00,692.00
KXHIGHLAX-25JUL02-B74.5,1751465820,2025-07-02T14:17:00+00:00,1,,,,,,0.0400,0.0200,0.0200,0.0200,0.0200,0.0400,0.0400,0.0400,0.0400,0.00,692.00
KXHIGHLAX-25JUL02-B74.5,1751465880,2025-07-02T14:18:00+00:00,1,,,,,,0.0400,0.0200,0.0200,0.0100,0.0100,0.0400,0.0400,0.0400,0.0400,0.00,692.00
KXHIGHLAX-25JUL02-B74.5,1751465940,2025-07-02T14:19:00+00:00,1,,,,,,0.0400,0.0100,0.0200,0.0100,0.0200,0.0400,0.0400,0.0400,0.0400,0.00,692.00
KXHIGHLAX-25JUL02-B74.5,1751466060,2025-07-02T14:21:00+00:00,1,,,,,,0.0400,0.0200,0.0200,0.0100,0.0100,0.0400,0.0400,0.0400,0.0400,0.00,692.00
KXHIGHLAX-25JUL02-B74.5,1751466120,2025-07-02T14:22:00+00:00,1,,,,,,0.0400,0.0100,0.0200,0.0100,0.0200,0.0400,0.0400,0.0400,0.0400,0.00,692.00
KXHIGHLAX-25JUL02-B74.5,1751466180,2025-07-02T14:23:00+00:00,1,,,,,,0.0400,0.0200,0.0200,0.0100,0.0100,0.0400,0.0400,0.0400,0.0400,0.00,692.00
KXHIGHLAX-25JUL02-B74.5,1751466240,2025-07-02T14:24:00+00:00,1,,,,,,0.0400,0.0100,0.0200,0.0100,0.0200,0.0400,0.0400,0.0400,0.0400,0.00,692.00
KXHIGHLAX-25JUL02-B74.5,1751466300,2025-07-02T14:25:00+00:00,1,,,,,,0.0400,0.0200,0.0200,0.0100,0.0100,0.0400,0.0400,0.0400,0.0400,0.00,692.00
KXHIGHLAX-25JUL02-B74.5,1751466360,2025-07-02T14:26:00+00:00,1,,,,,,0.0400,0.0100,0.0200,0.0100,0.0200,0.0400,0.0400,0.0400,0.0400,0.00,692.00
KXHIGHLAX-25JUL02-B74.5,1751466420,2025-07-02T14:27:00+00:00,1,,,,,,0.0400,0.0200,0.0200,0.0100,0.0100,0.0400,0.0500,0.0400,0.0400,0.00,692.00
KXHIGHLAX-25JUL02-B74.5,1751466480,2025-07-02T14:28:00+00:00,1,,,,,,0.0400,0.0100,0.0200,0.0100,0.0200,0.0400,0.0400,0.0400,0.0400,0.00,692.00
KXHIGHLAX-25JUL02-B74.5,1751466540,2025-07-02T14:29:00+00:00,1,,,,,,0.0400,0.0200,0.0200,0.0200,0.0200,0.0400,0.0400,0.0400,0.0400,0.00,692.00
KXHIGHLAX-25JUL02-B74.5,1751466660,2025-07-02T14:31:00+00:00,1,,,,,,0.0400,0.0200,0.0200,0.0200,0.0200,0.0400,0.0400,0.0400,0.0400,0.00,692.00
KXHIGHLAX-25JUL02-B74.5,1751466720,2025-07-02T14:32:00+00:00,1,,,,,,0.0400,0.0200,0.0200,0.0100,0.0100,0.0400,0.0400,0.0400,0.0400,0.00,692.00
KXHIGHLAX-25JUL02-B74.5,1751466780,2025-07-02T14:33:00+00:00,1,,,,,,0.0400,0.0100,0.0100,0.0100,0.0100,0.0400,0.0400,0.0400,0.0400,0.00,692.00
KXHIGHLAX-25JUL02-B74.5,1751466840,2025-07-02T14:34:00+00:00,1,,,,,,0.0400,0.0100,0.0200,0.0100,0.0200,0.0400,0.0400,0.0400,0.0400,0.00,692.00
KXHIGHLAX-25JUL02-B74.5,1751466960,2025-07-02T14:36:00+00:00,1,,,,,,0.0400,0.0200,0.0200,0.0200,0.0200,0.0400,0.0400,0.0400,0.0400,0.00,692.00
KXHIGHLAX-25JUL02-B74.5,1751467020,2025-07-02T14:37:00+00:00,1,,,,,,0.0400,0.0200,0.0200,0.0100,0.0100,0.0400,0.0400,0.0400,0.0400,0.00,692.00
KXHIGHLAX-25JUL02-B74.5,1751467080,2025-07-02T14:38:00+00:00,1,,,,,,0.0400,0.0100,0.0200,0.0100,0.0200,0.0400,0.0400,0.0400,0.0400,0.00,692.00
KXHIGHLAX-25JUL02-B74.5,1751467140,2025-07-02T14:39:00+00:00,1,,,,,,0.0400,0.0200,0.0200,0.0200,0.0200,0.0400,0.0400,0.0400,0.0400,0.00,692.00
KXHIGHLAX-25JUL02-B74.5,1751467200,2025-07-02T14:40:00+00:00,1,,,,,,0.0400,0.0200,0.0200,0.0200,0.0200,0.0400,0.0400,0.0400,0.0400,0.00,692.00
KXHIGHLAX-25JUL02-B74.5,1751467260,2025-07-02T14:41:00+00:00,1,,,,,,0.0400,0.0200,0.0200,0.0200,0.0200,0.0400,0.0400,0.0400,0.0400,0.00,692.00
KXHIGHLAX-25JUL02-B74.5,1751467320,2025-07-02T14:42:00+00:00,1,,,,,,0.0400,0.0200,0.0200,0.0200,0.0200,0.0400,0.0400,0.0400,0.0400,0.00,692.00
KXHIGHLAX-25JUL02-B74.5,1751467380,2025-07-02T14:43:00+00:00,1,,,,,,0.0400,0.0200,0.0200,0.0100,0.0200,0.0400,0.0400,0.0400,0.0400,0.00,692.00
KXHIGHLAX-25JUL02-B74.5,1751467440,2025-07-02T14:44:00+00:00,1,,,,,,0.0400,0.0200,0.0200,0.0200,0.0200,0.0400,0.0400,0.0400,0.0400,0.00,692.00
KXHIGHLAX-25JUL02-B74.5,1751467500,2025-07-02T14:45:00+00:00,1,,,,,,0.0400,0.0200,0.0200,0.0200,0.0200,0.0400,0.0500,0.0400,0.0500,0.00,692.00
KXHIGHLAX-25JUL02-B74.5,1751467560,2025-07-02T14:46:00+00:00,1,,,,,,0.0400,0.0200,0.0200,0.0200,0.0200,0.0500,0.0500,0.0400,0.0400,0.00,692.00
KXHIGHLAX-25JUL02-B74.5,1751467620,2025-07-02T14:47:00+00:00,1,,,,,,0.0400,0.0200,0.0200,0.0200,0.0200,0.0400,0.0400,0.0400,0.0400,0.00,692.00
KXHIGHLAX-25JUL02-B74.5,1751467680,2025-07-02T14:48:00+00:00,1,,,,,,0.0400,0.0200,0.0200,0.0100,0.0100,0.0400,0.0400,0.0400,0.0400,0.00,692.00
KXHIGHLAX-25JUL02-B74.5,1751467740,2025-07-02T14:49:00+00:00,1,,,,,,0.0400,0.0100,0.0200,0.0100,0.0100,0.0400,0.0500,0.0400,0.0500,0.00,692.00
KXHIGHLAX-25JUL02-B74.5,1751467800,2025-07-02T14:50:00+00:00,1,,,,,,0.0400,0.0100,0.0200,0.0100,0.0200,0.0500,0.0500,0.0400,0.0400,0.00,692.00
KXHIGHLAX-25JUL02-B74.5,1751467860,2025-07-02T14:51:00+00:00,1,,,,,,0.0400,0.0200,0.0200,0.0100,0.0100,0.0400,0.0400,0.0400,0.0400,0.00,692.00
KXHIGHLAX-25JUL02-B74.5,1751467920,2025-07-02T14:52:00+00:00,1,,,,,,0.0400,0.0100,0.0200,0.0100,0.0100,0.0400,0.0400,0.0400,0.0400,0.00,692.00
KXHIGHLAX-25JUL02-B74.5,1751467980,2025-07-02T14:53:00+00:00,1,,,,,,0.0400,0.0100,0.0100,0.0100,0.0100,0.0400,0.0400,0.0400,0.0400,0.00,692.00
KXHIGHLAX-25JUL02-B74.5,1751468040,2025-07-02T14:54:00+00:00,1,,,,,,0.0400,0.0100,0.0200,0.0100,0.0200,0.0400,0.0400,0.0400,0.0400,0.00,692.00
KXHIGHLAX-25JUL02-B74.5,1751468100,2025-07-02T14:55:00+00:00,1,,,,,,0.0400,0.0200,0.0200,0.0100,0.0100,0.0400,0.0400,0.0400,0.0400,0.00,692.00
KXHIGHLAX-25JUL02-B74.5,1751468160,2025-07-02T14:56:00+00:00,1,,,,,,0.0400,0.0100,0.0100,0.0100,0.0100,0.0400,0.0400,0.0400,0.0400,0.00,692.00
KXHIGHLAX-25JUL02-B74.5,1751468220,2025-07-02T14:57:00+00:00,1,,,,,,0.0400,0.0100,0.0200,0.0100,0.0200,0.0400,0.0400,0.0400,0.0400,0.00,692.00
KXHIGHLAX-25JUL02-B74.5,1751468280,2025-07-02T14:58:00+00:00,1,,,,,,0.0400,0.0200,0.0200,0.0100,0.0100,0.0400,0.0400,0.0400,0.0400,0.00,692.00
KXHIGHLAX-25JUL02-B74.5,1751468340,2025-07-02T14:59:00+00:00,1,,,,,,0.0400,0.0100,0.0200,0.0100,0.0200,0.0400,0.0400,0.0400,0.0400,0.00,692.00
KXHIGHLAX-25JUL02-B74.5,1751468460,2025-07-02T15:01:00+00:00,1,,,,,,0.0400,0.0200,0.0200,0.0200,0.0200,0.0400,0.0400,0.0400,0.0400,0.00,692.00
KXHIGHLAX-25JUL02-B74.5,1751468520,2025-07-02T15:02:00+00:00,1,,,,,,0.0400,0.0200,0.0200,0.0100,0.0100,0.0400,0.0400,0.0400,0.0400,0.00,692.00
KXHIGHLAX-25JUL02-B74.5,1751468580,2025-07-02T15:03:00+00:00,1,,,,,,0.0400,0.0100,0.0100,0.0100,0.0100,0.0400,0.0400,0.0400,0.0400,0.00,692.00
KXHIGHLAX-25JUL02-B74.5,1751468640,2025-07-02T15:04:00+00:00,1,,,,,,0.0400,0.0100,0.0200,0.0100,0.0200,0.0400,0.0400,0.0400,0.0400,0.00,692.00
KXHIGHLAX-25JUL02-B74.5,1751468700,2025-07-02T15:05:00+00:00,1,,,,,,0.0400,0.0200,0.0200,0.0200,0.0200,0.0400,0.0400,0.0400,0.0400,0.00,692.00
KXHIGHLAX-25JUL02-B74.5,1751468760,2025-07-02T15:06:00+00:00,1,,,,,,0.0400,0.0200,0.0200,0.0000,0.0100,0.0400,0.0500,0.0400,0.0400,0.00,692.00
KXHIGHLAX-25JUL02-B74.5,1751468820,2025-07-02T15:07:00+00:00,1,,,,,,0.0400,0.0100,0.0100,0.0100,0.0100,0.0400,0.0400,0.0400,0.0400,0.00,692.00
KXHIGHLAX-25JUL02-B74.5,1751468880,2025-07-02T15:08:00+00:00,1,,,,,,0.0400,0.0100,0.0100,0.0100,0.0100,0.0400,0.0400,0.0400,0.0400,0.00,692.00
KXHIGHLAX-25JUL02-B74.5,1751468940,2025-07-02T15:09:00+00:00,1,,,,,,0.0400,0.0100,0.0200,0.0100,0.0100,0.0400,0.0500,0.0400,0.0500,0.00,692.00
KXHIGHLAX-25JUL02-B74.5,1751469120,2025-07-02T15:12:00+00:00,1,,,,,,0.0400,0.0100,0.0100,0.0100,0.0100,0.0500,0.0500,0.0500,0.0500,0.00,692.00
KXHIGHLAX-25JUL02-B74.5,1751469180,2025-07-02T15:13:00+00:00,1,,,,,,0.0400,0.0100,0.0100,0.0100,0.0100,0.0500,0.0500,0.0500,0.0500,0.00,692.00
KXHIGHLAX-25JUL02-B74.5,1751469300,2025-07-02T15:15:00+00:00,1,,,,,,0.0400,0.0100,0.0200,0.0100,0.0200,0.0500,0.0500,0.0400,0.0400,0.00,692.00
KXHIGHLAX-25JUL02-B74.5,1751469360,2025-07-02T15:16:00+00:00,1,0.0200,0.0200,0.0200,0.0200,0.0200,0.0400,0.0200,0.0200,0.0100,0.0100,0.0400,0.0400,0.0400,0.0400,12.00,704.00
KXHIGHLAX-25JUL02-B74.5,1751469420,2025-07-02T15:17:00+00:00,1,,,,,,0.0200,0.0100,0.0100,0.0100,0.0100,0.0400,0.0400,0.0400,0.0400,0.00,704.00
KXHIGHLAX-25JUL02-B74.5,1751469480,2025-07-02T15:18:00+00:00,1,,,,,,0.0200,0.0100,0.0100,0.0100,0.0100,0.0400,0.0400,0.0400,0.0400,0.00,704.00
KXHIGHLAX-25JUL02-B74.5,1751469540,2025-07-02T15:19:00+00:00,1,,,,,,0.0200,0.0100,0.0100,0.0100,0.0100,0.0400,0.0400,0.0400,0.0400,0.00,704.00
KXHIGHLAX-25JUL02-B74.5,1751469600,2025-07-02T15:20:00+00:00,1,0.0100,0.0100,0.0100,0.0100,0.0100,0.0200,0.0100,0.0100,0.0000,0.0000,0.0400,0.0500,0.0400,0.0500,55.00,759.00
KXHIGHLAX-25JUL02-B74.5,1751469720,2025-07-02T15:22:00+00:00,1,,,,,,0.0100,0.0000,0.0000,0.0000,0.0000,0.0500,0.0500,0.0500,0.0500,0.00,759.00
KXHIGHLAX-25JUL02-B74.5,1751469780,2025-07-02T15:23:00+00:00,1,,,,,,0.0100,0.0000,0.0000,0.0000,0.0000,0.0500,0.0500,0.0500,0.0500,0.00,759.00
KXHIGHLAX-25JUL02-B74.5,1751470020,2025-07-02T15:27:00+00:00,1,,,,,,0.0100,0.0000,0.0000,0.0000,0.0000,0.0500,0.0500,0.0500,0.0500,0.00,759.00
KXHIGHLAX-25JUL02-B74.5,1751470080,2025-07-02T15:28:00+00:00,1,,,,,,0.0100,0.0000,0.0000,0.0000,0.0000,0.0500,0.0500,0.0500,0.0500,0.00,759.00
KXHIGHLAX-25JUL02-B74.5,1751470320,2025-07-02T15:32:00+00:00,1,,,,,,0.0100,0.0000,0.0000,0.0000,0.0000,0.0500,0.0500,0.0500,0.0500,0.00,759.00
KXHIGHLAX-25JUL02-B74.5,1751470380,2025-07-02T15:33:00+00:00,1,,,,,,0.0100,0.0000,0.0000,0.0000,0.0000,0.0500,0.0500,0.0500,0.0500,0.00,759.00
KXHIGHLAX-25JUL02-B74.5,1751470620,2025-07-02T15:37:00+00:00,1,,,,,,0.0100,0.0000,0.0000,0.0000,0.0000,0.0500,0.0500,0.0500,0.0500,0.00,759.00
KXHIGHLAX-25JUL02-B74.5,1751471040,2025-07-02T15:44:00+00:00,1,0.0500,0.0500,0.0500,0.0500,0.0500,0.0100,0.0000,0.0000,0.0000,0.0000,0.0500,0.0500,0.0500,0.0500,18.00,777.00
KXHIGHLAX-25JUL02-B74.5,1751472360,2025-07-02T16:06:00+00:00,1,,,,,,0.0500,0.0000,0.0000,0.0000,0.0000,0.0500,0.0500,0.0500,0.0500,0.00,777.00
KXHIGHLAX-25JUL02-B74.5,1751472540,2025-07-02T16:09:00+00:00,1,,,,,,0.0500,0.0000,0.0000,0.0000,0.0000,0.0500,0.0500,0.0500,0.0500,0.00,777.00
KXHIGHLAX-25JUL02-B74.5,1751472660,2025-07-02T16:11:00+00:00,1,,,,,,0.0500,0.0000,0.0100,0.0000,0.0100,0.0500,0.0500,0.0500,0.0500,0.00,777.00
KXHIGHLAX-25JUL02-B74.5,1751472720,2025-07-02T16:12:00+00:00,1,,,,,,0.0500,0.0100,0.0100,0.0100,0.0100,0.0500,0.0500,0.0300,0.0400,0.00,777.00
KXHIGHLAX-25JUL02-B74.5,1751472780,2025-07-02T16:13:00+00:00,1,,,,,,0.0500,0.0100,0.0100,0.0100,0.0100,0.0400,0.0400,0.0400,0.0400,0.00,777.00
KXHIGHLAX-25JUL02-B74.5,1751472840,2025-07-02T16:14:00+00:00,1,,,,,,0.0500,0.0100,0.0100,0.0100,0.0100,0.0400,0.0400,0.0400,0.0400,0.00,777.00
KXHIGHLAX-25JUL02-B74.5,1751472900,2025-07-02T16:15:00+00:00,1,,,,,,0.0500,0.0100,0.0100,0.0100,0.0100,0.0400,0.0400,0.0400,0.0400,0.00,777.00
KXHIGHLAX-25JUL02-B74.5,1751473080,2025-07-02T16:18:00+00:00,1,,,,,,0.0500,0.0100,0.0100,0.0100,0.0100,0.0400,0.0400,0.0400,0.0400,0.00,777.00
KXHIGHLAX-25JUL02-B74.5,1751473140,2025-07-02T16:19:00+00:00,1,,,,,,0.0500,0.0100,0.0100,0.0100,0.0100,0.0400,0.0400,0.0300,0.0400,0.00,777.00
KXHIGHLAX-25JUL02-B74.5,1751473380,2025-07-02T16:23:00+00:00,1,,,,,,0.0500,0.0100,0.0100,0.0100,0.0100,0.0400,0.0400,0.0400,0.0400,0.00,777.00
KXHIGHLAX-25JUL02-B74.5,1751473440,2025-07-02T16:24:00+00:00,1,,,,,,0.0500,0.0100,0.0100,0.0100,0.0100,0.0400,0.0400,0.0300,0.0300,0.00,777.00
KXHIGHLAX-25JUL02-B74.5,1751473500,2025-07-02T16:25:00+00:00,1,,,,,,0.0500,0.0100,0.0100,0.0100,0.0100,0.0300,0.0300,0.0300,0.0300,0.00,777.00
KXHIGHLAX-25JUL02-B74.5,1751473740,2025-07-02T16:29:00+00:00,1,,,,,,0.0500,0.0100,0.0100,0.0100,0.0100,0.0300,0.0300,0.0200,0.0200,0.00,777.00
KXHIGHLAX-25JUL02-B74.5,1751473920,2025-07-02T16:32:00+00:00,1,,,,,,0.0500,0.0100,0.0100,0.0100,0.0100,0.0200,0.0200,0.0200,0.0200,0.00,777.00
KXHIGHLAX-25JUL02-B74.5,1751473980,2025-07-02T16:33:00+00:00,1,,,,,,0.0500,0.0100,0.0100,0.0100,0.0100,0.0200,0.0200,0.0200,0.0200,0.00,777.00
KXHIGHLAX-25JUL02-B74.5,1751474040,2025-07-02T16:34:00+00:00,1,,,,,,0.0500,0.0100,0.0100,0.0100,0.0100,0.0200,0.0200,0.0200,0.0200,0.00,777.00
KXHIGHLAX-25JUL02-B74.5,1751474160,2025-07-02T16:36:00+00:00,1,,,,,,0.0500,0.0100,0.0100,0.0100,0.0100,0.0200,0.0200,0.0200,0.0200,0.00,777.00
KXHIGHLAX-25JUL02-B74.5,1751474280,2025-07-02T16:38:00+00:00,1,,,,,,0.0500,0.0100,0.0100,0.0100,0.0100,0.0200,0.0200,0.0200,0.0200,0.00,777.00
KXHIGHLAX-25JUL02-B74.5,1751474340,2025-07-02T16:39:00+00:00,1,,,,,,0.0500,0.0100,0.0100,0.0100,0.0100,0.0200,0.0200,0.0200,0.0200,0.00,777.00
KXHIGHLAX-25JUL02-B74.5,1751474400,2025-07-02T16:40:00+00:00,1,,,,,,0.0500,0.0100,0.0100,0.0100,0.0100,0.0200,0.0200,0.0200,0.0200,0.00,777.00
KXHIGHLAX-25JUL02-B74.5,1751474520,2025-07-02T16:42:00+00:00,1,,,,,,0.0500,0.0100,0.0100,0.0100,0.0100,0.0200,0.0200,0.0200,0.0200,0.00,777.00
KXHIGHLAX-25JUL02-B74.5,1751474580,2025-07-02T16:43:00+00:00,1,,,,,,0.0500,0.0100,0.0100,0.0100,0.0100,0.0200,0.0200,0.0200,0.0200,0.00,777.00
KXHIGHLAX-25JUL02-B74.5,1751474640,2025-07-02T16:44:00+00:00,1,,,,,,0.0500,0.0100,0.0100,0.0100,0.0100,0.0200,0.0200,0.0200,0.0200,0.00,777.00
KXHIGHLAX-25JUL02-B74.5,1751474700,2025-07-02T16:45:00+00:00,1,,,,,,0.0500,0.0100,0.0100,0.0100,0.0100,0.0200,0.0200,0.0200,0.0200,0.00,777.00
KXHIGHLAX-25JUL02-B74.5,1751474760,2025-07-02T16:46:00+00:00,1,,,,,,0.0500,0.0100,0.0100,0.0100,0.0100,0.0200,0.0200,0.0200,0.0200,0.00,777.00
KXHIGHLAX-25JUL02-B74.5,1751474820,2025-07-02T16:47:00+00:00,1,0.0100,0.0100,0.0100,0.0100,0.0100,0.0500,0.0100,0.0100,0.0100,0.0100,0.0200,0.0200,0.0200,0.0200,1.00,778.00
KXHIGHLAX-25JUL02-B74.5,1751474940,2025-07-02T16:49:00+00:00,1,,,,,,0.0100,0.0100,0.0100,0.0100,0.0100,0.0200,0.0200,0.0200,0.0200,0.00,778.00
KXHIGHLAX-25JUL02-B74.5,1751475180,2025-07-02T16:53:00+00:00,1,,,,,,0.0100,0.0100,0.0100,0.0100,0.0100,0.0200,0.0200,0.0200,0.0200,0.00,778.00
KXHIGHLAX-25JUL02-B74.5,1751475240,2025-07-02T16:54:00+00:00,1,,,,,,0.0100,0.0100,0.0100,0.0100,0.0100,0.0200,0.0200,0.0200,0.0200,0.00,778.00
KXHIGHLAX-25JUL02-B74.5,1751475300,2025-07-02T16:55:00+00:00,1,,,,,,0.0100,0.0100,0.0100,0.0100,0.0100,0.0200,0.0200,0.0200,0.0200,0.00,778.00
KXHIGHLAX-25JUL02-B74.5,1751475780,2025-07-02T17:03:00+00:00,1,,,,,,0.0100,0.0100,0.0100,0.0100,0.0100,0.0200,0.0200,0.0200,0.0200,0.00,778.00
KXHIGHLAX-25JUL02-B74.5,1751475840,2025-07-02T17:04:00+00:00,1,,,,,,0.0100,0.0100,0.0100,0.0100,0.0100,0.0200,0.0200,0.0200,0.0200,0.00,778.00
KXHIGHLAX-25JUL02-B74.5,1751475900,2025-07-02T17:05:00+00:00,1,,,,,,0.0100,0.0100,0.0100,0.0100,0.0100,0.0200,0.0200,0.0200,0.0200,0.00,778.00
KXHIGHLAX-25JUL02-B74.5,1751475960,2025-07-02T17:06:00+00:00,1,,,,,,0.0100,0.0100,0.0100,0.0100,0.0100,0.0200,0.0200,0.0200,0.0200,0.00,778.00
KXHIGHLAX-25JUL02-B74.5,1751476020,2025-07-02T17:07:00+00:00,1,,,,,,0.0100,0.0100,0.0100,0.0100,0.0100,0.0200,0.0200,0.0200,0.0200,0.00,778.00
KXHIGHLAX-25JUL02-B74.5,1751476140,2025-07-02T17:09:00+00:00,1,,,,,,0.0100,0.0100,0.0100,0.0100,0.0100,0.0200,0.0200,0.0200,0.0200,0.00,778.00
KXHIGHLAX-25JUL02-B74.5,1751476200,2025-07-02T17:10:00+00:00,1,,,,,,0.0100,0.0100,0.0100,0.0100,0.0100,0.0200,0.0200,0.0200,0.0200,0.00,778.00
KXHIGHLAX-25JUL02-B74.5,1751476260,2025-07-02T17:11:00+00:00,1,,,,,,0.0100,0.0100,0.0100,0.0000,0.0000,0.0200,0.0200,0.0200,0.0200,0.00,778.00
KXHIGHLAX-25JUL02-B74.5,1751476320,2025-07-02T17:12:00+00:00,1,,,,,,0.0100,0.0000,0.0000,0.0000,0.0000,0.0200,0.0200,0.0200,0.0200,0.00,778.00
KXHIGHLAX-25JUL02-B74.5,1751476560,2025-07-02T17:16:00+00:00,1,,,,,,0.0100,0.0000,0.0000,0.0000,0.0000,0.0200,0.0200,0.0200,0.0200,0.00,778.00
KXHIGHLAX-25JUL02-B74.5,1751476740,2025-07-02T17:19:00+00:00,1,,,,,,0.0100,0.0000,0.0000,0.0000,0.0000,0.0200,0.0500,0.0200,0.0500,0.00,778.00
KXHIGHLAX-25JUL02-B74.5,1751478060,2025-07-02T17:41:00+00:00,1,,,,,,0.0100,0.0000,0.0000,0.0000,0.0000,0.0500,0.0500,0.0500,0.0500,0.00,778.00
KXHIGHLAX-25JUL02-B74.5,1751479020,2025-07-02T17:57:00+00:00,1,,,,,,0.0100,0.0000,0.0000,0.0000,0.0000,0.0500,0.0500,0.0500,0.0500,0.00,778.00
KXHIGHLAX-25JUL02-B74.5,1751479140,2025-07-02T17:59:00+00:00,1,,,,,,0.0100,0.0000,0.0000,0.0000,0.0000,0.0500,0.0500,0.0500,0.0500,0.00,778.00
KXHIGHLAX-25JUL02-B74.5,1751479200,2025-07-02T18:00:00+00:00,1,,,,,,0.0100,0.0000,0.0000,0.0000,0.0000,0.0500,0.0500,0.0500,0.0500,0.00,778.00
KXHIGHLAX-25JUL02-B74.5,1751479620,2025-07-02T18:07:00+00:00,1,,,,,,0.0100,0.0000,0.0000,0.0000,0.0000,0.0500,0.0500,0.0500,0.0500,0.00,778.00
KXHIGHLAX-25JUL02-B74.5,1751479680,2025-07-02T18:08:00+00:00,1,,,,,,0.0100,0.0000,0.0000,0.0000,0.0000,0.0500,0.0500,0.0500,0.0500,0.00,778.00
KXHIGHLAX-25JUL02-B74.5,1751479860,2025-07-02T18:11:00+00:00,1,,,,,,0.0100,0.0000,0.0000,0.0000,0.0000,0.0500,0.0500,0.0500,0.0500,0.00,778.00
KXHIGHLAX-25JUL02-B74.5,1751480160,2025-07-02T18:16:00+00:00,1,,,,,,0.0100,0.0000,0.0000,0.0000,0.0000,0.0500,0.0500,0.0500,0.0500,0.00,778.00
KXHIGHLAX-25JUL02-B74.5,1751480220,2025-07-02T18:17:00+00:00,1,,,,,,0.0100,0.0000,0.0000,0.0000,0.0000,0.0500,0.0500,0.0500,0.0500,0.00,778.00
KXHIGHLAX-25JUL02-B74.5,1751480580,2025-07-02T18:23:00+00:00,1,,,,,,0.0100,0.0000,0.0000,0.0000,0.0000,0.0500,0.0500,0.0500,0.0500,0.00,778.00
KXHIGHLAX-25JUL02-B74.5,1751480640,2025-07-02T18:24:00+00:00,1,,,,,,0.0100,0.0000,0.0000,0.0000,0.0000,0.0500,0.0500,0.0400,0.0400,0.00,778.00
KXHIGHLAX-25JUL02-B74.5,1751481240,2025-07-02T18:34:00+00:00,1,,,,,,0.0100,0.0000,0.0000,0.0000,0.0000,0.0400,0.0400,0.0300,0.0300,0.00,778.00
KXHIGHLAX-25JUL02-B74.5,1751481300,2025-07-02T18:35:00+00:00,1,,,,,,0.0100,0.0000,0.0000,0.0000,0.0000,0.0300,0.0300,0.0300,0.0300,0.00,778.00
KXHIGHLAX-25JUL02-B74.5,1751481480,2025-07-02T18:38:00+00:00,1,,,,,,0.0100,0.0000,0.0000,0.0000,0.0000,0.0300,0.0300,0.0300,0.0300,0.00,778.00
KXHIGHLAX-25JUL02-B74.5,1751483040,2025-07-02T19:04:00+00:00,1,,,,,,0.0100,0.0000,0.0000,0.0000,0.0000,0.0300,0.0300,0.0300,0.0300,0.00,778.00
KXHIGHLAX-25JUL02-B74.5,1751483580,2025-07-02T19:13:00+00:00,1,,,,,,0.0100,0.0000,0.0000,0.0000,0.0000,0.0300,0.0400,0.0300,0.0400,0.00,778.00
KXHIGHLAX-25JUL02-B74.5,1751483760,2025-07-02T19:16:00+00:00,1,,,,,,0.0100,0.0000,0.0000,0.0000,0.0000,0.0400,0.0400,0.0400,0.0400,0.00,778.00
KXHIGHLAX-25JUL02-B74.5,1751484060,2025-07-02T19:21:00+00:00,1,,,,,,0.0100,0.0000,0.0000,0.0000,0.0000,0.0400,0.0400,0.0400,0.0400,0.00,778.00
KXHIGHLAX-25JUL02-B74.5,1751484300,2025-07-02T19:25:00+00:00,1,,,,,,0.0100,0.0000,0.0000,0.0000,0.0000,0.0400,0.0400,0.0400,0.0400,0.00,778.00
KXHIGHLAX-25JUL02-B74.5,1751484480,2025-07-02T19:28:00+00:00,1,,,,,,0.0100,0.0000,0.0000,0.0000,0.0000,0.0400,0.0400,0.0400,0.0400,0.00,778.00
KXHIGHLAX-25JUL02-B74.5,1751484540,2025-07-02T19:29:00+00:00,1,,,,,,0.0100,0.0000,0.0000,0.0000,0.0000,0.0400,0.0400,0.0400,0.0400,0.00,778.00
KXHIGHLAX-25JUL02-B74.5,1751485320,2025-07-02T19:42:00+00:00,1,,,,,,0.0100,0.0000,0.0000,0.0000,0.0000,0.0400,0.0400,0.0400,0.0400,0.00,778.00
KXHIGHLAX-25JUL02-B74.5,1751485500,2025-07-02T19:45:00+00:00,1,,,,,,0.0100,0.0000,0.0000,0.0000,0.0000,0.0400,0.0400,0.0400,0.0400,0.00,778.00
KXHIGHLAX-25JUL02-B74.5,1751485620,2025-07-02T19:47:00+00:00,1,,,,,,0.0100,0.0000,0.0000,0.0000,0.0000,0.0400,0.0400,0.0400,0.0400,0.00,778.00
KXHIGHLAX-25JUL02-B74.5,1751485680,2025-07-02T19:48:00+00:00,1,,,,,,0.0100,0.0000,0.0000,0.0000,0.0000,0.0400,0.0400,0.0400,0.0400,0.00,778.00
KXHIGHLAX-25JUL02-B74.5,1751485740,2025-07-02T19:49:00+00:00,1,,,,,,0.0100,0.0000,0.0000,0.0000,0.0000,0.0400,0.0400,0.0400,0.0400,0.00,778.00
KXHIGHLAX-25JUL02-B74.5,1751485800,2025-07-02T19:50:00+00:00,1,,,,,,0.0100,0.0000,0.0000,0.0000,0.0000,0.0400,0.0400,0.0400,0.0400,0.00,778.00
KXHIGHLAX-25JUL02-B74.5,1751485920,2025-07-02T19:52:00+00:00,1,,,,,,0.0100,0.0000,0.0000,0.0000,0.0000,0.0400,0.0400,0.0400,0.0400,0.00,778.00
KXHIGHLAX-25JUL02-B74.5,1751485980,2025-07-02T19:53:00+00:00,1,,,,,,0.0100,0.0000,0.0000,0.0000,0.0000,0.0400,0.0400,0.0400,0.0400,0.00,778.00
KXHIGHLAX-25JUL02-B74.5,1751486040,2025-07-02T19:54:00+00:00,1,,,,,,0.0100,0.0000,0.0000,0.0000,0.0000,0.0400,0.0400,0.0400,0.0400,0.00,778.00
KXHIGHLAX-25JUL02-B74.5,1751486100,2025-07-02T19:55:00+00:00,1,,,,,,0.0100,0.0000,0.0000,0.0000,0.0000,0.0400,0.0400,0.0400,0.0400,0.00,778.00
KXHIGHLAX-25JUL02-B74.5,1751486160,2025-07-02T19:56:00+00:00,1,,,,,,0.0100,0.0000,0.0000,0.0000,0.0000,0.0400,0.0400,0.0400,0.0400,0.00,778.00
KXHIGHLAX-25JUL02-B74.5,1751486220,2025-07-02T19:57:00+00:00,1,,,,,,0.0100,0.0000,0.0000,0.0000,0.0000,0.0400,0.0400,0.0400,0.0400,0.00,778.00
KXHIGHLAX-25JUL02-B74.5,1751486520,2025-07-02T20:02:00+00:00,1,,,,,,0.0100,0.0000,0.0000,0.0000,0.0000,0.0400,0.0400,0.0400,0.0400,0.00,778.00
KXHIGHLAX-25JUL02-B74.5,1751486700,2025-07-02T20:05:00+00:00,1,,,,,,0.0100,0.0000,0.0000,0.0000,0.0000,0.0400,0.0400,0.0400,0.0400,0.00,778.00
KXHIGHLAX-25JUL02-B74.5,1751486760,2025-07-02T20:06:00+00:00,1,,,,,,0.0100,0.0000,0.0000,0.0000,0.0000,0.0400,0.0400,0.0400,0.0400,0.00,778.00
KXHIGHLAX-25JUL02-B74.5,1751486820,2025-07-02T20:07:00+00:00,1,,,,,,0.0100,0.0000,0.0000,0.0000,0.0000,0.0400,0.0400,0.0400,0.0400,0.00,778.00
KXHIGHLAX-25JUL02-B74.5,1751486880,2025-07-02T20:08:00+00:00,1,,,,,,0.0100,0.0000,0.0000,0.0000,0.0000,0.0400,0.0400,0.0400,0.0400,0.00,778.00
KXHIGHLAX-25JUL02-B74.5,1751486940,2025-07-02T20:09:00+00:00,1,,,,,,0.0100,0.0000,0.0000,0.0000,0.0000,0.0400,0.0400,0.0400,0.0400,0.00,778.00
KXHIGHLAX-25JUL02-B74.5,1751487000,2025-07-02T20:10:00+00:00,1,,,,,,0.0100,0.0000,0.0000,0.0000,0.0000,0.0400,0.0400,0.0400,0.0400,0.00,778.00
KXHIGHLAX-25JUL02-B74.5,1751487120,2025-07-02T20:12:00+00:00,1,,,,,,0.0100,0.0000,0.0000,0.0000,0.0000,0.0400,0.0400,0.0400,0.0400,0.00,778.00
KXHIGHLAX-25JUL02-B74.5,1751487240,2025-07-02T20:14:00+00:00,1,,,,,,0.0100,0.0000,0.0000,0.0000,0.0000,0.0400,0.0400,0.0400,0.0400,0.00,778.00
KXHIGHLAX-25JUL02-B74.5,1751487300,2025-07-02T20:15:00+00:00,1,,,,,,0.0100,0.0000,0.0000,0.0000,0.0000,0.0400,0.0400,0.0400,0.0400,0.00,778.00
KXHIGHLAX-25JUL02-B74.5,1751487360,2025-07-02T20:16:00+00:00,1,,,,,,0.0100,0.0000,0.0000,0.0000,0.0000,0.0400,0.0400,0.0400,0.0400,0.00,778.00
KXHIGHLAX-25JUL02-B74.5,1751487480,2025-07-02T20:18:00+00:00,1,,,,,,0.0100,0.0000,0.0000,0.0000,0.0000,0.0400,0.0400,0.0400,0.0400,0.00,778.00
KXHIGHLAX-25JUL02-B74.5,1751487600,2025-07-02T20:20:00+00:00,1,,,,,,0.0100,0.0000,0.0000,0.0000,0.0000,0.0400,0.0400,0.0400,0.0400,0.00,778.00
KXHIGHLAX-25JUL02-B74.5,1751487660,2025-07-02T20:21:00+00:00,1,,,,,,0.0100,0.0000,0.0000,0.0000,0.0000,0.0400,0.0400,0.0400,0.0400,0.00,778.00
KXHIGHLAX-25JUL02-B74.5,1751488560,2025-07-02T20:36:00+00:00,1,,,,,,0.0100,0.0000,0.0000,0.0000,0.0000,0.0400,0.0400,0.0400,0.0400,0.00,778.00
KXHIGHLAX-25JUL02-B74.5,1751488740,2025-07-02T20:39:00+00:00,1,,,,,,0.0100,0.0000,0.0000,0.0000,0.0000,0.0400,0.0400,0.0400,0.0400,0.00,778.00
KXHIGHLAX-25JUL02-B74.5,1751488800,2025-07-02T20:40:00+00:00,1,,,,,,0.0100,0.0000,0.0000,0.0000,0.0000,0.0400,0.0400,0.0400,0.0400,0.00,778.00
KXHIGHLAX-25JUL02-B74.5,1751488860,2025-07-02T20:41:00+00:00,1,,,,,,0.0100,0.0000,0.0000,0.0000,0.0000,0.0400,0.0400,0.0400,0.0400,0.00,778.00
KXHIGHLAX-25JUL02-B74.5,1751488920,2025-07-02T20:42:00+00:00,1,,,,,,0.0100,0.0000,0.0000,0.0000,0.0000,0.0400,0.0400,0.0400,0.0400,0.00,778.00
KXHIGHLAX-25JUL02-B74.5,1751488980,2025-07-02T20:43:00+00:00,1,,,,,,0.0100,0.0000,0.0000,0.0000,0.0000,0.0400,0.0400,0.0400,0.0400,0.00,778.00
KXHIGHLAX-25JUL02-B74.5,1751489160,2025-07-02T20:46:00+00:00,1,,,,,,0.0100,0.0000,0.0000,0.0000,0.0000,0.0400,0.0400,0.0400,0.0400,0.00,778.00
KXHIGHLAX-25JUL02-B74.5,1751489220,2025-07-02T20:47:00+00:00,1,,,,,,0.0100,0.0000,0.0000,0.0000,0.0000,0.0400,0.0400,0.0300,0.0300,0.00,778.00
KXHIGHLAX-25JUL02-B74.5,1751489280,2025-07-02T20:48:00+00:00,1,,,,,,0.0100,0.0000,0.0000,0.0000,0.0000,0.0300,0.0300,0.0300,0.0300,0.00,778.00
KXHIGHLAX-25JUL02-B74.5,1751489760,2025-07-02T20:56:00+00:00,1,,,,,,0.0100,0.0000,0.0000,0.0000,0.0000,0.0300,0.0300,0.0300,0.0300,0.00,778.00
KXHIGHLAX-25JUL02-B74.5,1751489820,2025-07-02T20:57:00+00:00,1,,,,,,0.0100,0.0000,0.0000,0.0000,0.0000,0.0300,0.0300,0.0300,0.0300,0.00,778.00
KXHIGHLAX-25JUL02-B74.5,1751489880,2025-07-02T20:58:00+00:00,1,,,,,,0.0100,0.0000,0.0000,0.0000,0.0000,0.0300,0.0300,0.0300,0.0300,0.00,778.00
KXHIGHLAX-25JUL02-B74.5,1751489940,2025-07-02T20:59:00+00:00,1,,,,,,0.0100,0.0000,0.0000,0.0000,0.0000,0.0300,0.0300,0.0300,0.0300,0.00,778.00
KXHIGHLAX-25JUL02-B74.5,1751490060,2025-07-02T21:01:00+00:00,1,,,,,,0.0100,0.0000,0.0000,0.0000,0.0000,0.0300,0.0300,0.0300,0.0300,0.00,778.00
KXHIGHLAX-25JUL02-B74.5,1751490240,2025-07-02T21:04:00+00:00,1,,,,,,0.0100,0.0000,0.0000,0.0000,0.0000,0.0300,0.0300,0.0100,0.0100,0.00,778.00
KXHIGHLAX-25JUL02-B74.5,1751491200,2025-07-02T21:20:00+00:00,1,,,,,,0.0100,0.0000,0.0000,0.0000,0.0000,0.0100,0.0100,0.0100,0.0100,0.00,778.00
KXHIGHLAX-25JUL02-B74.5,1751491260,2025-07-02T21:21:00+00:00,1,0.0100,0.0100,0.0100,0.0100,0.0100,0.0100,0.0000,0.0000,0.0000,0.0000,0.0100,0.0100,0.0100,0.0100,40.00,818.00
KXHIGHLAX-25JUL02-B74.5,1751491320,2025-07-02T21:22:00+00:00,1,,,,,,0.0100,0.0000,0.0000,0.0000,0.0000,0.0100,0.0100,0.0100,0.0100,0.00,818.00
KXHIGHLAX-25JUL02-B74.5,1751491560,2025-07-02T21:26:00+00:00,1,,,,,,0.0100,0.0000,0.0000,0.0000,0.0000,0.0100,0.0100,0.0100,0.0100,0.00,818.00
KXHIGHLAX-25JUL02-B74.5,1751492640,2025-07-02T21:44:00+00:00,1,,,,,,0.0100,0.0000,0.0000,0.0000,0.0000,0.0100,0.0100,0.0100,0.0100,0.00,818.00
KXHIGHLAX-25JUL02-B74.5,1751492880,2025-07-02T21:48:00+00:00,1,,,,,,0.0100,0.0000,0.0000,0.0000,0.0000,0.0100,0.0100,0.0100,0.0100,0.00,818.00
KXHIGHLAX-25JUL02-B74.5,1751493960,2025-07-02T22:06:00+00:00,1,,,,,,0.0100,0.0000,0.0000,0.0000,0.0000,0.0100,0.0100,0.0100,0.0100,0.00,818.00
KXHIGHLAX-25JUL02-B74.5,1751494140,2025-07-02T22:09:00+00:00,1,,,,,,0.0100,0.0000,0.0000,0.0000,0.0000,0.0100,0.0100,0.0100,0.0100,0.00,818.00
KXHIGHLAX-25JUL02-B74.5,1751494260,2025-07-02T22:11:00+00:00,1,,,,,,0.0100,0.0000,0.0000,0.0000,0.0000,0.0100,0.0100,0.0100,0.0100,0.00,818.00
KXHIGHLAX-25JUL02-B74.5,1751494560,2025-07-02T22:16:00+00:00,1,,,,,,0.0100,0.0000,0.0000,0.0000,0.0000,0.0100,0.0100,0.0100,0.0100,0.00,818.00
KXHIGHLAX-25JUL02-B74.5,1751494860,2025-07-02T22:21:00+00:00,1,,,,,,0.0100,0.0000,0.0000,0.0000,0.0000,0.0100,0.0100,0.0100,0.0100,0.00,818.00
KXHIGHLAX-25JUL02-B74.5,1751495280,2025-07-02T22:28:00+00:00,1,,,,,,0.0100,0.0000,0.0000,0.0000,0.0000,0.0100,0.0100,0.0100,0.0100,0.00,818.00
KXHIGHLAX-25JUL02-B74.5,1751496660,2025-07-02T22:51:00+00:00,1,,,,,,0.0100,0.0000,0.0000,0.0000,0.0000,0.0100,0.0100,0.0100,0.0100,0.00,818.00
KXHIGHLAX-25JUL02-B74.5,1751497980,2025-07-02T23:13:00+00:00,1,,,,,,0.0100,0.0000,0.0000,0.0000,0.0000,0.0100,0.0100,0.0100,0.0100,0.00,818.00
KXHIGHLAX-25JUL02-B74.5,1751498400,2025-07-02T23:20:00+00:00,1,,,,,,0.0100,0.0000,0.0000,0.0000,0.0000,0.0100,0.0100,0.0100,0.0100,0.00,818.00
KXHIGHLAX-25JUL02-B74.5,1751499360,2025-07-02T23:36:00+00:00,1,,,,,,0.0100,0.0000,0.0000,0.0000,0.0000,0.0100,0.0100,0.0100,0.0100,0.00,818.00
KXHIGHLAX-25JUL02-B74.5,1751500740,2025-07-02T23:59:00+00:00,1,,,,,,0.0100,0.0000,0.0000,0.0000,0.0000,0.0100,0.0100,0.0100,0.0100,0.00,818.00
KXHIGHLAX-25JUL02-T68,1751414520,2025-07-02T00:02:00+00:00,1,,,,,,,0.0000,0.0000,0.0000,0.0000,0.0100,0.0100,0.0100,0.0100,0.00,0.00
KXHIGHLAX-25JUL02-T68,1751414580,2025-07-02T00:03:00+00:00,1,,,,,,,0.0000,0.0000,0.0000,0.0000,0.0100,0.0100,0.0100,0.0100,0.00,0.00
KXHIGHLAX-25JUL02-T68,1751414700,2025-07-02T00:05:00+00:00,1,,,,,,,0.0000,0.0000,0.0000,0.0000,0.0100,0.0100,0.0100,0.0100,0.00,0.00
KXHIGHLAX-25JUL02-T68,1751414820,2025-07-02T00:07:00+00:00,1,,,,,,,0.0000,0.0000,0.0000,0.0000,0.0100,0.0100,0.0100,0.0100,0.00,0.00
KXHIGHLAX-25JUL02-T68,1751415660,2025-07-02T00:21:00+00:00,1,,,,,,,0.0000,0.0000,0.0000,0.0000,0.0100,0.0100,0.0100,0.0100,0.00,0.00
KXHIGHLAX-25JUL02-T68,1751416260,2025-07-02T00:31:00+00:00,1,,,,,,,0.0000,0.0000,0.0000,0.0000,0.0100,0.0100,0.0100,0.0100,0.00,0.00
KXHIGHLAX-25JUL02-T68,1751416320,2025-07-02T00:32:00+00:00,1,,,,,,,0.0000,0.0000,0.0000,0.0000,0.0100,0.0100,0.0100,0.0100,0.00,0.00
KXHIGHLAX-25JUL02-T68,1751416560,2025-07-02T00:36:00+00:00,1,,,,,,,0.0000,0.0000,0.0000,0.0000,0.0100,0.0100,0.0100,0.0100,0.00,0.00
KXHIGHLAX-25JUL02-T68,1751416620,2025-07-02T00:37:00+00:00,1,,,,,,,0.0000,0.0000,0.0000,0.0000,0.0100,0.0100,0.0100,0.0100,0.00,0.00
KXHIGHLAX-25JUL02-T68,1751416980,2025-07-02T00:43:00+00:00,1,,,,,,,0.0000,0.0000,0.0000,0.0000,0.0100,0.0100,0.0100,0.0100,0.00,0.00
KXHIGHLAX-25JUL02-T68,1751417220,2025-07-02T00:47:00+00:00,1,,,,,,,0.0000,0.0000,0.0000,0.0000,0.0100,0.0100,0.0100,0.0100,0.00,0.00
KXHIGHLAX-25JUL02-T68,1751417340,2025-07-02T00:49:00+00:00,1,,,,,,,0.0000,0.0000,0.0000,0.0000,0.0100,0.0100,0.0100,0.0100,0.00,0.00
KXHIGHLAX-25JUL02-T68,1751417520,2025-07-02T00:52:00+00:00,1,,,,,,,0.0000,0.0000,0.0000,0.0000,0.0100,0.0100,0.0100,0.0100,0.00,0.00
KXHIGHLAX-25JUL02-T68,1751417760,2025-07-02T00:56:00+00:00,1,,,,,,,0.0000,0.0000,0.0000,0.0000,0.0100,0.0100,0.0100,0.0100,0.00,0.00
KXHIGHLAX-25JUL02-T68,1751417880,2025-07-02T00:58:00+00:00,1,,,,,,,0.0000,0.0000,0.0000,0.0000,0.0100,0.0100,0.0100,0.0100,0.00,0.00
KXHIGHLAX-25JUL02-T68,1751417940,2025-07-02T00:59:00+00:00,1,,,,,,,0.0000,0.0000,0.0000,0.0000,0.0100,0.0100,0.0100,0.0100,0.00,0.00
KXHIGHLAX-25JUL02-T68,1751418060,2025-07-02T01:01:00+00:00,1,,,,,,,0.0000,0.0000,0.0000,0.0000,0.0100,0.0100,0.0100,0.0100,0.00,0.00
KXHIGHLAX-25JUL02-T68,1751418120,2025-07-02T01:02:00+00:00,1,,,,,,,0.0000,0.0000,0.0000,0.0000,0.0100,0.0100,0.0100,0.0100,0.00,0.00
KXHIGHLAX-25JUL02-T68,1751418240,2025-07-02T01:04:00+00:00,1,,,,,,,0.0000,0.0000,0.0000,0.0000,0.0100,0.0100,0.0100,0.0100,0.00,0.00
KXHIGHLAX-25JUL02-T68,1751419020,2025-07-02T01:17:00+00:00,1,,,,,,,0.0000,0.0000,0.0000,0.0000,0.0100,0.0100,0.0100,0.0100,0.00,0.00
KXHIGHLAX-25JUL02-T68,1751419140,2025-07-02T01:19:00+00:00,1,,,,,,,0.0000,0.0000,0.0000,0.0000,0.0100,0.0100,0.0100,0.0100,0.00,0.00
KXHIGHLAX-25JUL02-T68,1751419260,2025-07-02T01:21:00+00:00,1,,,,,,,0.0000,0.0000,0.0000,0.0000,0.0100,0.0100,0.0100,0.0100,0.00,0.00
KXHIGHLAX-25JUL02-T68,1751419320,2025-07-02T01:22:00+00:00,1,,,,,,,0.0000,0.0000,0.0000,0.0000,0.0100,0.0100,0.0100,0.0100,0.00,0.00
KXHIGHLAX-25JUL02-T68,1751419560,2025-07-02T01:26:00+00:00,1,,,,,,,0.0000,0.0000,0.0000,0.0000,0.0100,0.0100,0.0100,0.0100,0.00,0.00
KXHIGHLAX-25JUL02-T68,1751419860,2025-07-02T01:31:00+00:00,1,,,,,,,0.0000,0.0000,0.0000,0.0000,0.0100,0.0100,0.0100,0.0100,0.00,0.00
KXHIGHLAX-25JUL02-T68,1751422740,2025-07-02T02:19:00+00:00,1,,,,,,,0.0000,0.0000,0.0000,0.0000,0.0100,0.0100,0.0100,0.0100,0.00,0.00
KXHIGHLAX-25JUL02-T68,1751423160,2025-07-02T02:26:00+00:00,1,,,,,,,0.0000,0.0000,0.0000,0.0000,0.0100,0.0100,0.0100,0.0100,0.00,0.00
KXHIGHLAX-25JUL02-T68,1751425020,2025-07-02T02:57:00+00:00,1,,,,,,,0.0000,0.0000,0.0000,0.0000,0.0100,0.0100,0.0100,0.0100,0.00,0.00
KXHIGHLAX-25JUL02-T68,1751425500,2025-07-02T03:05:00+00:00,1,,,,,,,0.0000,0.0000,0.0000,0.0000,0.0100,0.0100,0.0100,0.0100,0.00,0.00
KXHIGHLAX-25JUL02-T68,1751425620,2025-07-02T03:07:00+00:00,1,,,,,,,0.0000,0.0000,0.0000,0.0000,0.0100,0.0100,0.0100,0.0100,0.00,0.00
KXHIGHLAX-25JUL02-T68,1751425860,2025-07-02T03:11:00+00:00,1,,,,,,,0.0000,0.0000,0.0000,0.0000,0.0100,0.0100,0.0100,0.0100,0.00,0.00
KXHIGHLAX-25JUL02-T68,1751425980,2025-07-02T03:13:00+00:00,1,,,,,,,0.0000,0.0000,0.0000,0.0000,0.0100,0.0100,0.0100,0.0100,0.00,0.00
KXHIGHLAX-25JUL02-T68,1751426580,2025-07-02T03:23:00+00:00,1,,,,,,,0.0000,0.0000,0.0000,0.0000,0.0100,0.0100,0.0100,0.0100,0.00,0.00
KXHIGHLAX-25JUL02-T68,1751426760,2025-07-02T03:26:00+00:00,1,,,,,,,0.0000,0.0000,0.0000,0.0000,0.0100,0.0100,0.0100,0.0100,0.00,0.00
KXHIGHLAX-25JUL02-T68,1751427480,2025-07-02T03:38:00+00:00,1,,,,,,,0.0000,0.0000,0.0000,0.0000,0.0100,0.0100,0.0100,0.0100,0.00,0.00
KXHIGHLAX-25JUL02-T68,1751427600,2025-07-02T03:40:00+00:00,1,,,,,,,0.0000,0.0000,0.0000,0.0000,0.0100,0.0100,0.0100,0.0100,0.00,0.00
KXHIGHLAX-25JUL02-T68,1751429340,2025-07-02T04:09:00+00:00,1,,,,,,,0.0000,0.0000,0.0000,0.0000,0.0100,0.0100,0.0100,0.0100,0.00,0.00
KXHIGHLAX-25JUL02-T68,1751429400,2025-07-02T04:10:00+00:00,1,0.0100,0.0100,0.0100,0.0100,0.0100,,0.0000,0.0100,0.0000,0.0100,0.0100,0.0400,0.0100,0.0400,1.00,1.00
KXHIGHLAX-25JUL02-T68,1751429580,2025-07-02T04:13:00+00:00,1,,,,,,0.0100,0.0100,0.0100,0.0100,0.0100,0.0400,0.0600,0.0400,0.0400,0.00,1.00
KXHIGHLAX-25JUL02-T68,1751429940,2025-07-02T04:19:00+00:00,1,,,,,,0.0100,0.0100,0.0100,0.0100,0.0100,0.0400,0.0600,0.0400,0.0400,0.00,1.00
KXHIGHLAX-25JUL02-T68,1751430360,2025-07-02T04:26:00+00:00,1,,,,,,0.0100,0.0100,0.0100,0.0100,0.0100,0.0400,0.0400,0.0400,0.0400,0.00,1.00
KXHIGHLAX-25JUL02-T68,1751430420,2025-07-02T04:27:00+00:00,1,,,,,,0.0100,0.0100,0.0100,0.0100,0.0100,0.0400,0.1000,0.0400,0.0400,0.00,1.00
KXHIGHLAX-25JUL02-T68,1751430660,2025-07-02T04:31:00+00:00,1,,,,,,0.0100,0.0100,0.0100,0.0100,0.0100,0.0400,0.0400,0.0400,0.0400,0.00,1.00
KXHIGHLAX-25JUL02-T68,1751431020,2025-07-02T04:37:00+00:00,1,,,,,,0.0100,0.0100,0.0100,0.0100,0.0100,0.0400,0.0400,0.0300,0.0300,0.00,1.00
KXHIGHLAX-25JUL02-T68,1751431080,2025-07-02T04:38:00+00:00,1,,,,,,0.0100,0.0100,0.0100,0.0100,0.0100,0.0300,0.0400,0.0300,0.0300,0.00,1.00
KXHIGHLAX-25JUL02-T68,1751431140,2025-07-02T04:39:00+00:00,1,,,,,,0.0100,0.0100,0.0100,0.0100,0.0100,0.0300,0.0400,0.0300,0.0300,0.00,1.00
KXHIGHLAX-25JUL02-T68,1751431200,2025-07-02T04:40:00+00:00,1,,,,,,0.0100,0.0100,0.0100,0.0100,0.0100,0.0300,0.0400,0.0300,0.0300,0.00,1.00
KXHIGHLAX-25JUL02-T68,1751431260,2025-07-02T04:41:00+00:00,1,,,,,,0.0100,0.0100,0.0100,0.0100,0.0100,0.0300,0.0400,0.0300,0.0300,0.00,1.00
KXHIGHLAX-25JUL02-T68,1751431320,2025-07-02T04:42:00+00:00,1,,,,,,0.0100,0.0100,0.0100,0.0100,0.0100,0.0300,0.0400,0.0300,0.0300,0.00,1.00
KXHIGHLAX-25JUL02-T68,1751431380,2025-07-02T04:43:00+00:00,1,,,,,,0.0100,0.0100,0.0100,0.0100,0.0100,0.0300,0.0400,0.0300,0.0300,0.00,1.00
KXHIGHLAX-25JUL02-T68,1751431440,2025-07-02T04:44:00+00:00,1,,,,,,0.0100,0.0100,0.0100,0.0100,0.0100,0.0300,0.0400,0.0300,0.0300,0.00,1.00
KXHIGHLAX-25JUL02-T68,1751431500,2025-07-02T04:45:00+00:00,1,,,,,,0.0100,0.0100,0.0100,0.0100,0.0100,0.0300,0.0400,0.0300,0.0300,0.00,1.00
KXHIGHLAX-25JUL02-T68,1751431560,2025-07-02T04:46:00+00:00,1,0.0300,0.0300,0.0300,0.0300,0.0300,0.0100,0.0100,0.0100,0.0000,0.0000,0.0300,0.0400,0.0300,0.0300,99.00,100.00
KXHIGHLAX-25JUL02-T68,1751431620,2025-07-02T04:47:00+00:00,1,,,,,,0.0300,0.0000,0.0000,0.0000,0.0000,0.0300,0.0400,0.0300,0.0300,0.00,100.00
KXHIGHLAX-25JUL02-T68,1751431680,2025-07-02T04:48:00+00:00,1,,,,,,0.0300,0.0000,0.0000,0.0000,0.0000,0.0300,0.0400,0.0300,0.0300,0.00,100.00
KXHIGHLAX-25JUL02-T68,1751431740,2025-07-02T04:49:00+00:00,1,,,,,,0.0300,0.0000,0.0000,0.0000,0.0000,0.0300,0.0400,0.0300,0.0300,0.00,100.00
KXHIGHLAX-25JUL02-T68,1751431800,2025-07-02T04:50:00+00:00,1,,,,,,0.0300,0.0000,0.0000,0.0000,0.0000,0.0300,0.0400,0.0300,0.0300,0.00,100.00
KXHIGHLAX-25JUL02-T68,1751431860,2025-07-02T04:51:00+00:00,1,,,,,,0.0300,0.0000,0.0000,0.0000,0.0000,0.0300,0.0400,0.0300,0.0300,0.00,100.00
KXHIGHLAX-25JUL02-T68,1751431920,2025-07-02T04:52:00+00:00,1,,,,,,0.0300,0.0000,0.0000,0.0000,0.0000,0.0300,0.0400,0.0300,0.0300,0.00,100.00
KXHIGHLAX-25JUL02-T68,1751431980,2025-07-02T04:53:00+00:00,1,,,,,,0.0300,0.0000,0.0000,0.0000,0.0000,0.0300,0.0400,0.0300,0.0300,0.00,100.00
KXHIGHLAX-25JUL02-T68,1751432040,2025-07-02T04:54:00+00:00,1,,,,,,0.0300,0.0000,0.0000,0.0000,0.0000,0.0300,0.0400,0.0300,0.0300,0.00,100.00
KXHIGHLAX-25JUL02-T68,1751432100,2025-07-02T04:55:00+00:00,1,,,,,,0.0300,0.0000,0.0000,0.0000,0.0000,0.0300,0.0400,0.0300,0.0300,0.00,100.00
KXHIGHLAX-25JUL02-T68,1751432160,2025-07-02T04:56:00+00:00,1,,,,,,0.0300,0.0000,0.0000,0.0000,0.0000,0.0300,0.0400,0.0300,0.0300,0.00,100.00
KXHIGHLAX-25JUL02-T68,1751432220,2025-07-02T04:57:00+00:00,1,,,,,,0.0300,0.0000,0.0000,0.0000,0.0000,0.0300,0.0400,0.0300,0.0300,0.00,100.00
KXHIGHLAX-25JUL02-T68,1751432280,2025-07-02T04:58:00+00:00,1,,,,,,0.0300,0.0000,0.0000,0.0000,0.0000,0.0300,0.0400,0.0300,0.0300,0.00,100.00
KXHIGHLAX-25JUL02-T68,1751432340,2025-07-02T04:59:00+00:00,1,,,,,,0.0300,0.0000,0.0000,0.0000,0.0000,0.0300,0.0400,0.0300,0.0300,0.00,100.00
KXHIGHLAX-25JUL02-T68,1751432400,2025-07-02T05:00:00+00:00,1,,,,,,0.0300,0.0000,0.0000,0.0000,0.0000,0.0300,0.0400,0.0300,0.0300,0.00,100.00
KXHIGHLAX-25JUL02-T68,1751432460,2025-07-02T05:01:00+00:00,1,,,,,,0.0300,0.0000,0.0000,0.0000,0.0000,0.0300,0.0400,0.0300,0.0300,0.00,100.00
KXHIGHLAX-25JUL02-T68,1751432520,2025-07-02T05:02:00+00:00,1,,,,,,0.0300,0.0000,0.0000,0.0000,0.0000,0.0300,0.0400,0.0300,0.0300,0.00,100.00
KXHIGHLAX-25JUL02-T68,1751432580,2025-07-02T05:03:00+00:00,1,,,,,,0.0300,0.0000,0.0000,0.0000,0.0000,0.0300,0.0400,0.0300,0.0400,0.00,100.00
KXHIGHLAX-25JUL02-T68,1751432640,2025-07-02T05:04:00+00:00,1,,,,,,0.0300,0.0000,0.0000,0.0000,0.0000,0.0400,0.0400,0.0300,0.0300,0.00,100.00
KXHIGHLAX-25JUL02-T68,1751432700,2025-07-02T05:05:00+00:00,1,,,,,,0.0300,0.0000,0.0000,0.0000,0.0000,0.0300,0.0400,0.0300,0.0300,0.00,100.00
KXHIGHLAX-25JUL02-T68,1751432760,2025-07-02T05:06:00+00:00,1,,,,,,0.0300,0.0000,0.0000,0.0000,0.0000,0.0300,0.0400,0.0300,0.0300,0.00,100.00
KXHIGHLAX-25JUL02-T68,1751432820,2025-07-02T05:07:00+00:00,1,,,,,,0.0300,0.0000,0.0000,0.0000,0.0000,0.0300,0.0400,0.0300,0.0300,0.00,100.00
KXHIGHLAX-25JUL02-T68,1751432880,2025-07-02T05:08:00+00:00,1,,,,,,0.0300,0.0000,0.0000,0.0000,0.0000,0.0300,0.0400,0.0300,0.0300,0.00,100.00
KXHIGHLAX-25JUL02-T68,1751432940,2025-07-02T05:09:00+00:00,1,,,,,,0.0300,0.0000,0.0000,0.0000,0.0000,0.0300,0.0400,0.0300,0.0300,0.00,100.00
KXHIGHLAX-25JUL02-T68,1751433000,2025-07-02T05:10:00+00:00,1,,,,,,0.0300,0.0000,0.0000,0.0000,0.0000,0.0300,0.0400,0.0300,0.0300,0.00,100.00
KXHIGHLAX-25JUL02-T68,1751433060,2025-07-02T05:11:00+00:00,1,,,,,,0.0300,0.0000,0.0000,0.0000,0.0000,0.0300,0.0400,0.0300,0.0300,0.00,100.00
KXHIGHLAX-25JUL02-T68,1751433120,2025-07-02T05:12:00+00:00,1,,,,,,0.0300,0.0000,0.0000,0.0000,0.0000,0.0300,0.0400,0.0300,0.0300,0.00,100.00
KXHIGHLAX-25JUL02-T68,1751433180,2025-07-02T05:13:00+00:00,1,,,,,,0.0300,0.0000,0.0000,0.0000,0.0000,0.0300,0.0400,0.0300,0.0300,0.00,100.00
KXHIGHLAX-25JUL02-T68,1751433240,2025-07-02T05:14:00+00:00,1,,,,,,0.0300,0.0000,0.0000,0.0000,0.0000,0.0300,0.0400,0.0300,0.0300,0.00,100.00
KXHIGHLAX-25JUL02-T68,1751433300,2025-07-02T05:15:00+00:00,1,,,,,,0.0300,0.0000,0.0000,0.0000,0.0000,0.0300,0.0400,0.0300,0.0300,0.00,100.00
KXHIGHLAX-25JUL02-T68,1751433360,2025-07-02T05:16:00+00:00,1,,,,,,0.0300,0.0000,0.0000,0.0000,0.0000,0.0300,0.0400,0.0300,0.0400,0.00,100.00
KXHIGHLAX-25JUL02-T68,1751433420,2025-07-02T05:17:00+00:00,1,,,,,,0.0300,0.0000,0.0000,0.0000,0.0000,0.0400,0.0400,0.0300,0.0300,0.00,100.00
KXHIGHLAX-25JUL02-T68,1751433480,2025-07-02T05:18:00+00:00,1,,,,,,0.0300,0.0000,0.0000,0.0000,0.0000,0.0300,0.0400,0.0300,0.0300,0.00,100.00
KXHIGHLAX-25JUL02-T68,1751433540,2025-07-02T05:19:00+00:00,1,,,,,,0.0300,0.0000,0.0000,0.0000,0.0000,0.0300,0.0400,0.0300,0.0300,0.00,100.00
KXHIGHLAX-25JUL02-T68,1751433600,2025-07-02T05:20:00+00:00,1,,,,,,0.0300,0.0000,0.0000,0.0000,0.0000,0.0300,0.0400,0.0300,0.0300,0.00,100.00
KXHIGHLAX-25JUL02-T68,1751433660,2025-07-02T05:21:00+00:00,1,,,,,,0.0300,0.0000,0.0000,0.0000,0.0000,0.0300,0.0400,0.0300,0.0300,0.00,100.00
KXHIGHLAX-25JUL02-T68,1751433720,2025-07-02T05:22:00+00:00,1,,,,,,0.0300,0.0000,0.0000,0.0000,0.0000,0.0300,0.0400,0.0300,0.0300,0.00,100.00
KXHIGHLAX-25JUL02-T68,1751433780,2025-07-02T05:23:00+00:00,1,,,,,,0.0300,0.0000,0.0000,0.0000,0.0000,0.0300,0.0400,0.0300,0.0300,0.00,100.00
KXHIGHLAX-25JUL02-T68,1751433840,2025-07-02T05:24:00+00:00,1,,,,,,0.0300,0.0000,0.0000,0.0000,0.0000,0.0300,0.0400,0.0300,0.0300,0.00,100.00
KXHIGHLAX-25JUL02-T68,1751433900,2025-07-02T05:25:00+00:00,1,,,,,,0.0300,0.0000,0.0000,0.0000,0.0000,0.0300,0.0400,0.0300,0.0300,0.00,100.00
KXHIGHLAX-25JUL02-T68,1751433960,2025-07-02T05:26:00+00:00,1,,,,,,0.0300,0.0000,0.0000,0.0000,0.0000,0.0300,0.0400,0.0300,0.0300,0.00,100.00
KXHIGHLAX-25JUL02-T68,1751434020,2025-07-02T05:27:00+00:00,1,,,,,,0.0300,0.0000,0.0000,0.0000,0.0000,0.0300,0.0400,0.0300,0.0400,0.00,100.00
KXHIGHLAX-25JUL02-T68,1751434080,2025-07-02T05:28:00+00:00,1,,,,,,0.0300,0.0000,0.0000,0.0000,0.0000,0.0400,0.0400,0.0300,0.0300,0.00,100.00
KXHIGHLAX-25JUL02-T68,1751434140,2025-07-02T05:29:00+00:00,1,,,,,,0.0300,0.0000,0.0000,0.0000,0.0000,0.0300,0.0400,0.0300,0.0300,0.00,100.00
KXHIGHLAX-25JUL02-T68,1751434200,2025-07-02T05:30:00+00:00,1,,,,,,0.0300,0.0000,0.0000,0.0000,0.0000,0.0300,0.0400,0.0300,0.0300,0.00,100.00
KXHIGHLAX-25JUL02-T68,1751434260,2025-07-02T05:31:00+00:00,1,,,,,,0.0300,0.0000,0.0000,0.0000,0.0000,0.0300,0.0400,0.0300,0.0300,0.00,100.00
KXHIGHLAX-25JUL02-T68,1751434320,2025-07-02T05:32:00+00:00,1,,,,,,0.0300,0.0000,0.0000,0.0000,0.0000,0.0300,0.0300,0.0300,0.0300,0.00,100.00
KXHIGHLAX-25JUL02-T68,1751434380,2025-07-02T05:33:00+00:00,1,,,,,,0.0300,0.0000,0.0000,0.0000,0.0000,0.0300,0.0400,0.0300,0.0300,0.00,100.00
KXHIGHLAX-25JUL02-T68,1751434440,2025-07-02T05:34:00+00:00,1,,,,,,0.0300,0.0000,0.0000,0.0000,0.0000,0.0300,0.0400,0.0300,0.0300,0.00,100.00
KXHIGHLAX-25JUL02-T68,1751434500,2025-07-02T05:35:00+00:00,1,,,,,,0.0300,0.0000,0.0000,0.0000,0.0000,0.0300,0.0400,0.0300,0.0300,0.00,100.00
KXHIGHLAX-25JUL02-T68,1751434560,2025-07-02T05:36:00+00:00,1,,,,,,0.0300,0.0000,0.0000,0.0000,0.0000,0.0300,0.0400,0.0300,0.0300,0.00,100.00
KXHIGHLAX-25JUL02-T68,1751434620,2025-07-02T05:37:00+00:00,1,,,,,,0.0300,0.0000,0.0000,0.0000,0.0000,0.0300,0.0400,0.0300,0.0300,0.00,100.00
KXHIGHLAX-25JUL02-T68,1751434680,2025-07-02T05:38:00+00:00,1,,,,,,0.0300,0.0000,0.0000,0.0000,0.0000,0.0300,0.0400,0.0300,0.0300,0.00,100.00
KXHIGHLAX-25JUL02-T68,1751434740,2025-07-02T05:39:00+00:00,1,,,,,,0.0300,0.0000,0.0000,0.0000,0.0000,0.0300,0.0400,0.0300,0.0300,0.00,100.00
KXHIGHLAX-25JUL02-T68,1751434800,2025-07-02T05:40:00+00:00,1,,,,,,0.0300,0.0000,0.0000,0.0000,0.0000,0.0300,0.0400,0.0300,0.0300,0.00,100.00
KXHIGHLAX-25JUL02-T68,1751434860,2025-07-02T05:41:00+00:00,1,,,,,,0.0300,0.0000,0.0000,0.0000,0.0000,0.0300,0.0400,0.0300,0.0300,0.00,100.00
KXHIGHLAX-25JUL02-T68,1751434920,2025-07-02T05:42:00+00:00,1,,,,,,0.0300,0.0000,0.0000,0.0000,0.0000,0.0300,0.0400,0.0300,0.0300,0.00,100.00
KXHIGHLAX-25JUL02-T68,1751434980,2025-07-02T05:43:00+00:00,1,,,,,,0.0300,0.0000,0.0000,0.0000,0.0000,0.0300,0.0400,0.0300,0.0400,0.00,100.00
KXHIGHLAX-25JUL02-T68,1751435040,2025-07-02T05:44:00+00:00,1,,,,,,0.0300,0.0000,0.0000,0.0000,0.0000,0.0400,0.0400,0.0300,0.0300,0.00,100.00
KXHIGHLAX-25JUL02-T68,1751435100,2025-07-02T05:45:00+00:00,1,,,,,,0.0300,0.0000,0.0000,0.0000,0.0000,0.0300,0.0400,0.0300,0.0300,0.00,100.00
KXHIGHLAX-25JUL02-T68,1751435160,2025-07-02T05:46:00+00:00,1,,,,,,0.0300,0.0000,0.0000,0.0000,0.0000,0.0300,0.0400,0.0300,0.0300,0.00,100.00
KXHIGHLAX-25JUL02-T68,1751435220,2025-07-02T05:47:00+00:00,1,,,,,,0.0300,0.0000,0.0000,0.0000,0.0000,0.0300,0.0400,0.0300,0.0300,0.00,100.00
KXHIGHLAX-25JUL02-T68,1751435280,2025-07-02T05:48:00+00:00,1,,,,,,0.0300,0.0000,0.0000,0.0000,0.0000,0.0300,0.0400,0.0300,0.0300,0.00,100.00
KXHIGHLAX-25JUL02-T68,1751435340,2025-07-02T05:49:00+00:00,1,,,,,,0.0300,0.0000,0.0000,0.0000,0.0000,0.0300,0.0400,0.0300,0.0300,0.00,100.00
KXHIGHLAX-25JUL02-T68,1751435400,2025-07-02T05:50:00+00:00,1,,,,,,0.0300,0.0000,0.0000,0.0000,0.0000,0.0300,0.0400,0.0300,0.0300,0.00,100.00
KXHIGHLAX-25JUL02-T68,1751435460,2025-07-02T05:51:00+00:00,1,,,,,,0.0300,0.0000,0.0000,0.0000,0.0000,0.0300,0.0400,0.0300,0.0300,0.00,100.00
KXHIGHLAX-25JUL02-T68,1751435520,2025-07-02T05:52:00+00:00,1,,,,,,0.0300,0.0000,0.0000,0.0000,0.0000,0.0300,0.0400,0.0300,0.0300,0.00,100.00
KXHIGHLAX-25JUL02-T68,1751435580,2025-07-02T05:53:00+00:00,1,,,,,,0.0300,0.0000,0.0000,0.0000,0.0000,0.0300,0.0400,0.0300,0.0300,0.00,100.00
KXHIGHLAX-25JUL02-T68,1751435640,2025-07-02T05:54:00+00:00,1,,,,,,0.0300,0.0000,0.0000,0.0000,0.0000,0.0300,0.0400,0.0300,0.0300,0.00,100.00
KXHIGHLAX-25JUL02-T68,1751435700,2025-07-02T05:55:00+00:00,1,,,,,,0.0300,0.0000,0.0000,0.0000,0.0000,0.0300,0.0400,0.0300,0.0300,0.00,100.00
KXHIGHLAX-25JUL02-T68,1751435760,2025-07-02T05:56:00+00:00,1,,,,,,0.0300,0.0000,0.0000,0.0000,0.0000,0.0300,0.0400,0.0300,0.0300,0.00,100.00
KXHIGHLAX-25JUL02-T68,1751435820,2025-07-02T05:57:00+00:00,1,,,,,,0.0300,0.0000,0.0000,0.0000,0.0000,0.0300,0.0400,0.0300,0.0300,0.00,100.00
KXHIGHLAX-25JUL02-T68,1751435880,2025-07-02T05:58:00+00:00,1,,,,,,0.0300,0.0000,0.0000,0.0000,0.0000,0.0300,0.0400,0.0300,0.0300,0.00,100.00
KXHIGHLAX-25JUL02-T68,1751435940,2025-07-02T05:59:00+00:00,1,,,,,,0.0300,0.0000,0.0000,0.0000,0.0000,0.0300,0.0400,0.0300,0.0300,0.00,100.00
KXHIGHLAX-25JUL02-T68,1751436000,2025-07-02T06:00:00+00:00,1,,,,,,0.0300,0.0000,0.0000,0.0000,0.0000,0.0300,0.0400,0.0300,0.0300,0.00,100.00
KXHIGHLAX-25JUL02-T68,1751436060,2025-07-02T06:01:00+00:00,1,,,,,,0.0300,0.0000,0.0000,0.0000,0.0000,0.0300,0.0400,0.0300,0.0300,0.00,100.00
KXHIGHLAX-25JUL02-T68,1751436120,2025-07-02T06:02:00+00:00,1,,,,,,0.0300,0.0000,0.0000,0.0000,0.0000,0.0300,0.0400,0.0300,0.0300,0.00,100.00
KXHIGHLAX-25JUL02-T68,1751436180,2025-07-02T06:03:00+00:00,1,,,,,,0.0300,0.0000,0.0000,0.0000,0.0000,0.0300,0.0400,0.0300,0.0300,0.00,100.00
KXHIGHLAX-25JUL02-T68,1751436240,2025-07-02T06:04:00+00:00,1,,,,,,0.0300,0.0000,0.0000,0.0000,0.0000,0.0300,0.0400,0.0300,0.0300,0.00,100.00
KXHIGHLAX-25JUL02-T68,1751436300,2025-07-02T06:05:00+00:00,1,,,,,,0.0300,0.0000,0.0000,0.0000,0.0000,0.0300,0.0400,0.0300,0.0400,0.00,100.00
KXHIGHLAX-25JUL02-T68,1751436360,2025-07-02T06:06:00+00:00,1,,,,,,0.0300,0.0000,0.0000,0.0000,0.0000,0.0400,0.0400,0.0300,0.0300,0.00,100.00
KXHIGHLAX-25JUL02-T68,1751436420,2025-07-02T06:07:00+00:00,1,,,,,,0.0300,0.0000,0.0000,0.0000,0.0000,0.0300,0.0400,0.0300,0.0300,0.00,100.00
KXHIGHLAX-25JUL02-T68,1751436480,2025-07-02T06:08:00+00:00,1,,,,,,0.0300,0.0000,0.0000,0.0000,0.0000,0.0300,0.0400,0.0300,0.0300,0.00,100.00
KXHIGHLAX-25JUL02-T68,1751436540,2025-07-02T06:09:00+00:00,1,,,,,,0.0300,0.0000,0.0000,0.0000,0.0000,0.0300,0.0400,0.0300,0.0300,0.00,100.00
KXHIGHLAX-25JUL02-T68,1751436600,2025-07-02T06:10:00+00:00,1,,,,,,0.0300,0.0000,0.0000,0.0000,0.0000,0.0300,0.0400,0.0300,0.0300,0.00,100.00
KXHIGHLAX-25JUL02-T68,1751436660,2025-07-02T06:11:00+00:00,1,,,,,,0.0300,0.0000,0.0000,0.0000,0.0000,0.0300,0.0400,0.0300,0.0300,0.00,100.00
KXHIGHLAX-25JUL02-T68,1751436720,2025-07-02T06:12:00+00:00,1,,,,,,0.0300,0.0000,0.0000,0.0000,0.0000,0.0300,0.0400,0.0300,0.0300,0.00,100.00
KXHIGHLAX-25JUL02-T68,1751436780,2025-07-02T06:13:00+00:00,1,,,,,,0.0300,0.0000,0.0000,0.0000,0.0000,0.0300,0.0400,0.0300,0.0300,0.00,100.00
KXHIGHLAX-25JUL02-T68,1751436840,2025-07-02T06:14:00+00:00,1,,,,,,0.0300,0.0000,0.0000,0.0000,0.0000,0.0300,0.0400,0.0300,0.0300,0.00,100.00
KXHIGHLAX-25JUL02-T68,1751436900,2025-07-02T06:15:00+00:00,1,,,,,,0.0300,0.0000,0.0000,0.0000,0.0000,0.0300,0.0400,0.0300,0.0300,0.00,100.00
KXHIGHLAX-25JUL02-T68,1751436960,2025-07-02T06:16:00+00:00,1,,,,,,0.0300,0.0000,0.0000,0.0000,0.0000,0.0300,0.0400,0.0300,0.0300,0.00,100.00
KXHIGHLAX-25JUL02-T68,1751437020,2025-07-02T06:17:00+00:00,1,,,,,,0.0300,0.0000,0.0000,0.0000,0.0000,0.0300,0.0400,0.0300,0.0300,0.00,100.00
KXHIGHLAX-25JUL02-T68,1751437140,2025-07-02T06:19:00+00:00,1,,,,,,0.0300,0.0000,0.0000,0.0000,0.0000,0.0300,0.0400,0.0300,0.0300,0.00,100.00
KXHIGHLAX-25JUL02-T68,1751437200,2025-07-02T06:20:00+00:00,1,,,,,,0.0300,0.0000,0.0000,0.0000,0.0000,0.0300,0.0400,0.0300,0.0300,0.00,100.00
KXHIGHLAX-25JUL02-T68,1751437260,2025-07-02T06:21:00+00:00,1,,,,,,0.0300,0.0000,0.0000,0.0000,0.0000,0.0300,0.0400,0.0300,0.0300,0.00,100.00
KXHIGHLAX-25JUL02-T68,1751437320,2025-07-02T06:22:00+00:00,1,,,,,,0.0300,0.0000,0.0000,0.0000,0.0000,0.0300,0.0400,0.0300,0.0300,0.00,100.00
KXHIGHLAX-25JUL02-T68,1751437380,2025-07-02T06:23:00+00:00,1,,,,,,0.0300,0.0000,0.0000,0.0000,0.0000,0.0300,0.0400,0.0300,0.0300,0.00,100.00
KXHIGHLAX-25JUL02-T68,1751437440,2025-07-02T06:24:00+00:00,1,,,,,,0.0300,0.0000,0.0000,0.0000,0.0000,0.0300,0.0400,0.0300,0.0300,0.00,100.00
KXHIGHLAX-25JUL02-T68,1751437500,2025-07-02T06:25:00+00:00,1,,,,,,0.0300,0.0000,0.0000,0.0000,0.0000,0.0300,0.0400,0.0300,0.0300,0.00,100.00
KXHIGHLAX-25JUL02-T68,1751437560,2025-07-02T06:26:00+00:00,1,,,,,,0.0300,0.0000,0.0000,0.0000,0.0000,0.0300,0.0400,0.0300,0.0300,0.00,100.00
KXHIGHLAX-25JUL02-T68,1751437620,2025-07-02T06:27:00+00:00,1,,,,,,0.0300,0.0000,0.0000,0.0000,0.0000,0.0300,0.0400,0.0300,0.0300,0.00,100.00
KXHIGHLAX-25JUL02-T68,1751437680,2025-07-02T06:28:00+00:00,1,,,,,,0.0300,0.0000,0.0000,0.0000,0.0000,0.0300,0.0400,0.0300,0.0300,0.00,100.00
KXHIGHLAX-25JUL02-T68,1751437740,2025-07-02T06:29:00+00:00,1,,,,,,0.0300,0.0000,0.0000,0.0000,0.0000,0.0300,0.0400,0.0300,0.0300,0.00,100.00
KXHIGHLAX-25JUL02-T68,1751437800,2025-07-02T06:30:00+00:00,1,,,,,,0.0300,0.0000,0.0000,0.0000,0.0000,0.0300,0.0400,0.0300,0.0300,0.00,100.00
KXHIGHLAX-25JUL02-T68,1751437860,2025-07-02T06:31:00+00:00,1,,,,,,0.0300,0.0000,0.0000,0.0000,0.0000,0.0300,0.0400,0.0300,0.0300,0.00,100.00
KXHIGHLAX-25JUL02-T68,1751437920,2025-07-02T06:32:00+00:00,1,,,,,,0.0300,0.0000,0.0000,0.0000,0.0000,0.0300,0.0400,0.0300,0.0300,0.00,100.00
KXHIGHLAX-25JUL02-T68,1751437980,2025-07-02T06:33:00+00:00,1,,,,,,0.0300,0.0000,0.0000,0.0000,0.0000,0.0300,0.0400,0.0300,0.0300,0.00,100.00
KXHIGHLAX-25JUL02-T68,1751438040,2025-07-02T06:34:00+00:00,1,,,,,,0.0300,0.0000,0.0000,0.0000,0.0000,0.0300,0.0400,0.0300,0.0300,0.00,100.00
KXHIGHLAX-25JUL02-T68,1751438100,2025-07-02T06:35:00+00:00,1,,,,,,0.0300,0.0000,0.0000,0.0000,0.0000,0.0300,0.0400,0.0300,0.0300,0.00,100.00
KXHIGHLAX-25JUL02-T68,1751438160,2025-07-02T06:36:00+00:00,1,,,,,,0.0300,0.0000,0.0000,0.0000,0.0000,0.0300,0.0400,0.0300,0.0300,0.00,100.00
KXHIGHLAX-25JUL02-T68,1751438220,2025-07-02T06:37:00+00:00,1,,,,,,0.0300,0.0000,0.0000,0.0000,0.0000,0.0300,0.0400,0.0300,0.0300,0.00,100.00
KXHIGHLAX-25JUL02-T68,1751438280,2025-07-02T06:38:00+00:00,1,,,,,,0.0300,0.0000,0.0000,0.0000,0.0000,0.0300,0.0400,0.0300,0.0300,0.00,100.00
KXHIGHLAX-25JUL02-T68,1751438340,2025-07-02T06:39:00+00:00,1,,,,,,0.0300,0.0000,0.0000,0.0000,0.0000,0.0300,0.0400,0.0300,0.0300,0.00,100.00
KXHIGHLAX-25JUL02-T68,1751438400,2025-07-02T06:40:00+00:00,1,,,,,,0.0300,0.0000,0.0000,0.0000,0.0000,0.0300,0.0400,0.0300,0.0300,0.00,100.00
KXHIGHLAX-25JUL02-T68,1751438460,2025-07-02T06:41:00+00:00,1,,,,,,0.0300,0.0000,0.0000,0.0000,0.0000,0.0300,0.0400,0.0300,0.0300,0.00,100.00
KXHIGHLAX-25JUL02-T68,1751438520,2025-07-02T06:42:00+00:00,1,,,,,,0.0300,0.0000,0.0000,0.0000,0.0000,0.0300,0.0400,0.0300,0.0300,0.00,100.00
KXHIGHLAX-25JUL02-T68,1751438580,2025-07-02T06:43:00+00:00,1,,,,,,0.0300,0.0000,0.0000,0.0000,0.0000,0.0300,0.0400,0.0300,0.0300,0.00,100.00
KXHIGHLAX-25JUL02-T68,1751438640,2025-07-02T06:44:00+00:00,1,,,,,,0.0300,0.0000,0.0000,0.0000,0.0000,0.0300,0.0400,0.0300,0.0300,0.00,100.00
KXHIGHLAX-25JUL02-T68,1751438700,2025-07-02T06:45:00+00:00,1,,,,,,0.0300,0.0000,0.0000,0.0000,0.0000,0.0300,0.0400,0.0300,0.0300,0.00,100.00
KXHIGHLAX-25JUL02-T68,1751438760,2025-07-02T06:46:00+00:00,1,,,,,,0.0300,0.0000,0.0000,0.0000,0.0000,0.0300,0.0400,0.0300,0.0300,0.00,100.00
KXHIGHLAX-25JUL02-T68,1751438820,2025-07-02T06:47:00+00:00,1,,,,,,0.0300,0.0000,0.0000,0.0000,0.0000,0.0300,0.0400,0.0300,0.0300,0.00,100.00
KXHIGHLAX-25JUL02-T68,1751438880,2025-07-02T06:48:00+00:00,1,,,,,,0.0300,0.0000,0.0000,0.0000,0.0000,0.0300,0.0400,0.0300,0.0300,0.00,100.00
KXHIGHLAX-25JUL02-T68,1751438940,2025-07-02T06:49:00+00:00,1,,,,,,0.0300,0.0000,0.0000,0.0000,0.0000,0.0300,0.0400,0.0300,0.0300,0.00,100.00
KXHIGHLAX-25JUL02-T68,1751439000,2025-07-02T06:50:00+00:00,1,,,,,,0.0300,0.0000,0.0000,0.0000,0.0000,0.0300,0.0400,0.0300,0.0300,0.00,100.00
KXHIGHLAX-25JUL02-T68,1751439060,2025-07-02T06:51:00+00:00,1,,,,,,0.0300,0.0000,0.0000,0.0000,0.0000,0.0300,0.0400,0.0300,0.0300,0.00,100.00
KXHIGHLAX-25JUL02-T68,1751439120,2025-07-02T06:52:00+00:00,1,,,,,,0.0300,0.0000,0.0000,0.0000,0.0000,0.0300,0.0400,0.0300,0.0300,0.00,100.00
KXHIGHLAX-25JUL02-T68,1751439180,2025-07-02T06:53:00+00:00,1,,,,,,0.0300,0.0000,0.0000,0.0000,0.0000,0.0300,0.0400,0.0300,0.0300,0.00,100.00
KXHIGHLAX-25JUL02-T68,1751439240,2025-07-02T06:54:00+00:00,1,,,,,,0.0300,0.0000,0.0000,0.0000,0.0000,0.0300,0.0400,0.0300,0.0300,0.00,100.00
KXHIGHLAX-25JUL02-T68,1751439300,2025-07-02T06:55:00+00:00,1,,,,,,0.0300,0.0000,0.0000,0.0000,0.0000,0.0300,0.0400,0.0300,0.0300,0.00,100.00
KXHIGHLAX-25JUL02-T68,1751439360,2025-07-02T06:56:00+00:00,1,,,,,,0.0300,0.0000,0.0000,0.0000,0.0000,0.0300,0.0400,0.0300,0.0300,0.00,100.00
KXHIGHLAX-25JUL02-T68,1751439420,2025-07-02T06:57:00+00:00,1,,,,,,0.0300,0.0000,0.0000,0.0000,0.0000,0.0300,0.0400,0.0300,0.0300,0.00,100.00
KXHIGHLAX-25JUL02-T68,1751439480,2025-07-02T06:58:00+00:00,1,,,,,,0.0300,0.0000,0.0000,0.0000,0.0000,0.0300,0.0400,0.0300,0.0300,0.00,100.00
KXHIGHLAX-25JUL02-T68,1751439540,2025-07-02T06:59:00+00:00,1,,,,,,0.0300,0.0000,0.0000,0.0000,0.0000,0.0300,0.0400,0.0300,0.0300,0.00,100.00
KXHIGHLAX-25JUL02-T68,1751439600,2025-07-02T07:00:00+00:00,1,,,,,,0.0300,0.0000,0.0000,0.0000,0.0000,0.0300,0.0400,0.0300,0.0300,0.00,100.00
KXHIGHLAX-25JUL02-T68,1751439660,2025-07-02T07:01:00+00:00,1,,,,,,0.0300,0.0000,0.0000,0.0000,0.0000,0.0300,0.0300,0.0300,0.0300,0.00,100.00
KXHIGHLAX-25JUL02-T68,1751440260,2025-07-02T07:11:00+00:00,1,,,,,,0.0300,0.0000,0.0000,0.0000,0.0000,0.0300,0.0300,0.0300,0.0300,0.00,100.00
KXHIGHLAX-25JUL02-T68,1751454060,2025-07-02T11:01:00+00:00,1,,,,,,0.0300,0.0000,0.0000,0.0000,0.0000,0.0300,0.1000,0.0300,0.1000,0.00,100.00
KXHIGHLAX-25JUL02-T68,1751457660,2025-07-02T12:01:00+00:00,1,,,,,,0.0300,0.0000,0.0000,0.0000,0.0000,0.1000,0.1000,0.0400,0.0400,0.00,100.00
KXHIGHLAX-25JUL02-T68,1751457720,2025-07-02T12:02:00+00:00,1,,,,,,0.0300,0.0000,0.0000,0.0000,0.0000,0.0400,0.0900,0.0400,0.0900,0.00,100.00
KXHIGHLAX-25JUL02-T68,1751457780,2025-07-02T12:03:00+00:00,1,,,,,,0.0300,0.0000,0.0000,0.0000,0.0000,0.0900,0.1000,0.0900,0.0900,0.00,100.00
KXHIGHLAX-25JUL02-T68,1751457840,2025-07-02T12:04:00+00:00,1,,,,,,0.0300,0.0000,0.0000,0.0000,0.0000,0.0900,0.1000,0.0400,0.0400,0.00,100.00
KXHIGHLAX-25JUL02-T68,1751457900,2025-07-02T12:05:00+00:00,1,,,,,,0.0300,0.0000,0.0000,0.0000,0.0000,0.0400,0.0400,0.0300,0.0300,0.00,100.00
KXHIGHLAX-25JUL02-T68,1751457960,2025-07-02T12:06:00+00:00,1,,,,,,0.0300,0.0000,0.0000,0.0000,0.0000,0.0300,0.0400,0.0300,0.0300,0.00,100.00
KXHIGHLAX-25JUL02-T68,1751458020,2025-07-02T12:07:00+00:00,1,,,,,,0.0300,0.0000,0.0000,0.0000,0.0000,0.0300,0.0400,0.0300,0.0300,0.00,100.00
KXHIGHLAX-25JUL02-T68,1751458080,2025-07-02T12:08:00+00:00,1,,,,,,0.0300,0.0000,0.0000,0.0000,0.0000,0.0300,0.0400,0.0300,0.0300,0.00,100.00
KXHIGHLAX-25JUL02-T68,1751458140,2025-07-02T12:09:00+00:00,1,,,,,,0.0300,0.0000,0.0000,0.0000,0.0000,0.0300,0.0400,0.0300,0.0300,0.00,100.00
KXHIGHLAX-25JUL02-T68,1751458200,2025-07-02T12:10:00+00:00,1,,,,,,0.0300,0.0000,0.0000,0.0000,0.0000,0.0300,0.0400,0.0300,0.0400,0.00,100.00
KXHIGHLAX-25JUL02-T68,1751458260,2025-07-02T12:11:00+00:00,1,,,,,,0.0300,0.0000,0.0000,0.0000,0.0000,0.0400,0.0400,0.0300,0.0300,0.00,100.00
KXHIGHLAX-25JUL02-T68,1751458320,2025-07-02T12:12:00+00:00,1,,,,,,0.0300,0.0000,0.0000,0.0000,0.0000,0.0300,0.0400,0.0300,0.0300,0.00,100.00
KXHIGHLAX-25JUL02-T68,1751458380,2025-07-02T12:13:00+00:00,1,,,,,,0.0300,0.0000,0.0000,0.0000,0.0000,0.0300,0.0400,0.0300,0.0300,0.00,100.00
KXHIGHLAX-25JUL02-T68,1751458440,2025-07-02T12:14:00+00:00,1,,,,,,0.0300,0.0000,0.0000,0.0000,0.0000,0.0300,0.0400,0.0300,0.0300,0.00,100.00
KXHIGHLAX-25JUL02-T68,1751458500,2025-07-02T12:15:00+00:00,1,,,,,,0.0300,0.0000,0.0000,0.0000,0.0000,0.0300,0.0400,0.0300,0.0300,0.00,100.00
KXHIGHLAX-25JUL02-T68,1751458560,2025-07-02T12:16:00+00:00,1,,,,,,0.0300,0.0000,0.0000,0.0000,0.0000,0.0300,0.0400,0.0300,0.0300,0.00,100.00
KXHIGHLAX-25JUL02-T68,1751458620,2025-07-02T12:17:00+00:00,1,,,,,,0.0300,0.0000,0.0000,0.0000,0.0000,0.0300,0.0400,0.0300,0.0300,0.00,100.00
KXHIGHLAX-25JUL02-T68,1751458680,2025-07-02T12:18:00+00:00,1,,,,,,0.0300,0.0000,0.0000,0.0000,0.0000,0.0300,0.0400,0.0300,0.0300,0.00,100.00
KXHIGHLAX-25JUL02-T68,1751458740,2025-07-02T12:19:00+00:00,1,,,,,,0.0300,0.0000,0.0000,0.0000,0.0000,0.0300,0.0400,0.0300,0.0300,0.00,100.00
KXHIGHLAX-25JUL02-T68,1751458800,2025-07-02T12:20:00+00:00,1,,,,,,0.0300,0.0000,0.0000,0.0000,0.0000,0.0300,0.0400,0.0300,0.0300,0.00,100.00
KXHIGHLAX-25JUL02-T68,1751458860,2025-07-02T12:21:00+00:00,1,,,,,,0.0300,0.0000,0.0000,0.0000,0.0000,0.0300,0.0400,0.0300,0.0300,0.00,100.00
KXHIGHLAX-25JUL02-T68,1751458920,2025-07-02T12:22:00+00:00,1,,,,,,0.0300,0.0000,0.0000,0.0000,0.0000,0.0300,0.0400,0.0300,0.0300,0.00,100.00
KXHIGHLAX-25JUL02-T68,1751458980,2025-07-02T12:23:00+00:00,1,,,,,,0.0300,0.0000,0.0000,0.0000,0.0000,0.0300,0.0400,0.0300,0.0300,0.00,100.00
KXHIGHLAX-25JUL02-T68,1751459040,2025-07-02T12:24:00+00:00,1,,,,,,0.0300,0.0000,0.0000,0.0000,0.0000,0.0300,0.0400,0.0300,0.0300,0.00,100.00
KXHIGHLAX-25JUL02-T68,1751459100,2025-07-02T12:25:00+00:00,1,,,,,,0.0300,0.0000,0.0000,0.0000,0.0000,0.0300,0.0400,0.0300,0.0300,0.00,100.00
KXHIGHLAX-25JUL02-T68,1751459160,2025-07-02T12:26:00+00:00,1,,,,,,0.0300,0.0000,0.0000,0.0000,0.0000,0.0300,0.0400,0.0300,0.0300,0.00,100.00
KXHIGHLAX-25JUL02-T68,1751459220,2025-07-02T12:27:00+00:00,1,,,,,,0.0300,0.0000,0.0000,0.0000,0.0000,0.0300,0.0400,0.0300,0.0300,0.00,100.00
KXHIGHLAX-25JUL02-T68,1751459280,2025-07-02T12:28:00+00:00,1,,,,,,0.0300,0.0000,0.0000,0.0000,0.0000,0.0300,0.0400,0.0300,0.0300,0.00,100.00
KXHIGHLAX-25JUL02-T68,1751459340,2025-07-02T12:29:00+00:00,1,,,,,,0.0300,0.0000,0.0000,0.0000,0.0000,0.0300,0.0400,0.0300,0.0300,0.00,100.00
KXHIGHLAX-25JUL02-T68,1751459400,2025-07-02T12:30:00+00:00,1,,,,,,0.0300,0.0000,0.0000,0.0000,0.0000,0.0300,0.0400,0.0300,0.0300,0.00,100.00
KXHIGHLAX-25JUL02-T68,1751459520,2025-07-02T12:32:00+00:00,1,,,,,,0.0300,0.0000,0.0000,0.0000,0.0000,0.0300,0.0400,0.0300,0.0300,0.00,100.00
KXHIGHLAX-25JUL02-T68,1751459580,2025-07-02T12:33:00+00:00,1,,,,,,0.0300,0.0000,0.0000,0.0000,0.0000,0.0300,0.0400,0.0300,0.0300,0.00,100.00
KXHIGHLAX-25JUL02-T68,1751459640,2025-07-02T12:34:00+00:00,1,,,,,,0.0300,0.0000,0.0000,0.0000,0.0000,0.0300,0.0400,0.0300,0.0300,0.00,100.00
KXHIGHLAX-25JUL02-T68,1751459700,2025-07-02T12:35:00+00:00,1,,,,,,0.0300,0.0000,0.0000,0.0000,0.0000,0.0300,0.0400,0.0300,0.0300,0.00,100.00
KXHIGHLAX-25JUL02-T68,1751459760,2025-07-02T12:36:00+00:00,1,,,,,,0.0300,0.0000,0.0000,0.0000,0.0000,0.0300,0.0400,0.0300,0.0300,0.00,100.00
KXHIGHLAX-25JUL02-T68,1751459820,2025-07-02T12:37:00+00:00,1,,,,,,0.0300,0.0000,0.0000,0.0000,0.0000,0.0300,0.0400,0.0300,0.0300,0.00,100.00
KXHIGHLAX-25JUL02-T68,1751459880,2025-07-02T12:38:00+00:00,1,,,,,,0.0300,0.0000,0.0000,0.0000,0.0000,0.0300,0.0400,0.0300,0.0300,0.00,100.00
KXHIGHLAX-25JUL02-T68,1751459940,2025-07-02T12:39:00+00:00,1,,,,,,0.0300,0.0000,0.0000,0.0000,0.0000,0.0300,0.0400,0.0300,0.0300,0.00,100.00
KXHIGHLAX-25JUL02-T68,1751460000,2025-07-02T12:40:00+00:00,1,,,,,,0.0300,0.0000,0.0000,0.0000,0.0000,0.0300,0.0400,0.0300,0.0300,0.00,100.00
KXHIGHLAX-25JUL02-T68,1751460060,2025-07-02T12:41:00+00:00,1,,,,,,0.0300,0.0000,0.0000,0.0000,0.0000,0.0300,0.0400,0.0300,0.0300,0.00,100.00
KXHIGHLAX-25JUL02-T68,1751460120,2025-07-02T12:42:00+00:00,1,,,,,,0.0300,0.0000,0.0000,0.0000,0.0000,0.0300,0.0400,0.0300,0.0300,0.00,100.00
KXHIGHLAX-25JUL02-T68,1751460180,2025-07-02T12:43:00+00:00,1,,,,,,0.0300,0.0000,0.0000,0.0000,0.0000,0.0300,0.0400,0.0300,0.0300,0.00,100.00
KXHIGHLAX-25JUL02-T68,1751460300,2025-07-02T12:45:00+00:00,1,,,,,,0.0300,0.0000,0.0000,0.0000,0.0000,0.0300,0.0400,0.0300,0.0300,0.00,100.00
KXHIGHLAX-25JUL02-T68,1751460360,2025-07-02T12:46:00+00:00,1,,,,,,0.0300,0.0000,0.0000,0.0000,0.0000,0.0300,0.0400,0.0300,0.0300,0.00,100.00
KXHIGHLAX-25JUL02-T68,1751460420,2025-07-02T12:47:00+00:00,1,,,,,,0.0300,0.0000,0.0000,0.0000,0.0000,0.0300,0.0400,0.0300,0.0300,0.00,100.00
KXHIGHLAX-25JUL02-T68,1751460480,2025-07-02T12:48:00+00:00,1,,,,,,0.0300,0.0000,0.0000,0.0000,0.0000,0.0300,0.0400,0.0300,0.0300,0.00,100.00
KXHIGHLAX-25JUL02-T68,1751460540,2025-07-02T12:49:00+00:00,1,,,,,,0.0300,0.0000,0.0000,0.0000,0.0000,0.0300,0.0400,0.0300,0.0300,0.00,100.00
KXHIGHLAX-25JUL02-T68,1751460600,2025-07-02T12:50:00+00:00,1,,,,,,0.0300,0.0000,0.0000,0.0000,0.0000,0.0300,0.0400,0.0300,0.0300,0.00,100.00
KXHIGHLAX-25JUL02-T68,1751460660,2025-07-02T12:51:00+00:00,1,,,,,,0.0300,0.0000,0.0000,0.0000,0.0000,0.0300,0.0400,0.0300,0.0300,0.00,100.00
KXHIGHLAX-25JUL02-T68,1751460720,2025-07-02T12:52:00+00:00,1,,,,,,0.0300,0.0000,0.0000,0.0000,0.0000,0.0300,0.0400,0.0300,0.0300,0.00,100.00
KXHIGHLAX-25JUL02-T68,1751460780,2025-07-02T12:53:00+00:00,1,,,,,,0.0300,0.0000,0.0000,0.0000,0.0000,0.0300,0.0400,0.0300,0.0300,0.00,100.00
KXHIGHLAX-25JUL02-T68,1751460840,2025-07-02T12:54:00+00:00,1,,,,,,0.0300,0.0000,0.0000,0.0000,0.0000,0.0300,0.0400,0.0300,0.0300,0.00,100.00
KXHIGHLAX-25JUL02-T68,1751460900,2025-07-02T12:55:00+00:00,1,,,,,,0.0300,0.0000,0.0000,0.0000,0.0000,0.0300,0.0400,0.0300,0.0300,0.00,100.00
KXHIGHLAX-25JUL02-T68,1751460960,2025-07-02T12:56:00+00:00,1,,,,,,0.0300,0.0000,0.0000,0.0000,0.0000,0.0300,0.0400,0.0300,0.0300,0.00,100.00
KXHIGHLAX-25JUL02-T68,1751461020,2025-07-02T12:57:00+00:00,1,,,,,,0.0300,0.0000,0.0000,0.0000,0.0000,0.0300,0.0400,0.0300,0.0300,0.00,100.00
KXHIGHLAX-25JUL02-T68,1751461080,2025-07-02T12:58:00+00:00,1,,,,,,0.0300,0.0000,0.0000,0.0000,0.0000,0.0300,0.0400,0.0300,0.0300,0.00,100.00
KXHIGHLAX-25JUL02-T68,1751461200,2025-07-02T13:00:00+00:00,1,,,,,,0.0300,0.0000,0.0000,0.0000,0.0000,0.0300,0.0400,0.0300,0.0300,0.00,100.00
KXHIGHLAX-25JUL02-T68,1751461260,2025-07-02T13:01:00+00:00,1,,,,,,0.0300,0.0000,0.0000,0.0000,0.0000,0.0300,0.0400,0.0300,0.0300,0.00,100.00
KXHIGHLAX-25JUL02-T68,1751461320,2025-07-02T13:02:00+00:00,1,,,,,,0.0300,0.0000,0.0000,0.0000,0.0000,0.0300,0.0400,0.0300,0.0300,0.00,100.00
KXHIGHLAX-25JUL02-T68,1751461380,2025-07-02T13:03:00+00:00,1,,,,,,0.0300,0.0000,0.0000,0.0000,0.0000,0.0300,0.0400,0.0300,0.0300,0.00,100.00
KXHIGHLAX-25JUL02-T68,1751461440,2025-07-02T13:04:00+00:00,1,,,,,,0.0300,0.0000,0.0000,0.0000,0.0000,0.0300,0.0400,0.0300,0.0300,0.00,100.00
KXHIGHLAX-25JUL02-T68,1751461500,2025-07-02T13:05:00+00:00,1,,,,,,0.0300,0.0000,0.0000,0.0000,0.0000,0.0300,0.0400,0.0300,0.0300,0.00,100.00
KXHIGHLAX-25JUL02-T68,1751461560,2025-07-02T13:06:00+00:00,1,,,,,,0.0300,0.0000,0.0000,0.0000,0.0000,0.0300,0.0400,0.0300,0.0300,0.00,100.00
KXHIGHLAX-25JUL02-T68,1751461620,2025-07-02T13:07:00+00:00,1,,,,,,0.0300,0.0000,0.0000,0.0000,0.0000,0.0300,0.0400,0.0300,0.0300,0.00,100.00
KXHIGHLAX-25JUL02-T68,1751461680,2025-07-02T13:08:00+00:00,1,,,,,,0.0300,0.0000,0.0000,0.0000,0.0000,0.0300,0.0400,0.0300,0.0300,0.00,100.00
KXHIGHLAX-25JUL02-T68,1751461740,2025-07-02T13:09:00+00:00,1,,,,,,0.0300,0.0000,0.0000,0.0000,0.0000,0.0300,0.0400,0.0300,0.0300,0.00,100.00
KXHIGHLAX-25JUL02-T68,1751461860,2025-07-02T13:11:00+00:00,1,,,,,,0.0300,0.0000,0.0000,0.0000,0.0000,0.0300,0.0400,0.0300,0.0300,0.00,100.00
KXHIGHLAX-25JUL02-T68,1751461920,2025-07-02T13:12:00+00:00,1,,,,,,0.0300,0.0000,0.0000,0.0000,0.0000,0.0300,0.0400,0.0300,0.0300,0.00,100.00
KXHIGHLAX-25JUL02-T68,1751461980,2025-07-02T13:13:00+00:00,1,,,,,,0.0300,0.0000,0.0000,0.0000,0.0000,0.0300,0.0400,0.0300,0.0300,0.00,100.00
KXHIGHLAX-25JUL02-T68,1751462040,2025-07-02T13:14:00+00:00,1,,,,,,0.0300,0.0000,0.0000,0.0000,0.0000,0.0300,0.0400,0.0300,0.0300,0.00,100.00
KXHIGHLAX-25JUL02-T68,1751462100,2025-07-02T13:15:00+00:00,1,,,,,,0.0300,0.0000,0.0000,0.0000,0.0000,0.0300,0.0400,0.0300,0.0300,0.00,100.00
KXHIGHLAX-25JUL02-T68,1751462160,2025-07-02T13:16:00+00:00,1,,,,,,0.0300,0.0000,0.0000,0.0000,0.0000,0.0300,0.0400,0.0300,0.0300,0.00,100.00
KXHIGHLAX-25JUL02-T68,1751462220,2025-07-02T13:17:00+00:00,1,,,,,,0.0300,0.0000,0.0000,0.0000,0.0000,0.0300,0.0400,0.0300,0.0300,0.00,100.00
KXHIGHLAX-25JUL02-T68,1751462280,2025-07-02T13:18:00+00:00,1,,,,,,0.0300,0.0000,0.0000,0.0000,0.0000,0.0300,0.0400,0.0300,0.0300,0.00,100.00
KXHIGHLAX-25JUL02-T68,1751462340,2025-07-02T13:19:00+00:00,1,,,,,,0.0300,0.0000,0.0000,0.0000,0.0000,0.0300,0.0400,0.0300,0.0300,0.00,100.00
KXHIGHLAX-25JUL02-T68,1751462400,2025-07-02T13:20:00+00:00,1,,,,,,0.0300,0.0000,0.0000,0.0000,0.0000,0.0300,0.0900,0.0300,0.0300,0.00,100.00
KXHIGHLAX-25JUL02-T68,1751462460,2025-07-02T13:21:00+00:00,1,,,,,,0.0300,0.0000,0.0000,0.0000,0.0000,0.0300,0.0400,0.0300,0.0300,0.00,100.00
KXHIGHLAX-25JUL02-T68,1751462520,2025-07-02T13:22:00+00:00,1,,,,,,0.0300,0.0000,0.0000,0.0000,0.0000,0.0300,0.0400,0.0300,0.0300,0.00,100.00
KXHIGHLAX-25JUL02-T68,1751462580,2025-07-02T13:23:00+00:00,1,,,,,,0.0300,0.0000,0.0000,0.0000,0.0000,0.0300,0.0400,0.0300,0.0300,0.00,100.00
KXHIGHLAX-25JUL02-T68,1751462640,2025-07-02T13:24:00+00:00,1,,,,,,0.0300,0.0000,0.0000,0.0000,0.0000,0.0300,0.0400,0.0300,0.0300,0.00,100.00
KXHIGHLAX-25JUL02-T68,1751462700,2025-07-02T13:25:00+00:00,1,,,,,,0.0300,0.0000,0.0000,0.0000,0.0000,0.0300,0.0400,0.0300,0.0300,0.00,100.00
KXHIGHLAX-25JUL02-T68,1751462760,2025-07-02T13:26:00+00:00,1,,,,,,0.0300,0.0000,0.0000,0.0000,0.0000,0.0300,0.0400,0.0300,0.0300,0.00,100.00
KXHIGHLAX-25JUL02-T68,1751462820,2025-07-02T13:27:00+00:00,1,,,,,,0.0300,0.0000,0.0000,0.0000,0.0000,0.0300,0.0400,0.0300,0.0300,0.00,100.00
KXHIGHLAX-25JUL02-T68,1751462880,2025-07-02T13:28:00+00:00,1,,,,,,0.0300,0.0000,0.0000,0.0000,0.0000,0.0300,0.0400,0.0300,0.0300,0.00,100.00
KXHIGHLAX-25JUL02-T68,1751462940,2025-07-02T13:29:00+00:00,1,,,,,,0.0300,0.0000,0.0000,0.0000,0.0000,0.0300,0.0400,0.0300,0.0300,0.00,100.00
KXHIGHLAX-25JUL02-T68,1751463060,2025-07-02T13:31:00+00:00,1,,,,,,0.0300,0.0000,0.0000,0.0000,0.0000,0.0300,0.0400,0.0300,0.0300,0.00,100.00
KXHIGHLAX-25JUL02-T68,1751463120,2025-07-02T13:32:00+00:00,1,,,,,,0.0300,0.0000,0.0000,0.0000,0.0000,0.0300,0.0400,0.0300,0.0300,0.00,100.00
KXHIGHLAX-25JUL02-T68,1751463180,2025-07-02T13:33:00+00:00,1,,,,,,0.0300,0.0000,0.0000,0.0000,0.0000,0.0300,0.0400,0.0300,0.0300,0.00,100.00
KXHIGHLAX-25JUL02-T68,1751463240,2025-07-02T13:34:00+00:00,1,,,,,,0.0300,0.0000,0.0000,0.0000,0.0000,0.0300,0.0400,0.0300,0.0300,0.00,100.00
KXHIGHLAX-25JUL02-T68,1751463300,2025-07-02T13:35:00+00:00,1,,,,,,0.0300,0.0000,0.0000,0.0000,0.0000,0.0300,0.0400,0.0300,0.0300,0.00,100.00
KXHIGHLAX-25JUL02-T68,1751463360,2025-07-02T13:36:00+00:00,1,,,,,,0.0300,0.0000,0.0000,0.0000,0.0000,0.0300,0.0400,0.0300,0.0300,0.00,100.00
KXHIGHLAX-25JUL02-T68,1751463420,2025-07-02T13:37:00+00:00,1,,,,,,0.0300,0.0000,0.0000,0.0000,0.0000,0.0300,0.0400,0.0300,0.0300,0.00,100.00
KXHIGHLAX-25JUL02-T68,1751463480,2025-07-02T13:38:00+00:00,1,,,,,,0.0300,0.0000,0.0000,0.0000,0.0000,0.0300,0.0400,0.0300,0.0300,0.00,100.00
KXHIGHLAX-25JUL02-T68,1751463540,2025-07-02T13:39:00+00:00,1,,,,,,0.0300,0.0000,0.0000,0.0000,0.0000,0.0300,0.0400,0.0300,0.0300,0.00,100.00
KXHIGHLAX-25JUL02-T68,1751463600,2025-07-02T13:40:00+00:00,1,,,,,,0.0300,0.0000,0.0000,0.0000,0.0000,0.0300,0.0400,0.0300,0.0300,0.00,100.00
KXHIGHLAX-25JUL02-T68,1751463660,2025-07-02T13:41:00+00:00,1,,,,,,0.0300,0.0000,0.0000,0.0000,0.0000,0.0300,0.0400,0.0300,0.0300,0.00,100.00
KXHIGHLAX-25JUL02-T68,1751463720,2025-07-02T13:42:00+00:00,1,,,,,,0.0300,0.0000,0.0000,0.0000,0.0000,0.0300,0.0400,0.0300,0.0300,0.00,100.00
KXHIGHLAX-25JUL02-T68,1751463780,2025-07-02T13:43:00+00:00,1,,,,,,0.0300,0.0000,0.0000,0.0000,0.0000,0.0300,0.0400,0.0300,0.0300,0.00,100.00
KXHIGHLAX-25JUL02-T68,1751463840,2025-07-02T13:44:00+00:00,1,,,,,,0.0300,0.0000,0.0000,0.0000,0.0000,0.0300,0.0400,0.0300,0.0300,0.00,100.00
KXHIGHLAX-25JUL02-T68,1751463900,2025-07-02T13:45:00+00:00,1,,,,,,0.0300,0.0000,0.0000,0.0000,0.0000,0.0300,0.0400,0.0300,0.0300,0.00,100.00
KXHIGHLAX-25JUL02-T68,1751463960,2025-07-02T13:46:00+00:00,1,,,,,,0.0300,0.0000,0.0000,0.0000,0.0000,0.0300,0.0400,0.0300,0.0300,0.00,100.00
KXHIGHLAX-25JUL02-T68,1751464020,2025-07-02T13:47:00+00:00,1,,,,,,0.0300,0.0000,0.0000,0.0000,0.0000,0.0300,0.0400,0.0300,0.0300,0.00,100.00
KXHIGHLAX-25JUL02-T68,1751464080,2025-07-02T13:48:00+00:00,1,,,,,,0.0300,0.0000,0.0000,0.0000,0.0000,0.0300,0.0400,0.0300,0.0300,0.00,100.00
KXHIGHLAX-25JUL02-T68,1751464140,2025-07-02T13:49:00+00:00,1,,,,,,0.0300,0.0000,0.0000,0.0000,0.0000,0.0300,0.0400,0.0300,0.0300,0.00,100.00
KXHIGHLAX-25JUL02-T68,1751464200,2025-07-02T13:50:00+00:00,1,,,,,,0.0300,0.0000,0.0000,0.0000,0.0000,0.0300,0.0400,0.0300,0.0300,0.00,100.00
KXHIGHLAX-25JUL02-T68,1751464260,2025-07-02T13:51:00+00:00,1,,,,,,0.0300,0.0000,0.0000,0.0000,0.0000,0.0300,0.0400,0.0300,0.0300,0.00,100.00
KXHIGHLAX-25JUL02-T68,1751464320,2025-07-02T13:52:00+00:00,1,,,,,,0.0300,0.0000,0.0000,0.0000,0.0000,0.0300,0.0400,0.0300,0.0300,0.00,100.00
KXHIGHLAX-25JUL02-T68,1751464380,2025-07-02T13:53:00+00:00,1,,,,,,0.0300,0.0000,0.0000,0.0000,0.0000,0.0300,0.0400,0.0300,0.0300,0.00,100.00
KXHIGHLAX-25JUL02-T68,1751464440,2025-07-02T13:54:00+00:00,1,,,,,,0.0300,0.0000,0.0000,0.0000,0.0000,0.0300,0.0400,0.0300,0.0300,0.00,100.00
KXHIGHLAX-25JUL02-T68,1751464500,2025-07-02T13:55:00+00:00,1,,,,,,0.0300,0.0000,0.0000,0.0000,0.0000,0.0300,0.0300,0.0300,0.0300,0.00,100.00
KXHIGHLAX-25JUL02-T68,1751464620,2025-07-02T13:57:00+00:00,1,,,,,,0.0300,0.0000,0.0000,0.0000,0.0000,0.0300,0.0500,0.0300,0.0400,0.00,100.00
KXHIGHLAX-25JUL02-T68,1751464680,2025-07-02T13:58:00+00:00,1,,,,,,0.0300,0.0000,0.0000,0.0000,0.0000,0.0400,0.0500,0.0400,0.0400,0.00,100.00
KXHIGHLAX-25JUL02-T68,1751464740,2025-07-02T13:59:00+00:00,1,,,,,,0.0300,0.0000,0.0000,0.0000,0.0000,0.0400,0.0500,0.0400,0.0400,0.00,100.00
KXHIGHLAX-25JUL02-T68,1751464800,2025-07-02T14:00:00+00:00,1,,,,,,0.0300,0.0000,0.0000,0.0000,0.0000,0.0400,0.0500,0.0400,0.0400,0.00,100.00
KXHIGHLAX-25JUL02-T68,1751464860,2025-07-02T14:01:00+00:00,1,,,,,,0.0300,0.0000,0.0000,0.0000,0.0000,0.0400,0.0500,0.0400,0.0400,0.00,100.00
KXHIGHLAX-25JUL02-T68,1751464920,2025-07-02T14:02:00+00:00,1,,,,,,0.0300,0.0000,0.0000,0.0000,0.0000,0.0400,0.0500,0.0400,0.0400,0.00,100.00
KXHIGHLAX-25JUL02-T68,1751464980,2025-07-02T14:03:00+00:00,1,,,,,,0.0300,0.0000,0.0000,0.0000,0.0000,0.0400,0.0500,0.0400,0.0400,0.00,100.00
KXHIGHLAX-25JUL02-T68,1751465040,2025-07-02T14:04:00+00:00,1,,,,,,0.0300,0.0000,0.0000,0.0000,0.0000,0.0400,0.0400,0.0400,0.0400,0.00,100.00
KXHIGHLAX-25JUL02-T68,1751465100,2025-07-02T14:05:00+00:00,1,,,,,,0.0300,0.0000,0.0000,0.0000,0.0000,0.0400,0.0400,0.0300,0.0300,0.00,100.00
KXHIGHLAX-25JUL02-T68,1751465160,2025-07-02T14:06:00+00:00,1,,,,,,0.0300,0.0000,0.0000,0.0000,0.0000,0.0300,0.0400,0.0300,0.0300,0.00,100.00
KXHIGHLAX-25JUL02-T68,1751465220,2025-07-02T14:07:00+00:00,1,,,,,,0.0300,0.0000,0.0000,0.0000,0.0000,0.0300,0.0500,0.0300,0.0400,0.00,100.00
KXHIGHLAX-25JUL02-T68,1751465280,2025-07-02T14:08:00+00:00,1,,,,,,0.0300,0.0000,0.0000,0.0000,0.0000,0.0400,0.0400,0.0400,0.0400,0.00,100.00
KXHIGHLAX-25JUL02-T68,1751465520,2025-07-02T14:12:00+00:00,1,,,,,,0.0300,0.0000,0.0000,0.0000,0.0000,0.0400,0.0400,0.0400,0.0400,0.00,100.00
KXHIGHLAX-25JUL02-T68,1751465580,2025-07-02T14:13:00+00:00,1,,,,,,0.0300,0.0000,0.0000,0.0000,0.0000,0.0400,0.0400,0.0400,0.0400,0.00,100.00
KXHIGHLAX-25JUL02-T68,1751465820,2025-07-02T14:17:00+00:00,1,,,,,,0.0300,0.0000,0.0000,0.0000,0.0000,0.0400,0.0400,0.0400,0.0400,0.00,100.00
KXHIGHLAX-25JUL02-T68,1751465880,2025-07-02T14:18:00+00:00,1,,,,,,0.0300,0.0000,0.0000,0.0000,0.0000,0.0400,0.0400,0.0400,0.0400,0.00,100.00
KXHIGHLAX-25JUL02-T68,1751466120,2025-07-02T14:22:00+00:00,1,,,,,,0.0300,0.0000,0.0000,0.0000,0.0000,0.0400,0.0400,0.0400,0.0400,0.00,100.00
KXHIGHLAX-25JUL02-T68,1751466180,2025-07-02T14:23:00+00:00,1,,,,,,0.0300,0.0000,0.0000,0.0000,0.0000,0.0400,0.0500,0.0400,0.0400,0.00,100.00
KXHIGHLAX-25JUL02-T68,1751466240,2025-07-02T14:24:00+00:00,1,,,,,,0.0300,0.0000,0.0000,0.0000,0.0000,0.0400,0.0500,0.0300,0.0300,0.00,100.00
KXHIGHLAX-25JUL02-T68,1751466420,2025-07-02T14:27:00+00:00,1,,,,,,0.0300,0.0000,0.0000,0.0000,0.0000,0.0300,0.0300,0.0300,0.0300,0.00,100.00
KXHIGHLAX-25JUL02-T68,1751466480,2025-07-02T14:28:00+00:00,1,,,,,,0.0300,0.0000,0.0000,0.0000,0.0000,0.0300,0.0300,0.0300,0.0300,0.00,100.00
KXHIGHLAX-25JUL02-T68,1751466540,2025-07-02T14:29:00+00:00,1,,,,,,0.0300,0.0000,0.0000,0.0000,0.0000,0.0300,0.0300,0.0300,0.0300,0.00,100.00
KXHIGHLAX-25JUL02-T68,1751466660,2025-07-02T14:31:00+00:00,1,,,,,,0.0300,0.0000,0.0000,0.0000,0.0000,0.0300,0.0300,0.0300,0.0300,0.00,100.00
KXHIGHLAX-25JUL02-T68,1751466720,2025-07-02T14:32:00+00:00,1,,,,,,0.0300,0.0000,0.0000,0.0000,0.0000,0.0300,0.0300,0.0300,0.0300,0.00,100.00
KXHIGHLAX-25JUL02-T68,1751466780,2025-07-02T14:33:00+00:00,1,,,,,,0.0300,0.0000,0.0000,0.0000,0.0000,0.0300,0.0300,0.0300,0.0300,0.00,100.00
KXHIGHLAX-25JUL02-T68,1751467020,2025-07-02T14:37:00+00:00,1,,,,,,0.0300,0.0000,0.0000,0.0000,0.0000,0.0300,0.0300,0.0300,0.0300,0.00,100.00
KXHIGHLAX-25JUL02-T68,1751467080,2025-07-02T14:38:00+00:00,1,,,,,,0.0300,0.0000,0.0000,0.0000,0.0000,0.0300,0.0300,0.0300,0.0300,0.00,100.00
KXHIGHLAX-25JUL02-T68,1751467320,2025-07-02T14:42:00+00:00,1,,,,,,0.0300,0.0000,0.0000,0.0000,0.0000,0.0300,0.0300,0.0300,0.0300,0.00,100.00
KXHIGHLAX-25JUL02-T68,1751467380,2025-07-02T14:43:00+00:00,1,,,,,,0.0300,0.0000,0.0000,0.0000,0.0000,0.0300,0.0300,0.0300,0.0300,0.00,100.00
KXHIGHLAX-25JUL02-T68,1751467620,2025-07-02T14:47:00+00:00,1,,,,,,0.0300,0.0000,0.0000,0.0000,0.0000,0.0300,0.0300,0.0300,0.0300,0.00,100.00
KXHIGHLAX-25JUL02-T68,1751467680,2025-07-02T14:48:00+00:00,1,,,,,,0.0300,0.0000,0.0000,0.0000,0.0000,0.0300,0.0300,0.0300,0.0300,0.00,100.00
KXHIGHLAX-25JUL02-T68,1751467920,2025-07-02T14:52:00+00:00,1,,,,,,0.0300,0.0000,0.0000,0.0000,0.0000,0.0300,0.0300,0.0300,0.0300,0.00,100.00
KXHIGHLAX-25JUL02-T68,1751467980,2025-07-02T14:53:00+00:00,1,,,,,,0.0300,0.0000,0.0000,0.0000,0.0000,0.0300,0.0300,0.0300,0.0300,0.00,100.00
KXHIGHLAX-25JUL02-T68,1751468040,2025-07-02T14:54:00+00:00,1,,,,,,0.0300,0.0000,0.0000,0.0000,0.0000,0.0300,0.0300,0.0300,0.0300,0.00,100.00
KXHIGHLAX-25JUL02-T68,1751468100,2025-07-02T14:55:00+00:00,1,,,,,,0.0300,0.0000,0.0000,0.0000,0.0000,0.0300,0.0300,0.0300,0.0300,0.00,100.00
KXHIGHLAX-25JUL02-T68,1751468220,2025-07-02T14:57:00+00:00,1,,,,,,0.0300,0.0000,0.0000,0.0000,0.0000,0.0300,0.0300,0.0300,0.0300,0.00,100.00
KXHIGHLAX-25JUL02-T68,1751468280,2025-07-02T14:58:00+00:00,1,,,,,,0.0300,0.0000,0.0000,0.0000,0.0000,0.0300,0.0300,0.0300,0.0300,0.00,100.00
KXHIGHLAX-25JUL02-T68,1751468520,2025-07-02T15:02:00+00:00,1,,,,,,0.0300,0.0000,0.0000,0.0000,0.0000,0.0300,0.0300,0.0300,0.0300,0.00,100.00
KXHIGHLAX-25JUL02-T68,1751468580,2025-07-02T15:03:00+00:00,1,,,,,,0.0300,0.0000,0.0000,0.0000,0.0000,0.0300,0.0300,0.0300,0.0300,0.00,100.00
KXHIGHLAX-25JUL02-T68,1751468760,2025-07-02T15:06:00+00:00,1,,,,,,0.0300,0.0000,0.0000,0.0000,0.0000,0.0300,0.0300,0.0300,0.0300,0.00,100.00
KXHIGHLAX-25JUL02-T68,1751468820,2025-07-02T15:07:00+00:00,1,,,,,,0.0300,0.0000,0.0000,0.0000,0.0000,0.0300,0.0300,0.0300,0.0300,0.00,100.00
KXHIGHLAX-25JUL02-T68,1751468880,2025-07-02T15:08:00+00:00,1,,,,,,0.0300,0.0000,0.0000,0.0000,0.0000,0.0300,0.0300,0.0300,0.0300,0.00,100.00
KXHIGHLAX-25JUL02-T68,1751469120,2025-07-02T15:12:00+00:00,1,,,,,,0.0300,0.0000,0.0000,0.0000,0.0000,0.0300,0.0300,0.0300,0.0300,0.00,100.00
KXHIGHLAX-25JUL02-T68,1751469180,2025-07-02T15:13:00+00:00,1,,,,,,0.0300,0.0000,0.0000,0.0000,0.0000,0.0300,0.0300,0.0300,0.0300,0.00,100.00
KXHIGHLAX-25JUL02-T68,1751469420,2025-07-02T15:17:00+00:00,1,,,,,,0.0300,0.0000,0.0000,0.0000,0.0000,0.0300,0.0300,0.0300,0.0300,0.00,100.00
KXHIGHLAX-25JUL02-T68,1751469480,2025-07-02T15:18:00+00:00,1,,,,,,0.0300,0.0000,0.0000,0.0000,0.0000,0.0300,0.0300,0.0300,0.0300,0.00,100.00
KXHIGHLAX-25JUL02-T68,1751469600,2025-07-02T15:20:00+00:00,1,,,,,,0.0300,0.0000,0.0000,0.0000,0.0000,0.0300,0.0300,0.0300,0.0300,0.00,100.00
KXHIGHLAX-25JUL02-T68,1751469660,2025-07-02T15:21:00+00:00,1,,,,,,0.0300,0.0000,0.0000,0.0000,0.0000,0.0300,0.0300,0.0300,0.0300,0.00,100.00
KXHIGHLAX-25JUL02-T68,1751469720,2025-07-02T15:22:00+00:00,1,,,,,,0.0300,0.0000,0.0000,0.0000,0.0000,0.0300,0.0300,0.0300,0.0300,0.00,100.00
KXHIGHLAX-25JUL02-T68,1751469780,2025-07-02T15:23:00+00:00,1,,,,,,0.0300,0.0000,0.0000,0.0000,0.0000,0.0300,0.0300,0.0300,0.0300,0.00,100.00
KXHIGHLAX-25JUL02-T68,1751470020,2025-07-02T15:27:00+00:00,1,,,,,,0.0300,0.0000,0.0000,0.0000,0.0000,0.0300,0.0300,0.0300,0.0300,0.00,100.00
KXHIGHLAX-25JUL02-T68,1751470080,2025-07-02T15:28:00+00:00,1,,,,,,0.0300,0.0000,0.0000,0.0000,0.0000,0.0300,0.0300,0.0300,0.0300,0.00,100.00
KXHIGHLAX-25JUL02-T68,1751470320,2025-07-02T15:32:00+00:00,1,,,,,,0.0300,0.0000,0.0000,0.0000,0.0000,0.0300,0.0300,0.0300,0.0300,0.00,100.00
KXHIGHLAX-25JUL02-T68,1751470380,2025-07-02T15:33:00+00:00,1,,,,,,0.0300,0.0000,0.0000,0.0000,0.0000,0.0300,0.0300,0.0300,0.0300,0.00,100.00
KXHIGHLAX-25JUL02-T68,1751470620,2025-07-02T15:37:00+00:00,1,,,,,,0.0300,0.0000,0.0000,0.0000,0.0000,0.0300,0.0300,0.0300,0.0300,0.00,100.00
KXHIGHLAX-25JUL02-T68,1751471760,2025-07-02T15:56:00+00:00,1,,,,,,0.0300,0.0000,0.0000,0.0000,0.0000,0.0300,0.0300,0.0300,0.0300,0.00,100.00
KXHIGHLAX-25JUL02-T68,1751472360,2025-07-02T16:06:00+00:00,1,,,,,,0.0300,0.0000,0.0000,0.0000,0.0000,0.0300,0.0300,0.0300,0.0300,0.00,100.00
KXHIGHLAX-25JUL02-T68,1751472480,2025-07-02T16:08:00+00:00,1,,,,,,0.0300,0.0000,0.0000,0.0000,0.0000,0.0300,0.0300,0.0200,0.0200,0.00,100.00
KXHIGHLAX-25JUL02-T68,1751472660,2025-07-02T16:11:00+00:00,1,,,,,,0.0300,0.0000,0.0000,0.0000,0.0000,0.0200,0.0200,0.0200,0.0200,0.00,100.00
KXHIGHLAX-25JUL02-T68,1751472840,2025-07-02T16:14:00+00:00,1,,,,,,0.0300,0.0000,0.0000,0.0000,0.0000,0.0200,0.0200,0.0200,0.0200,0.00,100.00
KXHIGHLAX-25JUL02-T68,1751474340,2025-07-02T16:39:00+00:00,1,,,,,,0.0300,0.0000,0.0000,0.0000,0.0000,0.0200,0.0200,0.0200,0.0200,0.00,100.00
KXHIGHLAX-25JUL02-T68,1751474880,2025-07-02T16:48:00+00:00,1,0.0200,0.0200,0.0200,0.0200,0.0200,0.0300,0.0000,0.0000,0.0000,0.0000,0.0200,0.0300,0.0200,0.0300,400.00,500.00
KXHIGHLAX-25JUL02-T68,1751475120,2025-07-02T16:52:00+00:00,1,0.0300,0.0300,0.0300,0.0300,0.0300,0.0200,0.0000,0.0000,0.0000,0.0000,0.0300,0.1000,0.0300,0.1000,100.00,500.00
KXHIGHLAX-25JUL02-T68,1751475780,2025-07-02T17:03:00+00:00,1,,,,,,0.0300,0.0000,0.0000,0.0000,0.0000,0.1000,0.1000,0.0600,0.0600,0.00,500.00
KXHIGHLAX-25JUL02-T68,1751476260,2025-07-02T17:11:00+00:00,1,,,,,,0.0300,0.0000,0.0000,0.0000,0.0000,0.0600,0.0600,0.0600,0.0600,0.00,500.00
KXHIGHLAX-25JUL02-T68,1751476560,2025-07-02T17:16:00+00:00,1,,,,,,0.0300,0.0000,0.0000,0.0000,0.0000,0.0600,0.0600,0.0600,0.0600,0.00,500.00
KXHIGHLAX-25JUL02-T68,1751477280,2025-07-02T17:28:00+00:00,1,,,,,,0.0300,0.0000,0.0000,0.0000,0.0000,0.0600,0.0600,0.0100,0.0100,0.00,500.00
KXHIGHLAX-25JUL02-T68,1751477640,2025-07-02T17:34:00+00:00,1,0.0100,0.0100,0.0100,0.0100,0.0100,0.0300,0.0000,0.0000,0.0000,0.0000,0.0100,0.0100,0.0100,0.0100,935.00,1435.00
KXHIGHLAX-25JUL02-T68,1751479020,2025-07-02T17:57:00+00:00,1,,,,,,0.0100,0.0000,0.0000,0.0000,0.0000,0.0100,0.0600,0.0100,0.0600,0.00,1435.00
KXHIGHLAX-25JUL02-T68,1751479200,2025-07-02T18:00:00+00:00,1,,,,,,0.0100,0.0000,0.0000,0.0000,0.0000,0.0600,0.0600,0.0600,0.0600,0.00,1435.00
KXHIGHLAX-25JUL02-T68,1751479800,2025-07-02T18:10:00+00:00,1,,,,,,0.0100,0.0000,0.0000,0.0000,0.0000,0.0600,0.0600,0.0600,0.0600,0.00,1435.00
KXHIGHLAX-25JUL02-T68,1751479860,2025-07-02T18:11:00+00:00,1,,,,,,0.0100,0.0000,0.0000,0.0000,0.0000,0.0600,0.0600,0.0600,0.0600,0.00,1435.00
KXHIGHLAX-25JUL02-T68,1751479920,2025-07-02T18:12:00+00:00,1,,,,,,0.0100,0.0000,0.0000,0.0000,0.0000,0.0600,0.0600,0.0600,0.0600,0.00,1435.00
KXHIGHLAX-25JUL02-T68,1751480160,2025-07-02T18:16:00+00:00,1,,,,,,0.0100,0.0000,0.0000,0.0000,0.0000,0.0600,0.0600,0.0600,0.0600,0.00,1435.00
KXHIGHLAX-25JUL02-T68,1751480220,2025-07-02T18:17:00+00:00,1,,,,,,0.0100,0.0000,0.0000,0.0000,0.0000,0.0600,0.0600,0.0600,0.0600,0.00,1435.00
KXHIGHLAX-25JUL02-T68,1751480280,2025-07-02T18:18:00+00:00,1,,,,,,0.0100,0.0000,0.0000,0.0000,0.0000,0.0600,0.0600,0.0100,0.0100,0.00,1435.00
KXHIGHLAX-25JUL02-T68,1751480520,2025-07-02T18:22:00+00:00,1,,,,,,0.0100,0.0000,0.0000,0.0000,0.0000,0.0100,0.0100,0.0100,0.0100,0.00,1435.00
KXHIGHLAX-25JUL02-T68,1751480760,2025-07-02T18:26:00+00:00,1,,,,,,0.0100,0.0000,0.0000,0.0000,0.0000,0.0100,0.0100,0.0100,0.0100,0.00,1435.00
KXHIGHLAX-25JUL02-T68,1751480940,2025-07-02T18:29:00+00:00,1,0.0100,0.0100,0.0100,0.0100,0.0100,0.0100,0.0000,0.0000,0.0000,0.0000,0.0100,0.0100,0.0100,0.0100,13.00,1448.00
KXHIGHLAX-25JUL02-T68,1751481240,2025-07-02T18:34:00+00:00,1,0.0100,0.0100,0.0100,0.0100,0.0100,0.0100,0.0000,0.0000,0.0000,0.0000,0.0100,0.0100,0.0100,0.0100,916.00,2364.00
KXHIGHLAX-25JUL02-T68,1751481420,2025-07-02T18:37:00+00:00,1,,,,,,0.0100,0.0000,0.0000,0.0000,0.0000,0.0100,0.0100,0.0100,0.0100,0.00,2364.00
KXHIGHLAX-25JUL02-T68,1751481480,2025-07-02T18:38:00+00:00,1,,,,,,0.0100,0.0000,0.0000,0.0000,0.0000,0.0100,0.0100,0.0100,0.0100,0.00,2364.00
KXHIGHLAX-25JUL02-T68,1751482560,2025-07-02T18:56:00+00:00,1,,,,,,0.0100,0.0000,0.0000,0.0000,0.0000,0.0100,0.0100,0.0100,0.0100,0.00,2364.00
KXHIGHLAX-25JUL02-T68,1751482620,2025-07-02T18:57:00+00:00,1,,,,,,0.0100,0.0000,0.0000,0.0000,0.0000,0.0100,0.0100,0.0100,0.0100,0.00,2364.00
KXHIGHLAX-25JUL02-T68,1751482980,2025-07-02T19:03:00+00:00,1,0.0100,0.0100,0.0100,0.0100,0.0100,0.0100,0.0000,0.0000,0.0000,0.0000,0.0100,0.0100,0.0100,0.0100,1374.00,3738.00
KXHIGHLAX-25JUL02-T68,1751483160,2025-07-02T19:06:00+00:00,1,0.0100,0.0100,0.0100,0.0100,0.0100,0.0100,0.0000,0.0000,0.0000,0.0000,0.0100,0.0100,0.0100,0.0100,299.00,4037.00
KXHIGHLAX-25JUL02-T68,1751483280,2025-07-02T19:08:00+00:00,1,,,,,,0.0100,0.0000,0.0000,0.0000,0.0000,0.0100,0.0100,0.0100,0.0100,0.00,4037.00
KXHIGHLAX-25JUL02-T68,1751483760,2025-07-02T19:16:00+00:00,1,,,,,,0.0100,0.0000,0.0000,0.0000,0.0000,0.0100,0.0100,0.0100,0.0100,0.00,4037.00
KXHIGHLAX-25JUL02-T68,1751484060,2025-07-02T19:21:00+00:00,1,,,,,,0.0100,0.0000,0.0000,0.0000,0.0000,0.0100,0.0100,0.0100,0.0100,0.00,4037.00
KXHIGHLAX-25JUL02-T68,1751484360,2025-07-02T19:26:00+00:00,1,,,,,,0.0100,0.0000,0.0000,0.0000,0.0000,0.0100,0.0100,0.0100,0.0100,0.00,4037.00
KXHIGHLAX-25JUL02-T68,1751484480,2025-07-02T19:28:00+00:00,1,,,,,,0.0100,0.0000,0.0000,0.0000,0.0000,0.0100,0.0100,0.0100,0.0100,0.00,4037.00
KXHIGHLAX-25JUL02-T68,1751484660,2025-07-02T19:31:00+00:00,1,,,,,,0.0100,0.0000,0.0000,0.0000,0.0000,0.0100,0.0100,0.0100,0.0100,0.00,4037.00
KXHIGHLAX-25JUL02-T68,1751486100,2025-07-02T19:55:00+00:00,1,,,,,,0.0100,0.0000,0.0000,0.0000,0.0000,0.0100,0.0100,0.0100,0.0100,0.00,4037.00
KXHIGHLAX-25JUL02-T68,1751487480,2025-07-02T20:18:00+00:00,1,,,,,,0.0100,0.0000,0.0000,0.0000,0.0000,0.0100,0.0100,0.0100,0.0100,0.00,4037.00
KXHIGHLAX-25JUL02-T68,1751487660,2025-07-02T20:21:00+00:00,1,,,,,,0.0100,0.0000,0.0000,0.0000,0.0000,0.0100,0.0100,0.0100,0.0100,0.00,4037.00
KXHIGHLAX-25JUL02-T68,1751488860,2025-07-02T20:41:00+00:00,1,,,,,,0.0100,0.0000,0.0000,0.0000,0.0000,0.0100,0.0100,0.0100,0.0100,0.00,4037.00
KXHIGHLAX-25JUL02-T68,1751489760,2025-07-02T20:56:00+00:00,1,,,,,,0.0100,0.0000,0.0000,0.0000,0.0000,0.0100,0.0100,0.0100,0.0100,0.00,4037.00
KXHIGHLAX-25JUL02-T68,1751489820,2025-07-02T20:57:00+00:00,1,,,,,,0.0100,0.0000,0.0000,0.0000,0.0000,0.0100,0.0100,0.0100,0.0100,0.00,4037.00
KXHIGHLAX-25JUL02-T68,1751490240,2025-07-02T21:04:00+00:00,1,,,,,,0.0100,0.0000,0.0000,0.0000,0.0000,0.0100,0.0100,0.0100,0.0100,0.00,4037.00
KXHIGHLAX-25JUL02-T68,1751491260,2025-07-02T21:21:00+00:00,1,,,,,,0.0100,0.0000,0.0000,0.0000,0.0000,0.0100,0.0100,0.0100,0.0100,0.00,4037.00
KXHIGHLAX-25JUL02-T68,1751491320,2025-07-02T21:22:00+00:00,1,,,,,,0.0100,0.0000,0.0000,0.0000,0.0000,0.0100,0.0100,0.0100,0.0100,0.00,4037.00
KXHIGHLAX-25JUL02-T68,1751491560,2025-07-02T21:26:00+00:00,1,,,,,,0.0100,0.0000,0.0000,0.0000,0.0000,0.0100,0.0100,0.0100,0.0100,0.00,4037.00
KXHIGHLAX-25JUL02-T68,1751491620,2025-07-02T21:27:00+00:00,1,,,,,,0.0100,0.0000,0.0000,0.0000,0.0000,0.0100,0.0100,0.0100,0.0100,0.00,4037.00
KXHIGHLAX-25JUL02-T68,1751492940,2025-07-02T21:49:00+00:00,1,,,,,,0.0100,0.0000,0.0000,0.0000,0.0000,0.0100,0.0100,0.0100,0.0100,0.00,4037.00
KXHIGHLAX-25JUL02-T68,1751494260,2025-07-02T22:11:00+00:00,1,,,,,,0.0100,0.0000,0.0000,0.0000,0.0000,0.0100,0.0100,0.0100,0.0100,0.00,4037.00
KXHIGHLAX-25JUL02-T68,1751494860,2025-07-02T22:21:00+00:00,1,,,,,,0.0100,0.0000,0.0000,0.0000,0.0000,0.0100,0.0100,0.0100,0.0100,0.00,4037.00
KXHIGHLAX-25JUL02-T68,1751495580,2025-07-02T22:33:00+00:00,1,,,,,,0.0100,0.0000,0.0000,0.0000,0.0000,0.0100,0.0100,0.0100,0.0100,0.00,4037.00
KXHIGHLAX-25JUL02-T68,1751496960,2025-07-02T22:56:00+00:00,1,,,,,,0.0100,0.0000,0.0000,0.0000,0.0000,0.0100,0.0100,0.0100,0.0100,0.00,4037.00
KXHIGHLAX-25JUL02-T68,1751498340,2025-07-02T23:19:00+00:00,1,,,,,,0.0100,0.0000,0.0000,0.0000,0.0000,0.0100,0.0100,0.0100,0.0100,0.00,4037.00
KXHIGHLAX-25JUL02-T68,1751499660,2025-07-02T23:41:00+00:00,1,,,,,,0.0100,0.0000,0.0000,0.0000,0.0000,0.0100,0.0100,0.0100,0.0100,0.00,4037.00
KXHIGHLAX-25JUL02-T75,1751414520,2025-07-02T00:02:00+00:00,1,,,,,,0.0500,0.0000,0.0000,0.0000,0.0000,0.0500,0.0500,0.0500,0.0500,0.00,750.00
KXHIGHLAX-25JUL02-T75,1751414580,2025-07-02T00:03:00+00:00,1,,,,,,0.0500,0.0000,0.0000,0.0000,0.0000,0.0500,0.0500,0.0500,0.0500,0.00,750.00
KXHIGHLAX-25JUL02-T75,1751414700,2025-07-02T00:05:00+00:00,1,,,,,,0.0500,0.0000,0.0000,0.0000,0.0000,0.0500,0.0500,0.0500,0.0500,0.00,750.00
KXHIGHLAX-25JUL02-T75,1751415540,2025-07-02T00:19:00+00:00,1,,,,,,0.0500,0.0000,0.0000,0.0000,0.0000,0.0500,0.0500,0.0500,0.0500,0.00,750.00
KXHIGHLAX-25JUL02-T75,1751415660,2025-07-02T00:21:00+00:00,1,,,,,,0.0500,0.0000,0.0000,0.0000,0.0000,0.0500,0.0500,0.0500,0.0500,0.00,750.00
KXHIGHLAX-25JUL02-T75,1751416260,2025-07-02T00:31:00+00:00,1,,,,,,0.0500,0.0000,0.0000,0.0000,0.0000,0.0500,0.0500,0.0500,0.0500,0.00,750.00
KXHIGHLAX-25JUL02-T75,1751416320,2025-07-02T00:32:00+00:00,1,,,,,,0.0500,0.0000,0.0000,0.0000,0.0000,0.0500,0.0500,0.0500,0.0500,0.00,750.00
KXHIGHLAX-25JUL02-T75,1751416440,2025-07-02T00:34:00+00:00,1,,,,,,0.0500,0.0000,0.0000,0.0000,0.0000,0.0500,0.0500,0.0500,0.0500,0.00,750.00
KXHIGHLAX-25JUL02-T75,1751416560,2025-07-02T00:36:00+00:00,1,,,,,,0.0500,0.0000,0.0000,0.0000,0.0000,0.0500,0.0500,0.0500,0.0500,0.00,750.00
KXHIGHLAX-25JUL02-T75,1751416620,2025-07-02T00:37:00+00:00,1,,,,,,0.0500,0.0000,0.0000,0.0000,0.0000,0.0500,0.0500,0.0500,0.0500,0.00,750.00
KXHIGHLAX-25JUL02-T75,1751416680,2025-07-02T00:38:00+00:00,1,,,,,,0.0500,0.0000,0.0000,0.0000,0.0000,0.0500,0.0500,0.0500,0.0500,0.00,750.00
KXHIGHLAX-25JUL02-T75,1751417220,2025-07-02T00:47:00+00:00,1,,,,,,0.0500,0.0000,0.0000,0.0000,0.0000,0.0500,0.0500,0.0500,0.0500,0.00,750.00
KXHIGHLAX-25JUL02-T75,1751417340,2025-07-02T00:49:00+00:00,1,0.0500,0.0500,0.0500,0.0500,0.0500,0.0500,0.0000,0.0000,0.0000,0.0000,0.0500,0.0500,0.0500,0.0500,187.00,937.00
KXHIGHLAX-25JUL02-T75,1751417520,2025-07-02T00:52:00+00:00,1,,,,,,0.0500,0.0000,0.0000,0.0000,0.0000,0.0500,0.0500,0.0500,0.0500,0.00,937.00
KXHIGHLAX-25JUL02-T75,1751419260,2025-07-02T01:21:00+00:00,1,0.0500,0.0600,0.0500,0.0600,0.0527,0.0500,0.0000,0.0000,0.0000,0.0000,0.0500,0.0600,0.0500,0.0600,142.00,1079.00
KXHIGHLAX-25JUL02-T75,1751419320,2025-07-02T01:22:00+00:00,1,,,,,,0.0600,0.0000,0.0000,0.0000,0.0000,0.0600,0.0600,0.0500,0.0500,0.00,1079.00
KXHIGHLAX-25JUL02-T75,1751419560,2025-07-02T01:26:00+00:00,1,,,,,,0.0600,0.0000,0.0000,0.0000,0.0000,0.0500,0.0500,0.0500,0.0500,0.00,1079.00
KXHIGHLAX-25JUL02-T75,1751423160,2025-07-02T02:26:00+00:00,1,,,,,,0.0600,0.0000,0.0000,0.0000,0.0000,0.0500,0.0600,0.0500,0.0500,0.00,1079.00
KXHIGHLAX-25JUL02-T75,1751423280,2025-07-02T02:28:00+00:00,1,,,,,,0.0600,0.0000,0.0000,0.0000,0.0000,0.0500,0.0500,0.0500,0.0500,0.00,1079.00
KXHIGHLAX-25JUL02-T75,1751425020,2025-07-02T02:57:00+00:00,1,,,,,,0.0600,0.0000,0.0000,0.0000,0.0000,0.0500,0.0600,0.0500,0.0500,0.00,1079.00
KXHIGHLAX-25JUL02-T75,1751425500,2025-07-02T03:05:00+00:00,1,,,,,,0.0600,0.0000,0.0000,0.0000,0.0000,0.0500,0.0600,0.0500,0.0500,0.00,1079.00
KXHIGHLAX-25JUL02-T75,1751425860,2025-07-02T03:11:00+00:00,1,,,,,,0.0600,0.0000,0.0000,0.0000,0.0000,0.0500,0.0600,0.0500,0.0500,0.00,1079.00
KXHIGHLAX-25JUL02-T75,1751426160,2025-07-02T03:16:00+00:00,1,,,,,,0.0600,0.0000,0.0000,0.0000,0.0000,0.0500,0.0500,0.0500,0.0500,0.00,1079.00
KXHIGHLAX-25JUL02-T75,1751426580,2025-07-02T03:23:00+00:00,1,,,,,,0.0600,0.0000,0.0000,0.0000,0.0000,0.0500,0.0600,0.0500,0.0500,0.00,1079.00
KXHIGHLAX-25JUL02-T75,1751426700,2025-07-02T03:25:00+00:00,1,,,,,,0.0600,0.0000,0.0000,0.0000,0.0000,0.0500,0.0500,0.0500,0.0500,0.00,1079.00
KXHIGHLAX-25JUL02-T75,1751426760,2025-07-02T03:26:00+00:00,1,,,,,,0.0600,0.0000,0.0000,0.0000,0.0000,0.0500,0.0500,0.0500,0.0500,0.00,1079.00
KXHIGHLAX-25JUL02-T75,1751427480,2025-07-02T03:38:00+00:00,1,,,,,,0.0600,0.0000,0.0000,0.0000,0.0000,0.0500,0.0600,0.0500,0.0500,0.00,1079.00
KXHIGHLAX-25JUL02-T75,1751428740,2025-07-02T03:59:00+00:00,1,,,,,,0.0600,0.0000,0.0000,0.0000,0.0000,0.0500,0.0500,0.0500,0.0500,0.00,1079.00
KXHIGHLAX-25JUL02-T75,1751429340,2025-07-02T04:09:00+00:00,1,,,,,,0.0600,0.0000,0.0000,0.0000,0.0000,0.0500,0.0500,0.0500,0.0500,0.00,1079.00
KXHIGHLAX-25JUL02-T75,1751429940,2025-07-02T04:19:00+00:00,1,0.0500,0.0600,0.0500,0.0600,0.0583,0.0600,0.0000,0.0000,0.0000,0.0000,0.0500,0.0600,0.0500,0.0500,241.00,1320.00
KXHIGHLAX-25JUL02-T75,1751430360,2025-07-02T04:26:00+00:00,1,,,,,,0.0600,0.0000,0.0000,0.0000,0.0000,0.0500,0.0500,0.0500,0.0500,0.00,1320.00
KXHIGHLAX-25JUL02-T75,1751430420,2025-07-02T04:27:00+00:00,1,,,,,,0.0600,0.0000,0.0000,0.0000,0.0000,0.0500,0.0600,0.0500,0.0500,0.00,1320.00
KXHIGHLAX-25JUL02-T75,1751430660,2025-07-02T04:31:00+00:00,1,,,,,,0.0600,0.0000,0.0000,0.0000,0.0000,0.0500,0.0500,0.0500,0.0500,0.00,1320.00
KXHIGHLAX-25JUL02-T75,1751431020,2025-07-02T04:37:00+00:00,1,,,,,,0.0600,0.0000,0.0000,0.0000,0.0000,0.0500,0.0500,0.0400,0.0400,0.00,1320.00
KXHIGHLAX-25JUL02-T75,1751431080,2025-07-02T04:38:00+00:00,1,,,,,,0.0600,0.0000,0.0000,0.0000,0.0000,0.0400,0.0500,0.0400,0.0400,0.00,1320.00
KXHIGHLAX-25JUL02-T75,1751431140,2025-07-02T04:39:00+00:00,1,,,,,,0.0600,0.0000,0.0000,0.0000,0.0000,0.0400,0.0500,0.0400,0.0400,0.00,1320.00
KXHIGHLAX-25JUL02-T75,1751431200,2025-07-02T04:40:00+00:00,1,,,,,,0.0600,0.0000,0.0000,0.0000,0.0000,0.0400,0.0500,0.0400,0.0400,0.00,1320.00
KXHIGHLAX-25JUL02-T75,1751431260,2025-07-02T04:41:00+00:00,1,,,,,,0.0600,0.0000,0.0000,0.0000,0.0000,0.0400,0.0500,0.0400,0.0400,0.00,1320.00
KXHIGHLAX-25JUL02-T75,1751431320,2025-07-02T04:42:00+00:00,1,,,,,,0.0600,0.0000,0.0000,0.0000,0.0000,0.0400,0.0500,0.0400,0.0400,0.00,1320.00
KXHIGHLAX-25JUL02-T75,1751431380,2025-07-02T04:43:00+00:00,1,,,,,,0.0600,0.0000,0.0000,0.0000,0.0000,0.0400,0.0500,0.0400,0.0400,0.00,1320.00
KXHIGHLAX-25JUL02-T75,1751431440,2025-07-02T04:44:00+00:00,1,,,,,,0.0600,0.0000,0.0000,0.0000,0.0000,0.0400,0.0500,0.0400,0.0400,0.00,1320.00
KXHIGHLAX-25JUL02-T75,1751431500,2025-07-02T04:45:00+00:00,1,,,,,,0.0600,0.0000,0.0000,0.0000,0.0000,0.0400,0.0500,0.0400,0.0400,0.00,1320.00
KXHIGHLAX-25JUL02-T75,1751431560,2025-07-02T04:46:00+00:00,1,,,,,,0.0600,0.0000,0.0000,0.0000,0.0000,0.0400,0.0500,0.0400,0.0400,0.00,1320.00
KXHIGHLAX-25JUL02-T75,1751431620,2025-07-02T04:47:00+00:00,1,,,,,,0.0600,0.0000,0.0000,0.0000,0.0000,0.0400,0.0500,0.0400,0.0400,0.00,1320.00
KXHIGHLAX-25JUL02-T75,1751431680,2025-07-02T04:48:00+00:00,1,,,,,,0.0600,0.0000,0.0000,0.0000,0.0000,0.0400,0.0500,0.0400,0.0400,0.00,1320.00
KXHIGHLAX-25JUL02-T75,1751431740,2025-07-02T04:49:00+00:00,1,,,,,,0.0600,0.0000,0.0000,0.0000,0.0000,0.0400,0.0500,0.0400,0.0400,0.00,1320.00
KXHIGHLAX-25JUL02-T75,1751431800,2025-07-02T04:50:00+00:00,1,,,,,,0.0600,0.0000,0.0000,0.0000,0.0000,0.0400,0.0500,0.0400,0.0400,0.00,1320.00
KXHIGHLAX-25JUL02-T75,1751431860,2025-07-02T04:51:00+00:00,1,,,,,,0.0600,0.0000,0.0000,0.0000,0.0000,0.0400,0.0500,0.0400,0.0400,0.00,1320.00
KXHIGHLAX-25JUL02-T75,1751431920,2025-07-02T04:52:00+00:00,1,,,,,,0.0600,0.0000,0.0000,0.0000,0.0000,0.0400,0.0500,0.0400,0.0400,0.00,1320.00
KXHIGHLAX-25JUL02-T75,1751431980,2025-07-02T04:53:00+00:00,1,,,,,,0.0600,0.0000,0.0000,0.0000,0.0000,0.0400,0.0500,0.0400,0.0400,0.00,1320.00
KXHIGHLAX-25JUL02-T75,1751432040,2025-07-02T04:54:00+00:00,1,,,,,,0.0600,0.0000,0.0000,0.0000,0.0000,0.0400,0.0500,0.0400,0.0400,0.00,1320.00
KXHIGHLAX-25JUL02-T75,1751432100,2025-07-02T04:55:00+00:00,1,,,,,,0.0600,0.0000,0.0000,0.0000,0.0000,0.0400,0.0500,0.0400,0.0400,0.00,1320.00
KXHIGHLAX-25JUL02-T75,1751432160,2025-07-02T04:56:00+00:00,1,,,,,,0.0600,0.0000,0.0000,0.0000,0.0000,0.0400,0.0500,0.0400,0.0500,0.00,1320.00
KXHIGHLAX-25JUL02-T75,1751432220,2025-07-02T04:57:00+00:00,1,,,,,,0.0600,0.0000,0.0000,0.0000,0.0000,0.0500,0.0500,0.0400,0.0400,0.00,1320.00
KXHIGHLAX-25JUL02-T75,1751432280,2025-07-02T04:58:00+00:00,1,,,,,,0.0600,0.0000,0.0000,0.0000,0.0000,0.0400,0.0500,0.0400,0.0400,0.00,1320.00
KXHIGHLAX-25JUL02-T75,1751432340,2025-07-02T04:59:00+00:00,1,,,,,,0.0600,0.0000,0.0000,0.0000,0.0000,0.0400,0.0500,0.0400,0.0400,0.00,1320.00
KXHIGHLAX-25JUL02-T75,1751432400,2025-07-02T05:00:00+00:00,1,,,,,,0.0600,0.0000,0.0000,0.0000,0.0000,0.0400,0.0500,0.0400,0.0400,0.00,1320.00
KXHIGHLAX-25JUL02-T75,1751432460,2025-07-02T05:01:00+00:00,1,0.0400,0.0600,0.0400,0.0600,0.0459,0.0600,0.0000,0.0000,0.0000,0.0000,0.0400,0.0600,0.0400,0.0500,407.00,1727.00
KXHIGHLAX-25JUL02-T75,1751432520,2025-07-02T05:02:00+00:00,1,,,,,,0.0600,0.0000,0.0000,0.0000,0.0000,0.0500,0.0600,0.0500,0.0500,0.00,1727.00
KXHIGHLAX-25JUL02-T75,1751432580,2025-07-02T05:03:00+00:00,1,,,,,,0.0600,0.0000,0.0000,0.0000,0.0000,0.0500,0.0600,0.0500,0.0500,0.00,1727.00
KXHIGHLAX-25JUL02-T75,1751432640,2025-07-02T05:04:00+00:00,1,,,,,,0.0600,0.0000,0.0000,0.0000,0.0000,0.0500,0.0500,0.0500,0.0500,0.00,1727.00
KXHIGHLAX-25JUL02-T75,1751432700,2025-07-02T05:05:00+00:00,1,,,,,,0.0600,0.0000,0.0000,0.0000,0.0000,0.0500,0.0500,0.0500,0.0500,0.00,1727.00
KXHIGHLAX-25JUL02-T75,1751432760,2025-07-02T05:06:00+00:00,1,,,,,,0.0600,0.0000,0.0000,0.0000,0.0000,0.0500,0.0500,0.0500,0.0500,0.00,1727.00
KXHIGHLAX-25JUL02-T75,1751432820,2025-07-02T05:07:00+00:00,1,,,,,,0.0600,0.0000,0.0000,0.0000,0.0000,0.0500,0.0500,0.0500,0.0500,0.00,1727.00
KXHIGHLAX-25JUL02-T75,1751432880,2025-07-02T05:08:00+00:00,1,,,,,,0.0600,0.0000,0.0000,0.0000,0.0000,0.0500,0.0500,0.0500,0.0500,0.00,1727.00
KXHIGHLAX-25JUL02-T75,1751432940,2025-07-02T05:09:00+00:00,1,,,,,,0.0600,0.0000,0.0000,0.0000,0.0000,0.0500,0.0500,0.0500,0.0500,0.00,1727.00
KXHIGHLAX-25JUL02-T75,1751433000,2025-07-02T05:10:00+00:00,1,,,,,,0.0600,0.0000,0.0000,0.0000,0.0000,0.0500,0.0500,0.0500,0.0500,0.00,1727.00
KXHIGHLAX-25JUL02-T75,1751433060,2025-07-02T05:11:00+00:00,1,,,,,,0.0600,0.0000,0.0000,0.0000,0.0000,0.0500,0.0500,0.0500,0.0500,0.00,1727.00
KXHIGHLAX-25JUL02-T75,1751433120,2025-07-02T05:12:00+00:00,1,,,,,,0.0600,0.0000,0.0000,0.0000,0.0000,0.0500,0.0500,0.0500,0.0500,0.00,1727.00
KXHIGHLAX-25JUL02-T75,1751433180,2025-07-02T05:13:00+00:00,1,,,,,,0.0600,0.0000,0.0000,0.0000,0.0000,0.0500,0.0500,0.0500,0.0500,0.00,1727.00
KXHIGHLAX-25JUL02-T75,1751433240,2025-07-02T05:14:00+00:00,1,,,,,,0.0600,0.0000,0.0000,0.0000,0.0000,0.0500,0.0500,0.0500,0.0500,0.00,1727.00
KXHIGHLAX-25JUL02-T75,1751433300,2025-07-02T05:15:00+00:00,1,,,,,,0.0600,0.0000,0.0000,0.0000,0.0000,0.0500,0.0500,0.0500,0.0500,0.00,1727.00
KXHIGHLAX-25JUL02-T75,1751433360,2025-07-02T05:16:00+00:00,1,,,,,,0.0600,0.0000,0.0000,0.0000,0.0000,0.0500,0.0500,0.0500,0.0500,0.00,1727.00
KXHIGHLAX-25JUL02-T75,1751433420,2025-07-02T05:17:00+00:00,1,0.0500,0.0600,0.0500,0.0600,0.0587,0.0600,0.0000,0.0000,0.0000,0.0000,0.0500,0.0600,0.0500,0.0600,319.00,2046.00
KXHIGHLAX-25JUL02-T75,1751433480,2025-07-02T05:18:00+00:00,1,,,,,,0.0600,0.0000,0.0000,0.0000,0.0000,0.0600,0.0600,0.0600,0.0600,0.00,2046.00
KXHIGHLAX-25JUL02-T75,1751433540,2025-07-02T05:19:00+00:00,1,,,,,,0.0600,0.0000,0.0000,0.0000,0.0000,0.0600,0.0600,0.0500,0.0500,0.00,2046.00
KXHIGHLAX-25JUL02-T75,1751433960,2025-07-02T05:26:00+00:00,1,,,,,,0.0600,0.0000,0.0000,0.0000,0.0000,0.0500,0.0500,0.0500,0.0500,0.00,2046.00
KXHIGHLAX-25JUL02-T75,1751434020,2025-07-02T05:27:00+00:00,1,,,,,,0.0600,0.0000,0.0000,0.0000,0.0000,0.0500,0.0600,0.0500,0.0500,0.00,2046.00
KXHIGHLAX-25JUL02-T75,1751434080,2025-07-02T05:28:00+00:00,1,,,,,,0.0600,0.0000,0.0000,0.0000,0.0000,0.0500,0.0500,0.0500,0.0500,0.00,2046.00
KXHIGHLAX-25JUL02-T75,1751434140,2025-07-02T05:29:00+00:00,1,,,,,,0.0600,0.0000,0.0000,0.0000,0.0000,0.0500,0.0500,0.0500,0.0500,0.00,2046.00
KXHIGHLAX-25JUL02-T75,1751434200,2025-07-02T05:30:00+00:00,1,,,,,,0.0600,0.0000,0.0000,0.0000,0.0000,0.0500,0.0500,0.0500,0.0500,0.00,2046.00
KXHIGHLAX-25JUL02-T75,1751434260,2025-07-02T05:31:00+00:00,1,,,,,,0.0600,0.0000,0.0000,0.0000,0.0000,0.0500,0.0500,0.0500,0.0500,0.00,2046.00
KXHIGHLAX-25JUL02-T75,1751434320,2025-07-02T05:32:00+00:00,1,,,,,,0.0600,0.0000,0.0000,0.0000,0.0000,0.0500,0.0500,0.0500,0.0500,0.00,2046.00
KXHIGHLAX-25JUL02-T75,1751434380,2025-07-02T05:33:00+00:00,1,,,,,,0.0600,0.0000,0.0000,0.0000,0.0000,0.0500,0.0500,0.0500,0.0500,0.00,2046.00
KXHIGHLAX-25JUL02-T75,1751434440,2025-07-02T05:34:00+00:00,1,,,,,,0.0600,0.0000,0.0000,0.0000,0.0000,0.0500,0.0500,0.0500,0.0500,0.00,2046.00
KXHIGHLAX-25JUL02-T75,1751434500,2025-07-02T05:35:00+00:00,1,,,,,,0.0600,0.0000,0.0000,0.0000,0.0000,0.0500,0.0500,0.0500,0.0500,0.00,2046.00
KXHIGHLAX-25JUL02-T75,1751434560,2025-07-02T05:36:00+00:00,1,,,,,,0.0600,0.0000,0.0000,0.0000,0.0000,0.0500,0.0500,0.0500,0.0500,0.00,2046.00
KXHIGHLAX-25JUL02-T75,1751434620,2025-07-02T05:37:00+00:00,1,,,,,,0.0600,0.0000,0.0000,0.0000,0.0000,0.0500,0.0500,0.0500,0.0500,0.00,2046.00
KXHIGHLAX-25JUL02-T75,1751434680,2025-07-02T05:38:00+00:00,1,,,,,,0.0600,0.0000,0.0000,0.0000,0.0000,0.0500,0.0500,0.0500,0.0500,0.00,2046.00
KXHIGHLAX-25JUL02-T75,1751434740,2025-07-02T05:39:00+00:00,1,,,,,,0.0600,0.0000,0.0000,0.0000,0.0000,0.0500,0.0500,0.0500,0.0500,0.00,2046.00
KXHIGHLAX-25JUL02-T75,1751434800,2025-07-02T05:40:00+00:00,1,,,,,,0.0600,0.0000,0.0000,0.0000,0.0000,0.0500,0.0500,0.0500,0.0500,0.00,2046.00
KXHIGHLAX-25JUL02-T75,1751434860,2025-07-02T05:41:00+00:00,1,,,,,,0.0600,0.0000,0.0000,0.0000,0.0000,0.0500,0.0500,0.0500,0.0500,0.00,2046.00
KXHIGHLAX-25JUL02-T75,1751434920,2025-07-02T05:42:00+00:00,1,,,,,,0.0600,0.0000,0.0000,0.0000,0.0000,0.0500,0.0500,0.0500,0.0500,0.00,2046.00
KXHIGHLAX-25JUL02-T75,1751434980,2025-07-02T05:43:00+00:00,1,,,,,,0.0600,0.0000,0.0000,0.0000,0.0000,0.0500,0.0500,0.0500,0.0500,0.00,2046.00
KXHIGHLAX-25JUL02-T75,1751435040,2025-07-02T05:44:00+00:00,1,,,,,,0.0600,0.0000,0.0000,0.0000,0.0000,0.0500,0.0500,0.0500,0.0500,0.00,2046.00
KXHIGHLAX-25JUL02-T75,1751435100,2025-07-02T05:45:00+00:00,1,,,,,,0.0600,0.0000,0.0000,0.0000,0.0000,0.0500,0.0500,0.0500,0.0500,0.00,2046.00
KXHIGHLAX-25JUL02-T75,1751435160,2025-07-02T05:46:00+00:00,1,,,,,,0.0600,0.0000,0.0000,0.0000,0.0000,0.0500,0.0500,0.0500,0.0500,0.00,2046.00
KXHIGHLAX-25JUL02-T75,1751435220,2025-07-02T05:47:00+00:00,1,,,,,,0.0600,0.0000,0.0000,0.0000,0.0000,0.0500,0.0500,0.0500,0.0500,0.00,2046.00
KXHIGHLAX-25JUL02-T75,1751435280,2025-07-02T05:48:00+00:00,1,,,,,,0.0600,0.0000,0.0000,0.0000,0.0000,0.0500,0.0500,0.0500,0.0500,0.00,2046.00
KXHIGHLAX-25JUL02-T75,1751435340,2025-07-02T05:49:00+00:00,1,,,,,,0.0600,0.0000,0.0000,0.0000,0.0000,0.0500,0.0500,0.0500,0.0500,0.00,2046.00
KXHIGHLAX-25JUL02-T75,1751435400,2025-07-02T05:50:00+00:00,1,,,,,,0.0600,0.0000,0.0000,0.0000,0.0000,0.0500,0.0500,0.0500,0.0500,0.00,2046.00
KXHIGHLAX-25JUL02-T75,1751435460,2025-07-02T05:51:00+00:00,1,,,,,,0.0600,0.0000,0.0000,0.0000,0.0000,0.0500,0.0500,0.0500,0.0500,0.00,2046.00
KXHIGHLAX-25JUL02-T75,1751435520,2025-07-02T05:52:00+00:00,1,,,,,,0.0600,0.0000,0.0000,0.0000,0.0000,0.0500,0.0500,0.0500,0.0500,0.00,2046.00
KXHIGHLAX-25JUL02-T75,1751435580,2025-07-02T05:53:00+00:00,1,,,,,,0.0600,0.0000,0.0000,0.0000,0.0000,0.0500,0.0500,0.0500,0.0500,0.00,2046.00
KXHIGHLAX-25JUL02-T75,1751435640,2025-07-02T05:54:00+00:00,1,,,,,,0.0600,0.0000,0.0000,0.0000,0.0000,0.0500,0.0500,0.0500,0.0500,0.00,2046.00
KXHIGHLAX-25JUL02-T75,1751435700,2025-07-02T05:55:00+00:00,1,,,,,,0.0600,0.0000,0.0000,0.0000,0.0000,0.0500,0.0500,0.0500,0.0500,0.00,2046.00
KXHIGHLAX-25JUL02-T75,1751435760,2025-07-02T05:56:00+00:00,1,,,,,,0.0600,0.0000,0.0000,0.0000,0.0000,0.0500,0.0500,0.0500,0.0500,0.00,2046.00
KXHIGHLAX-25JUL02-T75,1751435820,2025-07-02T05:57:00+00:00,1,,,,,,0.0600,0.0000,0.0000,0.0000,0.0000,0.0500,0.0500,0.0500,0.0500,0.00,2046.00
KXHIGHLAX-25JUL02-T75,1751435880,2025-07-02T05:58:00+00:00,1,,,,,,0.0600,0.0000,0.0000,0.0000,0.0000,0.0500,0.0500,0.0500,0.0500,0.00,2046.00
KXHIGHLAX-25JUL02-T75,1751435940,2025-07-02T05:59:00+00:00,1,,,,,,0.0600,0.0000,0.0000,0.0000,0.0000,0.0500,0.0500,0.0500,0.0500,0.00,2046.00
KXHIGHLAX-25JUL02-T75,1751436000,2025-07-02T06:00:00+00:00,1,,,,,,0.0600,0.0000,0.0000,0.0000,0.0000,0.0500,0.0500,0.0500,0.0500,0.00,2046.00
KXHIGHLAX-25JUL02-T75,1751436060,2025-07-02T06:01:00+00:00,1,,,,,,0.0600,0.0000,0.0000,0.0000,0.0000,0.0500,0.0500,0.0500,0.0500,0.00,2046.00
KXHIGHLAX-25JUL02-T75,1751436120,2025-07-02T06:02:00+00:00,1,,,,,,0.0600,0.0000,0.0000,0.0000,0.0000,0.0500,0.0500,0.0500,0.0500,0.00,2046.00
KXHIGHLAX-25JUL02-T75,1751436180,2025-07-02T06:03:00+00:00,1,,,,,,0.0600,0.0000,0.0000,0.0000,0.0000,0.0500,0.0500,0.0500,0.0500,0.00,2046.00
KXHIGHLAX-25JUL02-T75,1751436240,2025-07-02T06:04:00+00:00,1,,,,,,0.0600,0.0000,0.0000,0.0000,0.0000,0.0500,0.0500,0.0500,0.0500,0.00,2046.00
KXHIGHLAX-25JUL02-T75,1751436300,2025-07-02T06:05:00+00:00,1,,,,,,0.0600,0.0000,0.0000,0.0000,0.0000,0.0500,0.0500,0.0500,0.0500,0.00,2046.00
KXHIGHLAX-25JUL02-T75,1751436360,2025-07-02T06:06:00+00:00,1,,,,,,0.0600,0.0000,0.0000,0.0000,0.0000,0.0500,0.0500,0.0500,0.0500,0.00,2046.00
KXHIGHLAX-25JUL02-T75,1751436420,2025-07-02T06:07:00+00:00,1,,,,,,0.0600,0.0000,0.0000,0.0000,0.0000,0.0500,0.0500,0.0500,0.0500,0.00,2046.00
KXHIGHLAX-25JUL02-T75,1751436480,2025-07-02T06:08:00+00:00,1,,,,,,0.0600,0.0000,0.0000,0.0000,0.0000,0.0500,0.0500,0.0500,0.0500,0.00,2046.00
KXHIGHLAX-25JUL02-T75,1751436540,2025-07-02T06:09:00+00:00,1,,,,,,0.0600,0.0000,0.0000,0.0000,0.0000,0.0500,0.0500,0.0500,0.0500,0.00,2046.00
KXHIGHLAX-25JUL02-T75,1751436600,2025-07-02T06:10:00+00:00,1,,,,,,0.0600,0.0000,0.0000,0.0000,0.0000,0.0500,0.0500,0.0500,0.0500,0.00,2046.00
KXHIGHLAX-25JUL02-T75,1751436660,2025-07-02T06:11:00+00:00,1,,,,,,0.0600,0.0000,0.0000,0.0000,0.0000,0.0500,0.0500,0.0500,0.0500,0.00,2046.00
KXHIGHLAX-25JUL02-T75,1751436720,2025-07-02T06:12:00+00:00,1,,,,,,0.0600,0.0000,0.0000,0.0000,0.0000,0.0500,0.0500,0.0500,0.0500,0.00,2046.00
KXHIGHLAX-25JUL02-T75,1751436780,2025-07-02T06:13:00+00:00,1,,,,,,0.0600,0.0000,0.0000,0.0000,0.0000,0.0500,0.0500,0.0500,0.0500,0.00,2046.00
KXHIGHLAX-25JUL02-T75,1751436840,2025-07-02T06:14:00+00:00,1,,,,,,0.0600,0.0000,0.0000,0.0000,0.0000,0.0500,0.0500,0.0500,0.0500,0.00,2046.00
KXHIGHLAX-25JUL02-T75,1751436900,2025-07-02T06:15:00+00:00,1,,,,,,0.0600,0.0000,0.0000,0.0000,0.0000,0.0500,0.0500,0.0500,0.0500,0.00,2046.00
KXHIGHLAX-25JUL02-T75,1751436960,2025-07-02T06:16:00+00:00,1,,,,,,0.0600,0.0000,0.0000,0.0000,0.0000,0.0500,0.0500,0.0500,0.0500,0.00,2046.00
KXHIGHLAX-25JUL02-T75,1751437020,2025-07-02T06:17:00+00:00,1,,,,,,0.0600,0.0000,0.0000,0.0000,0.0000,0.0500,0.0500,0.0500,0.0500,0.00,2046.00
KXHIGHLAX-25JUL02-T75,1751437140,2025-07-02T06:19:00+00:00,1,,,,,,0.0600,0.0000,0.0000,0.0000,0.0000,0.0500,0.0500,0.0500,0.0500,0.00,2046.00
KXHIGHLAX-25JUL02-T75,1751437200,2025-07-02T06:20:00+00:00,1,,,,,,0.0600,0.0000,0.0000,0.0000,0.0000,0.0500,0.0500,0.0500,0.0500,0.00,2046.00
KXHIGHLAX-25JUL02-T75,1751437260,2025-07-02T06:21:00+00:00,1,,,,,,0.0600,0.0000,0.0000,0.0000,0.0000,0.0500,0.0500,0.0500,0.0500,0.00,2046.00
KXHIGHLAX-25JUL02-T75,1751437320,2025-07-02T06:22:00+00:00,1,,,,,,0.0600,0.0000,0.0000,0.0000,0.0000,0.0500,0.0500,0.0500,0.0500,0.00,2046.00
KXHIGHLAX-25JUL02-T75,1751437380,2025-07-02T06:23:00+00:00,1,,,,,,0.0600,0.0000,0.0000,0.0000,0.0000,0.0500,0.0500,0.0500,0.0500,0.00,2046.00
KXHIGHLAX-25JUL02-T75,1751437860,2025-07-02T06:31:00+00:00,1,,,,,,0.0600,0.0000,0.0000,0.0000,0.0000,0.0500,0.0600,0.0500,0.0500,0.00,2046.00
KXHIGHLAX-25JUL02-T75,1751438160,2025-07-02T06:36:00+00:00,1,,,,,,0.0600,0.0000,0.0000,0.0000,0.0000,0.0500,0.0500,0.0500,0.0500,0.00,2046.00
KXHIGHLAX-25JUL02-T75,1751438220,2025-07-02T06:37:00+00:00,1,,,,,,0.0600,0.0000,0.0000,0.0000,0.0000,0.0500,0.0500,0.0500,0.0500,0.00,2046.00
KXHIGHLAX-25JUL02-T75,1751438760,2025-07-02T06:46:00+00:00,1,,,,,,0.0600,0.0000,0.0000,0.0000,0.0000,0.0500,0.0500,0.0500,0.0500,0.00,2046.00
KXHIGHLAX-25JUL02-T75,1751439420,2025-07-02T06:57:00+00:00,1,,,,,,0.0600,0.0000,0.0000,0.0000,0.0000,0.0500,0.0500,0.0500,0.0500,0.00,2046.00
KXHIGHLAX-25JUL02-T75,1751439660,2025-07-02T07:01:00+00:00,1,,,,,,0.0600,0.0000,0.0000,0.0000,0.0000,0.0500,0.0600,0.0500,0.0600,0.00,2046.00
KXHIGHLAX-25JUL02-T75,1751440260,2025-07-02T07:11:00+00:00,1,,,,,,0.0600,0.0000,0.0000,0.0000,0.0000,0.0600,0.0600,0.0600,0.0600,0.00,2046.00
KXHIGHLAX-25JUL02-T75,1751454060,2025-07-02T11:01:00+00:00,1,,,,,,0.0600,0.0000,0.0000,0.0000,0.0000,0.0600,0.0600,0.0600,0.0600,0.00,2046.00
KXHIGHLAX-25JUL02-T75,1751457660,2025-07-02T12:01:00+00:00,1,,,,,,0.0600,0.0000,0.0000,0.0000,0.0000,0.0600,0.0600,0.0500,0.0500,0.00,2046.00
KXHIGHLAX-25JUL02-T75,1751457720,2025-07-02T12:02:00+00:00,1,,,,,,0.0600,0.0000,0.0000,0.0000,0.0000,0.0500,0.0600,0.0300,0.0300,0.00,2046.00
KXHIGHLAX-25JUL02-T75,1751457840,2025-07-02T12:04:00+00:00,1,,,,,,0.0600,0.0000,0.0000,0.0000,0.0000,0.0300,0.0300,0.0300,0.0300,0.00,2046.00
KXHIGHLAX-25JUL02-T75,1751457960,2025-07-02T12:06:00+00:00,1,,,,,,0.0600,0.0000,0.0000,0.0000,0.0000,0.0300,0.0300,0.0300,0.0300,0.00,2046.00
KXHIGHLAX-25JUL02-T75,1751458020,2025-07-02T12:07:00+00:00,1,,,,,,0.0600,0.0000,0.0000,0.0000,0.0000,0.0300,0.0300,0.0300,0.0300,0.00,2046.00
KXHIGHLAX-25JUL02-T75,1751458560,2025-07-02T12:16:00+00:00,1,,,,,,0.0600,0.0000,0.0000,0.0000,0.0000,0.0300,0.0300,0.0300,0.0300,0.00,2046.00
KXHIGHLAX-25JUL02-T75,1751458620,2025-07-02T12:17:00+00:00,1,,,,,,0.0600,0.0000,0.0000,0.0000,0.0000,0.0300,0.0300,0.0300,0.0300,0.00,2046.00
KXHIGHLAX-25JUL02-T75,1751458680,2025-07-02T12:18:00+00:00,1,,,,,,0.0600,0.0000,0.0000,0.0000,0.0000,0.0300,0.0300,0.0300,0.0300,0.00,2046.00
KXHIGHLAX-25JUL02-T75,1751458920,2025-07-02T12:22:00+00:00,1,,,,,,0.0600,0.0000,0.0000,0.0000,0.0000,0.0300,0.0300,0.0300,0.0300,0.00,2046.00
KXHIGHLAX-25JUL02-T75,1751458980,2025-07-02T12:23:00+00:00,1,,,,,,0.0600,0.0000,0.0000,0.0000,0.0000,0.0300,0.0300,0.0300,0.0300,0.00,2046.00
KXHIGHLAX-25JUL02-T75,1751459220,2025-07-02T12:27:00+00:00,1,,,,,,0.0600,0.0000,0.0000,0.0000,0.0000,0.0300,0.0300,0.0300,0.0300,0.00,2046.00
KXHIGHLAX-25JUL02-T75,1751459280,2025-07-02T12:28:00+00:00,1,,,,,,0.0600,0.0000,0.0000,0.0000,0.0000,0.0300,0.0300,0.0300,0.0300,0.00,2046.00
KXHIGHLAX-25JUL02-T75,1751459520,2025-07-02T12:32:00+00:00,1,,,,,,0.0600,0.0000,0.0000,0.0000,0.0000,0.0300,0.0300,0.0300,0.0300,0.00,2046.00
KXHIGHLAX-25JUL02-T75,1751459580,2025-07-02T12:33:00+00:00,1,,,,,,0.0600,0.0000,0.0000,0.0000,0.0000,0.0300,0.0300,0.0300,0.0300,0.00,2046.00
KXHIGHLAX-25JUL02-T75,1751459640,2025-07-02T12:34:00+00:00,1,,,,,,0.0600,0.0000,0.0000,0.0000,0.0000,0.0300,0.0300,0.0300,0.0300,0.00,2046.00
KXHIGHLAX-25JUL02-T75,1751459820,2025-07-02T12:37:00+00:00,1,,,,,,0.0600,0.0000,0.0000,0.0000,0.0000,0.0300,0.0300,0.0300,0.0300,0.00,2046.00
KXHIGHLAX-25JUL02-T75,1751459880,2025-07-02T12:38:00+00:00,1,,,,,,0.0600,0.0000,0.0000,0.0000,0.0000,0.0300,0.0300,0.0300,0.0300,0.00,2046.00
KXHIGHLAX-25JUL02-T75,1751460120,2025-07-02T12:42:00+00:00,1,,,,,,0.0600,0.0000,0.0000,0.0000,0.0000,0.0300,0.0300,0.0300,0.0300,0.00,2046.00
KXHIGHLAX-25JUL02-T75,1751460180,2025-07-02T12:43:00+00:00,1,,,,,,0.0600,0.0000,0.0000,0.0000,0.0000,0.0300,0.0300,0.0300,0.0300,0.00,2046.00
KXHIGHLAX-25JUL02-T75,1751460420,2025-07-02T12:47:00+00:00,1,,,,,,0.0600,0.0000,0.0000,0.0000,0.0000,0.0300,0.0300,0.0300,0.0300,0.00,2046.00
KXHIGHLAX-25JUL02-T75,1751460480,2025-07-02T12:48:00+00:00,1,,,,,,0.0600,0.0000,0.0000,0.0000,0.0000,0.0300,0.0300,0.0300,0.0300,0.00,2046.00
KXHIGHLAX-25JUL02-T75,1751460720,2025-07-02T12:52:00+00:00,1,,,,,,0.0600,0.0000,0.0000,0.0000,0.0000,0.0300,0.0300,0.0300,0.0300,0.00,2046.00
KXHIGHLAX-25JUL02-T75,1751460780,2025-07-02T12:53:00+00:00,1,,,,,,0.0600,0.0000,0.0000,0.0000,0.0000,0.0300,0.0300,0.0300,0.0300,0.00,2046.00
KXHIGHLAX-25JUL02-T75,1751460840,2025-07-02T12:54:00+00:00,1,,,,,,0.0600,0.0000,0.0000,0.0000,0.0000,0.0300,0.0300,0.0300,0.0300,0.00,2046.00
KXHIGHLAX-25JUL02-T75,1751460900,2025-07-02T12:55:00+00:00,1,,,,,,0.0600,0.0000,0.0000,0.0000,0.0000,0.0300,0.0300,0.0300,0.0300,0.00,2046.00
KXHIGHLAX-25JUL02-T75,1751461020,2025-07-02T12:57:00+00:00,1,,,,,,0.0600,0.0000,0.0000,0.0000,0.0000,0.0300,0.0300,0.0300,0.0300,0.00,2046.00
KXHIGHLAX-25JUL02-T75,1751461080,2025-07-02T12:58:00+00:00,1,,,,,,0.0600,0.0000,0.0000,0.0000,0.0000,0.0300,0.0300,0.0300,0.0300,0.00,2046.00
KXHIGHLAX-25JUL02-T75,1751461200,2025-07-02T13:00:00+00:00,1,,,,,,0.0600,0.0000,0.0000,0.0000,0.0000,0.0300,0.0300,0.0300,0.0300,0.00,2046.00
KXHIGHLAX-25JUL02-T75,1751461260,2025-07-02T13:01:00+00:00,1,,,,,,0.0600,0.0000,0.0000,0.0000,0.0000,0.0300,0.0300,0.0300,0.0300,0.00,2046.00
KXHIGHLAX-25JUL02-T75,1751461320,2025-07-02T13:02:00+00:00,1,,,,,,0.0600,0.0000,0.0000,0.0000,0.0000,0.0300,0.0300,0.0300,0.0300,0.00,2046.00
KXHIGHLAX-25JUL02-T75,1751461380,2025-07-02T13:03:00+00:00,1,,,,,,0.0600,0.0000,0.0000,0.0000,0.0000,0.0300,0.0300,0.0300,0.0300,0.00,2046.00
KXHIGHLAX-25JUL02-T75,1751461560,2025-07-02T13:06:00+00:00,1,,,,,,0.0600,0.0000,0.0000,0.0000,0.0000,0.0300,0.0300,0.0300,0.0300,0.00,2046.00
KXHIGHLAX-25JUL02-T75,1751461620,2025-07-02T13:07:00+00:00,1,,,,,,0.0600,0.0000,0.0000,0.0000,0.0000,0.0300,0.0300,0.0300,0.0300,0.00,2046.00
KXHIGHLAX-25JUL02-T75,1751461680,2025-07-02T13:08:00+00:00,1,,,,,,0.0600,0.0000,0.0000,0.0000,0.0000,0.0300,0.0300,0.0300,0.0300,0.00,2046.00
KXHIGHLAX-25JUL02-T75,1751461920,2025-07-02T13:12:00+00:00,1,,,,,,0.0600,0.0000,0.0000,0.0000,0.0000,0.0300,0.0300,0.0300,0.0300,0.00,2046.00
KXHIGHLAX-25JUL02-T75,1751461980,2025-07-02T13:13:00+00:00,1,,,,,,0.0600,0.0000,0.0000,0.0000,0.0000,0.0300,0.0300,0.0300,0.0300,0.00,2046.00
KXHIGHLAX-25JUL02-T75,1751462220,2025-07-02T13:17:00+00:00,1,,,,,,0.0600,0.0000,0.0000,0.0000,0.0000,0.0300,0.0300,0.0300,0.0300,0.00,2046.00
KXHIGHLAX-25JUL02-T75,1751462280,2025-07-02T13:18:00+00:00,1,,,,,,0.0600,0.0000,0.0000,0.0000,0.0000,0.0300,0.0300,0.0300,0.0300,0.00,2046.00
KXHIGHLAX-25JUL02-T75,1751462400,2025-07-02T13:20:00+00:00,1,,,,,,0.0600,0.0000,0.0000,0.0000,0.0000,0.0300,0.0300,0.0300,0.0300,0.00,2046.00
KXHIGHLAX-25JUL02-T75,1751462520,2025-07-02T13:22:00+00:00,1,,,,,,0.0600,0.0000,0.0000,0.0000,0.0000,0.0300,0.0300,0.0300,0.0300,0.00,2046.00
KXHIGHLAX-25JUL02-T75,1751462580,2025-07-02T13:23:00+00:00,1,,,,,,0.0600,0.0000,0.0000,0.0000,0.0000,0.0300,0.0300,0.0300,0.0300,0.00,2046.00
KXHIGHLAX-25JUL02-T75,1751462820,2025-07-02T13:27:00+00:00,1,,,,,,0.0600,0.0000,0.0000,0.0000,0.0000,0.0300,0.0300,0.0300,0.0300,0.00,2046.00
KXHIGHLAX-25JUL02-T75,1751462880,2025-07-02T13:28:00+00:00,1,,,,,,0.0600,0.0000,0.0000,0.0000,0.0000,0.0300,0.0300,0.0300,0.0300,0.00,2046.00
KXHIGHLAX-25JUL02-T75,1751463120,2025-07-02T13:32:00+00:00,1,,,,,,0.0600,0.0000,0.0000,0.0000,0.0000,0.0300,0.0300,0.0300,0.0300,0.00,2046.00
KXHIGHLAX-25JUL02-T75,1751463180,2025-07-02T13:33:00+00:00,1,,,,,,0.0600,0.0000,0.0000,0.0000,0.0000,0.0300,0.0300,0.0300,0.0300,0.00,2046.00
KXHIGHLAX-25JUL02-T75,1751463420,2025-07-02T13:37:00+00:00,1,,,,,,0.0600,0.0000,0.0000,0.0000,0.0000,0.0300,0.0300,0.0300,0.0300,0.00,2046.00
KXHIGHLAX-25JUL02-T75,1751463480,2025-07-02T13:38:00+00:00,1,,,,,,0.0600,0.0000,0.0000,0.0000,0.0000,0.0300,0.0300,0.0300,0.0300,0.00,2046.00
KXHIGHLAX-25JUL02-T75,1751463720,2025-07-02T13:42:00+00:00,1,,,,,,0.0600,0.0000,0.0000,0.0000,0.0000,0.0300,0.0300,0.0300,0.0300,0.00,2046.00
KXHIGHLAX-25JUL02-T75,1751463780,2025-07-02T13:43:00+00:00,1,,,,,,0.0600,0.0000,0.0000,0.0000,0.0000,0.0300,0.0300,0.0300,0.0300,0.00,2046.00
KXHIGHLAX-25JUL02-T75,1751463900,2025-07-02T13:45:00+00:00,1,,,,,,0.0600,0.0000,0.0000,0.0000,0.0000,0.0300,0.0300,0.0300,0.0300,0.00,2046.00
KXHIGHLAX-25JUL02-T75,1751464020,2025-07-02T13:47:00+00:00,1,,,,,,0.0600,0.0000,0.0000,0.0000,0.0000,0.0300,0.0300,0.0300,0.0300,0.00,2046.00
KXHIGHLAX-25JUL02-T75,1751464080,2025-07-02T13:48:00+00:00,1,,,,,,0.0600,0.0000,0.0000,0.0000,0.0000,0.0300,0.0300,0.0300,0.0300,0.00,2046.00
KXHIGHLAX-25JUL02-T75,1751464320,2025-07-02T13:52:00+00:00,1,,,,,,0.0600,0.0000,0.0000,0.0000,0.0000,0.0300,0.0300,0.0300,0.0300,0.00,2046.00
KXHIGHLAX-25JUL02-T75,1751464380,2025-07-02T13:53:00+00:00,1,,,,,,0.0600,0.0000,0.0000,0.0000,0.0000,0.0300,0.0300,0.0300,0.0300,0.00,2046.00
KXHIGHLAX-25JUL02-T75,1751464500,2025-07-02T13:55:00+00:00,1,,,,,,0.0600,0.0000,0.0000,0.0000,0.0000,0.0300,0.0300,0.0300,0.0300,0.00,2046.00
KXHIGHLAX-25JUL02-T75,1751464620,2025-07-02T13:57:00+00:00,1,,,,,,0.0600,0.0000,0.0000,0.0000,0.0000,0.0300,0.0300,0.0300,0.0300,0.00,2046.00
KXHIGHLAX-25JUL02-T75,1751464680,2025-07-02T13:58:00+00:00,1,,,,,,0.0600,0.0000,0.0000,0.0000,0.0000,0.0300,0.0300,0.0300,0.0300,0.00,2046.00
KXHIGHLAX-25JUL02-T75,1751464920,2025-07-02T14:02:00+00:00,1,,,,,,0.0600,0.0000,0.0000,0.0000,0.0000,0.0300,0.0300,0.0300,0.0300,0.00,2046.00
KXHIGHLAX-25JUL02-T75,1751464980,2025-07-02T14:03:00+00:00,1,,,,,,0.0600,0.0000,0.0000,0.0000,0.0000,0.0300,0.0300,0.0300,0.0300,0.00,2046.00
KXHIGHLAX-25JUL02-T75,1751465040,2025-07-02T14:04:00+00:00,1,,,,,,0.0600,0.0000,0.0000,0.0000,0.0000,0.0300,0.0300,0.0300,0.0300,0.00,2046.00
KXHIGHLAX-25JUL02-T75,1751465100,2025-07-02T14:05:00+00:00,1,,,,,,0.0600,0.0000,0.0000,0.0000,0.0000,0.0300,0.0300,0.0300,0.0300,0.00,2046.00
KXHIGHLAX-25JUL02-T75,1751465160,2025-07-02T14:06:00+00:00,1,,,,,,0.0600,0.0000,0.0000,0.0000,0.0000,0.0300,0.0300,0.0300,0.0300,0.00,2046.00
KXHIGHLAX-25JUL02-T75,1751465220,2025-07-02T14:07:00+00:00,1,,,,,,0.0600,0.0000,0.0000,0.0000,0.0000,0.0300,0.0300,0.0300,0.0300,0.00,2046.00
KXHIGHLAX-25JUL02-T75,1751465280,2025-07-02T14:08:00+00:00,1,,,,,,0.0600,0.0000,0.0000,0.0000,0.0000,0.0300,0.0300,0.0300,0.0300,0.00,2046.00
KXHIGHLAX-25JUL02-T75,1751465520,2025-07-02T14:12:00+00:00,1,,,,,,0.0600,0.0000,0.0000,0.0000,0.0000,0.0300,0.0300,0.0300,0.0300,0.00,2046.00
KXHIGHLAX-25JUL02-T75,1751465580,2025-07-02T14:13:00+00:00,1,,,,,,0.0600,0.0000,0.0000,0.0000,0.0000,0.0300,0.0300,0.0300,0.0300,0.00,2046.00
KXHIGHLAX-25JUL02-T75,1751465640,2025-07-02T14:14:00+00:00,1,0.0300,0.0300,0.0300,0.0300,0.0300,0.0600,0.0000,0.0000,0.0000,0.0000,0.0300,0.0300,0.0300,0.0300,7.00,2053.00
KXHIGHLAX-25JUL02-T75,1751465760,2025-07-02T14:16:00+00:00,1,,,,,,0.0300,0.0000,0.0000,0.0000,0.0000,0.0300,0.0300,0.0300,0.0300,0.00,2053.00
KXHIGHLAX-25JUL02-T75,1751465820,2025-07-02T14:17:00+00:00,1,,,,,,0.0300,0.0000,0.0000,0.0000,0.0000,0.0300,0.0300,0.0300,0.0300,0.00,2053.00
KXHIGHLAX-25JUL02-T75,1751465880,2025-07-02T14:18:00+00:00,1,,,,,,0.0300,0.0000,0.0000,0.0000,0.0000,0.0300,0.0300,0.0300,0.0300,0.00,2053.00
KXHIGHLAX-25JUL02-T75,1751466120,2025-07-02T14:22:00+00:00,1,,,,,,0.0300,0.0000,0.0000,0.0000,0.0000,0.0300,0.0300,0.0300,0.0300,0.00,2053.00
KXHIGHLAX-25JUL02-T75,1751466180,2025-07-02T14:23:00+00:00,1,,,,,,0.0300,0.0000,0.0000,0.0000,0.0000,0.0300,0.0300,0.0300,0.0300,0.00,2053.00
KXHIGHLAX-25JUL02-T75,1751466240,2025-07-02T14:24:00+00:00,1,,,,,,0.0300,0.0000,0.0000,0.0000,0.0000,0.0300,0.0300,0.0300,0.0300,0.00,2053.00
KXHIGHLAX-25JUL02-T75,1751466300,2025-07-02T14:25:00+00:00,1,,,,,,0.0300,0.0000,0.0000,0.0000,0.0000,0.0300,0.0300,0.0300,0.0300,0.00,2053.00
KXHIGHLAX-25JUL02-T75,1751466420,2025-07-02T14:27:00+00:00,1,,,,,,0.0300,0.0000,0.0000,0.0000,0.0000,0.0300,0.0300,0.0300,0.0300,0.00,2053.00
KXHIGHLAX-25JUL02-T75,1751466480,2025-07-02T14:28:00+00:00,1,,,,,,0.0300,0.0000,0.0000,0.0000,0.0000,0.0300,0.0300,0.0300,0.0300,0.00,2053.00
KXHIGHLAX-25JUL02-T75,1751466540,2025-07-02T14:29:00+00:00,1,,,,,,0.0300,0.0000,0.0000,0.0000,0.0000,0.0300,0.0300,0.0300,0.0300,0.00,2053.00
KXHIGHLAX-25JUL02-T75,1751466660,2025-07-02T14:31:00+00:00,1,,,,,,0.0300,0.0000,0.0000,0.0000,0.0000,0.0300,0.0300,0.0300,0.0300,0.00,2053.00
KXHIGHLAX-25JUL02-T75,1751466720,2025-07-02T14:32:00+00:00,1,,,,,,0.0300,0.0000,0.0000,0.0000,0.0000,0.0300,0.0300,0.0300,0.0300,0.00,2053.00
KXHIGHLAX-25JUL02-T75,1751466780,2025-07-02T14:33:00+00:00,1,,,,,,0.0300,0.0000,0.0000,0.0000,0.0000,0.0300,0.0300,0.0300,0.0300,0.00,2053.00
KXHIGHLAX-25JUL02-T75,1751467020,2025-07-02T14:37:00+00:00,1,,,,,,0.0300,0.0000,0.0000,0.0000,0.0000,0.0300,0.0300,0.0300,0.0300,0.00,2053.00
KXHIGHLAX-25JUL02-T75,1751467080,2025-07-02T14:38:00+00:00,1,,,,,,0.0300,0.0000,0.0000,0.0000,0.0000,0.0300,0.0300,0.0300,0.0300,0.00,2053.00
KXHIGHLAX-25JUL02-T75,1751467320,2025-07-02T14:42:00+00:00,1,,,,,,0.0300,0.0000,0.0000,0.0000,0.0000,0.0300,0.0300,0.0300,0.0300,0.00,2053.00
KXHIGHLAX-25JUL02-T75,1751467380,2025-07-02T14:43:00+00:00,1,,,,,,0.0300,0.0000,0.0000,0.0000,0.0000,0.0300,0.0300,0.0300,0.0300,0.00,2053.00
KXHIGHLAX-25JUL02-T75,1751467620,2025-07-02T14:47:00+00:00,1,,,,,,0.0300,0.0000,0.0000,0.0000,0.0000,0.0300,0.0300,0.0300,0.0300,0.00,2053.00
KXHIGHLAX-25JUL02-T75,1751467680,2025-07-02T14:48:00+00:00,1,,,,,,0.0300,0.0000,0.0000,0.0000,0.0000,0.0300,0.0300,0.0300,0.0300,0.00,2053.00
KXHIGHLAX-25JUL02-T75,1751467920,2025-07-02T14:52:00+00:00,1,,,,,,0.0300,0.0000,0.0000,0.0000,0.0000,0.0300,0.0300,0.0300,0.0300,0.00,2053.00
KXHIGHLAX-25JUL02-T75,1751467980,2025-07-02T14:53:00+00:00,1,,,,,,0.0300,0.0000,0.0000,0.0000,0.0000,0.0300,0.0300,0.0300,0.0300,0.00,2053.00
KXHIGHLAX-25JUL02-T75,1751468100,2025-07-02T14:55:00+00:00,1,,,,,,0.0300,0.0000,0.0000,0.0000,0.0000,0.0300,0.0300,0.0300,0.0300,0.00,2053.00
KXHIGHLAX-25JUL02-T75,1751468220,2025-07-02T14:57:00+00:00,1,,,,,,0.0300,0.0000,0.0000,0.0000,0.0000,0.0300,0.0300,0.0300,0.0300,0.00,2053.00
KXHIGHLAX-25JUL02-T75,1751468280,2025-07-02T14:58:00+00:00,1,,,,,,0.0300,0.0000,0.0000,0.0000,0.0000,0.0300,0.0300,0.0300,0.0300,0.00,2053.00
KXHIGHLAX-25JUL02-T75,1751468400,2025-07-02T15:00:00+00:00,1,,,,,,0.0300,0.0000,0.0000,0.0000,0.0000,0.0300,0.0300,0.0300,0.0300,0.00,2053.00
KXHIGHLAX-25JUL02-T75,1751468520,2025-07-02T15:02:00+00:00,1,,,,,,0.0300,0.0000,0.0000,0.0000,0.0000,0.0300,0.0300,0.0300,0.0300,0.00,2053.00
KXHIGHLAX-25JUL02-T75,1751468580,2025-07-02T15:03:00+00:00,1,,,,,,0.0300,0.0000,0.0000,0.0000,0.0000,0.0300,0.0300,0.0300,0.0300,0.00,2053.00
KXHIGHLAX-25JUL02-T75,1751468760,2025-07-02T15:06:00+00:00,1,,,,,,0.0300,0.0000,0.0000,0.0000,0.0000,0.0300,0.0300,0.0300,0.0300,0.00,2053.00
KXHIGHLAX-25JUL02-T75,1751468820,2025-07-02T15:07:00+00:00,1,,,,,,0.0300,0.0000,0.0000,0.0000,0.0000,0.0300,0.0300,0.0300,0.0300,0.00,2053.00
KXHIGHLAX-25JUL02-T75,1751468880,2025-07-02T15:08:00+00:00,1,,,,,,0.0300,0.0000,0.0000,0.0000,0.0000,0.0300,0.0300,0.0300,0.0300,0.00,2053.00
KXHIGHLAX-25JUL02-T75,1751469120,2025-07-02T15:12:00+00:00,1,,,,,,0.0300,0.0000,0.0000,0.0000,0.0000,0.0300,0.0300,0.0300,0.0300,0.00,2053.00
KXHIGHLAX-25JUL02-T75,1751469180,2025-07-02T15:13:00+00:00,1,,,,,,0.0300,0.0000,0.0000,0.0000,0.0000,0.0300,0.0300,0.0300,0.0300,0.00,2053.00
KXHIGHLAX-25JUL02-T75,1751469420,2025-07-02T15:17:00+00:00,1,,,,,,0.0300,0.0000,0.0000,0.0000,0.0000,0.0300,0.0300,0.0300,0.0300,0.00,2053.00
KXHIGHLAX-25JUL02-T75,1751469480,2025-07-02T15:18:00+00:00,1,,,,,,0.0300,0.0000,0.0000,0.0000,0.0000,0.0300,0.0300,0.0300,0.0300,0.00,2053.00
KXHIGHLAX-25JUL02-T75,1751469600,2025-07-02T15:20:00+00:00,1,,,,,,0.0300,0.0000,0.0000,0.0000,0.0000,0.0300,0.0300,0.0200,0.0200,0.00,2053.00
KXHIGHLAX-25JUL02-T75,1751469660,2025-07-02T15:21:00+00:00,1,,,,,,0.0300,0.0000,0.0000,0.0000,0.0000,0.0200,0.0200,0.0200,0.0200,0.00,2053.00
KXHIGHLAX-25JUL02-T75,1751469720,2025-07-02T15:22:00+00:00,1,,,,,,0.0300,0.0000,0.0000,0.0000,0.0000,0.0200,0.0200,0.0200,0.0200,0.00,2053.00
KXHIGHLAX-25JUL02-T75,1751469780,2025-07-02T15:23:00+00:00,1,,,,,,0.0300,0.0000,0.0000,0.0000,0.0000,0.0200,0.0200,0.0200,0.0200,0.00,2053.00
KXHIGHLAX-25JUL02-T75,1751469840,2025-07-02T15:24:00+00:00,1,,,,,,0.0300,0.0000,0.0000,0.0000,0.0000,0.0200,0.0200,0.0200,0.0200,0.00,2053.00
KXHIGHLAX-25JUL02-T75,1751470020,2025-07-02T15:27:00+00:00,1,,,,,,0.0300,0.0000,0.0000,0.0000,0.0000,0.0200,0.0200,0.0200,0.0200,0.00,2053.00
KXHIGHLAX-25JUL02-T75,1751470080,2025-07-02T15:28:00+00:00,1,,,,,,0.0300,0.0000,0.0000,0.0000,0.0000,0.0200,0.0200,0.0200,0.0200,0.00,2053.00
KXHIGHLAX-25JUL02-T75,1751470320,2025-07-02T15:32:00+00:00,1,,,,,,0.0300,0.0000,0.0000,0.0000,0.0000,0.0200,0.0200,0.0200,0.0200,0.00,2053.00
KXHIGHLAX-25JUL02-T75,1751470380,2025-07-02T15:33:00+00:00,1,,,,,,0.0300,0.0000,0.0000,0.0000,0.0000,0.0200,0.0200,0.0200,0.0200,0.00,2053.00
KXHIGHLAX-25JUL02-T75,1751470620,2025-07-02T15:37:00+00:00,1,,,,,,0.0300,0.0000,0.0000,0.0000,0.0000,0.0200,0.0200,0.0200,0.0200,0.00,2053.00
KXHIGHLAX-25JUL02-T75,1751471040,2025-07-02T15:44:00+00:00,1,0.0200,0.0200,0.0200,0.0200,0.0200,0.0300,0.0000,0.0000,0.0000,0.0000,0.0200,0.0200,0.0200,0.0200,46.00,2099.00
KXHIGHLAX-25JUL02-T75,1751471640,2025-07-02T15:54:00+00:00,1,0.0200,0.0300,0.0200,0.0300,0.0274,0.0200,0.0000,0.0000,0.0000,0.0000,0.0200,0.0300,0.0200,0.0300,1366.00,3465.00
KXHIGHLAX-25JUL02-T75,1751472120,2025-07-02T16:02:00+00:00,1,,,,,,0.0300,0.0000,0.0000,0.0000,0.0000,0.0300,0.0300,0.0300,0.0300,0.00,3465.00
KXHIGHLAX-25JUL02-T75,1751472360,2025-07-02T16:06:00+00:00,1,,,,,,0.0300,0.0000,0.0000,0.0000,0.0000,0.0300,0.0300,0.0300,0.0300,0.00,3465.00
KXHIGHLAX-25JUL02-T75,1751472660,2025-07-02T16:11:00+00:00,1,,,,,,0.0300,0.0000,0.0000,0.0000,0.0000,0.0300,0.0300,0.0300,0.0300,0.00,3465.00
KXHIGHLAX-25JUL02-T75,1751472840,2025-07-02T16:14:00+00:00,1,,,,,,0.0300,0.0000,0.0000,0.0000,0.0000,0.0300,0.0300,0.0300,0.0300,0.00,3465.00
KXHIGHLAX-25JUL02-T75,1751474340,2025-07-02T16:39:00+00:00,1,,,,,,0.0300,0.0000,0.0000,0.0000,0.0000,0.0300,0.0300,0.0300,0.0300,0.00,3465.00
KXHIGHLAX-25JUL02-T75,1751475000,2025-07-02T16:50:00+00:00,1,,,,,,0.0300,0.0000,0.0000,0.0000,0.0000,0.0300,0.0300,0.0200,0.0200,0.00,3465.00
KXHIGHLAX-25JUL02-T75,1751475840,2025-07-02T17:04:00+00:00,1,,,,,,0.0300,0.0000,0.0000,0.0000,0.0000,0.0200,0.0200,0.0200,0.0200,0.00,3465.00
KXHIGHLAX-25JUL02-T75,1751476260,2025-07-02T17:11:00+00:00,1,,,,,,0.0300,0.0000,0.0000,0.0000,0.0000,0.0200,0.0200,0.0200,0.0200,0.00,3465.00
KXHIGHLAX-25JUL02-T75,1751476320,2025-07-02T17:12:00+00:00,1,,,,,,0.0300,0.0000,0.0000,0.0000,0.0000,0.0200,0.0200,0.0200,0.0200,0.00,3465.00
KXHIGHLAX-25JUL02-T75,1751476560,2025-07-02T17:16:00+00:00,1,,,,,,0.0300,0.0000,0.0000,0.0000,0.0000,0.0200,0.0200,0.0200,0.0200,0.00,3465.00
KXHIGHLAX-25JUL02-T75,1751478060,2025-07-02T17:41:00+00:00,1,,,,,,0.0300,0.0000,0.0000,0.0000,0.0000,0.0200,0.0200,0.0200,0.0200,0.00,3465.00
KXHIGHLAX-25JUL02-T75,1751479020,2025-07-02T17:57:00+00:00,1,,,,,,0.0300,0.0000,0.0000,0.0000,0.0000,0.0200,0.0200,0.0200,0.0200,0.00,3465.00
KXHIGHLAX-25JUL02-T75,1751479140,2025-07-02T17:59:00+00:00,1,,,,,,0.0300,0.0000,0.0000,0.0000,0.0000,0.0200,0.0200,0.0200,0.0200,0.00,3465.00
KXHIGHLAX-25JUL02-T75,1751479200,2025-07-02T18:00:00+00:00,1,,,,,,0.0300,0.0000,0.0000,0.0000,0.0000,0.0200,0.0200,0.0200,0.0200,0.00,3465.00
KXHIGHLAX-25JUL02-T75,1751479620,2025-07-02T18:07:00+00:00,1,,,,,,0.0300,0.0000,0.0000,0.0000,0.0000,0.0200,0.0200,0.0200,0.0200,0.00,3465.00
KXHIGHLAX-25JUL02-T75,1751479680,2025-07-02T18:08:00+00:00,1,,,,,,0.0300,0.0000,0.0000,0.0000,0.0000,0.0200,0.0200,0.0200,0.0200,0.00,3465.00
KXHIGHLAX-25JUL02-T75,1751479800,2025-07-02T18:10:00+00:00,1,,,,,,0.0300,0.0000,0.0000,0.0000,0.0000,0.0200,0.0200,0.0200,0.0200,0.00,3465.00
KXHIGHLAX-25JUL02-T75,1751479860,2025-07-02T18:11:00+00:00,1,,,,,,0.0300,0.0000,0.0000,0.0000,0.0000,0.0200,0.0200,0.0200,0.0200,0.00,3465.00
KXHIGHLAX-25JUL02-T75,1751479920,2025-07-02T18:12:00+00:00,1,,,,,,0.0300,0.0000,0.0000,0.0000,0.0000,0.0200,0.0200,0.0200,0.0200,0.00,3465.00
KXHIGHLAX-25JUL02-T75,1751480160,2025-07-02T18:16:00+00:00,1,,,,,,0.0300,0.0000,0.0000,0.0000,0.0000,0.0200,0.0200,0.0200,0.0200,0.00,3465.00
KXHIGHLAX-25JUL02-T75,1751480220,2025-07-02T18:17:00+00:00,1,,,,,,0.0300,0.0000,0.0000,0.0000,0.0000,0.0200,0.0200,0.0200,0.0200,0.00,3465.00
KXHIGHLAX-25JUL02-T75,1751480280,2025-07-02T18:18:00+00:00,1,,,,,,0.0300,0.0000,0.0000,0.0000,0.0000,0.0200,0.0200,0.0200,0.0200,0.00,3465.00
KXHIGHLAX-25JUL02-T75,1751480340,2025-07-02T18:19:00+00:00,1,,,,,,0.0300,0.0000,0.0000,0.0000,0.0000,0.0200,0.0200,0.0200,0.0200,0.00,3465.00
KXHIGHLAX-25JUL02-T75,1751480400,2025-07-02T18:20:00+00:00,1,,,,,,0.0300,0.0000,0.0000,0.0000,0.0000,0.0200,0.0200,0.0200,0.0200,0.00,3465.00
KXHIGHLAX-25JUL02-T75,1751480460,2025-07-02T18:21:00+00:00,1,,,,,,0.0300,0.0000,0.0000,0.0000,0.0000,0.0200,0.0200,0.0200,0.0200,0.00,3465.00
KXHIGHLAX-25JUL02-T75,1751480520,2025-07-02T18:22:00+00:00,1,,,,,,0.0300,0.0000,0.0000,0.0000,0.0000,0.0200,0.0200,0.0200,0.0200,0.00,3465.00
KXHIGHLAX-25JUL02-T75,1751480580,2025-07-02T18:23:00+00:00,1,,,,,,0.0300,0.0000,0.0000,0.0000,0.0000,0.0200,0.0200,0.0200,0.0200,0.00,3465.00
KXHIGHLAX-25JUL02-T75,1751480640,2025-07-02T18:24:00+00:00,1,,,,,,0.0300,0.0000,0.0000,0.0000,0.0000,0.0200,0.0200,0.0200,0.0200,0.00,3465.00
KXHIGHLAX-25JUL02-T75,1751480700,2025-07-02T18:25:00+00:00,1,,,,,,0.0300,0.0000,0.0000,0.0000,0.0000,0.0200,0.0200,0.0200,0.0200,0.00,3465.00
KXHIGHLAX-25JUL02-T75,1751480760,2025-07-02T18:26:00+00:00,1,,,,,,0.0300,0.0000,0.0000,0.0000,0.0000,0.0200,0.0200,0.0200,0.0200,0.00,3465.00
KXHIGHLAX-25JUL02-T75,1751480880,2025-07-02T18:28:00+00:00,1,,,,,,0.0300,0.0000,0.0000,0.0000,0.0000,0.0200,0.0200,0.0200,0.0200,0.00,3465.00
KXHIGHLAX-25JUL02-T75,1751480940,2025-07-02T18:29:00+00:00,1,,,,,,0.0300,0.0000,0.0000,0.0000,0.0000,0.0200,0.0200,0.0200,0.0200,0.00,3465.00
KXHIGHLAX-25JUL02-T75,1751481060,2025-07-02T18:31:00+00:00,1,,,,,,0.0300,0.0000,0.0000,0.0000,0.0000,0.0200,0.0200,0.0100,0.0200,0.00,3465.00
KXHIGHLAX-25JUL02-T75,1751481120,2025-07-02T18:32:00+00:00,1,,,,,,0.0300,0.0000,0.0000,0.0000,0.0000,0.0200,0.0200,0.0200,0.0200,0.00,3465.00
KXHIGHLAX-25JUL02-T75,1751481240,2025-07-02T18:34:00+00:00,1,,,,,,0.0300,0.0000,0.0000,0.0000,0.0000,0.0200,0.0200,0.0100,0.0100,0.00,3465.00
KXHIGHLAX-25JUL02-T75,1751481300,2025-07-02T18:35:00+00:00,1,,,,,,0.0300,0.0000,0.0000,0.0000,0.0000,0.0100,0.0100,0.0100,0.0100,0.00,3465.00
KXHIGHLAX-25JUL02-T75,1751481420,2025-07-02T18:37:00+00:00,1,,,,,,0.0300,0.0000,0.0000,0.0000,0.0000,0.0100,0.0100,0.0100,0.0100,0.00,3465.00
KXHIGHLAX-25JUL02-T75,1751481480,2025-07-02T18:38:00+00:00,1,,,,,,0.0300,0.0000,0.0000,0.0000,0.0000,0.0100,0.0100,0.0100,0.0100,0.00,3465.00
KXHIGHLAX-25JUL02-T75,1751481540,2025-07-02T18:39:00+00:00,1,,,,,,0.0300,0.0000,0.0000,0.0000,0.0000,0.0100,0.0100,0.0100,0.0100,0.00,3465.00
KXHIGHLAX-25JUL02-T75,1751481720,2025-07-02T18:42:00+00:00,1,,,,,,0.0300,0.0000,0.0000,0.0000,0.0000,0.0100,0.0100,0.0100,0.0100,0.00,3465.00
KXHIGHLAX-25JUL02-T75,1751482080,2025-07-02T18:48:00+00:00,1,,,,,,0.0300,0.0000,0.0000,0.0000,0.0000,0.0100,0.0100,0.0100,0.0100,0.00,3465.00
KXHIGHLAX-25JUL02-T75,1751482740,2025-07-02T18:59:00+00:00,1,,,,,,0.0300,0.0000,0.0000,0.0000,0.0000,0.0100,0.0100,0.0100,0.0100,0.00,3465.00
KXHIGHLAX-25JUL02-T75,1751482860,2025-07-02T19:01:00+00:00,1,,,,,,0.0300,0.0000,0.0000,0.0000,0.0000,0.0100,0.0100,0.0100,0.0100,0.00,3465.00
KXHIGHLAX-25JUL02-T75,1751483040,2025-07-02T19:04:00+00:00,1,,,,,,0.0300,0.0000,0.0000,0.0000,0.0000,0.0100,0.0100,0.0100,0.0100,0.00,3465.00
KXHIGHLAX-25JUL02-T75,1751483280,2025-07-02T19:08:00+00:00,1,0.0100,0.0100,0.0100,0.0100,0.0100,0.0300,0.0000,0.0000,0.0000,0.0000,0.0100,0.0100,0.0100,0.0100,935.00,4400.00
KXHIGHLAX-25JUL02-T75,1751483580,2025-07-02T19:13:00+00:00,1,,,,,,0.0100,0.0000,0.0000,0.0000,0.0000,0.0100,0.0100,0.0100,0.0100,0.00,4400.00
KXHIGHLAX-25JUL02-T75,1751483640,2025-07-02T19:14:00+00:00,1,,,,,,0.0100,0.0000,0.0000,0.0000,0.0000,0.0100,0.0100,0.0100,0.0100,0.00,4400.00
KXHIGHLAX-25JUL02-T75,1751483760,2025-07-02T19:16:00+00:00,1,,,,,,0.0100,0.0000,0.0000,0.0000,0.0000,0.0100,0.0100,0.0100,0.0100,0.00,4400.00
KXHIGHLAX-25JUL02-T75,1751484060,2025-07-02T19:21:00+00:00,1,,,,,,0.0100,0.0000,0.0000,0.0000,0.0000,0.0100,0.0100,0.0100,0.0100,0.00,4400.00
KXHIGHLAX-25JUL02-T75,1751484300,2025-07-02T19:25:00+00:00,1,,,,,,0.0100,0.0000,0.0000,0.0000,0.0000,0.0100,0.0100,0.0100,0.0100,0.00,4400.00
KXHIGHLAX-25JUL02-T75,1751484480,2025-07-02T19:28:00+00:00,1,,,,,,0.0100,0.0000,0.0000,0.0000,0.0000,0.0100,0.0100,0.0100,0.0100,0.00,4400.00
KXHIGHLAX-25JUL02-T75,1751484780,2025-07-02T19:33:00+00:00,1,,,,,,0.0100,0.0000,0.0000,0.0000,0.0000,0.0100,0.0100,0.0100,0.0100,0.00,4400.00
KXHIGHLAX-25JUL02-T75,1751485020,2025-07-02T19:37:00+00:00,1,,,,,,0.0100,0.0000,0.0000,0.0000,0.0000,0.0100,0.0100,0.0100,0.0100,0.00,4400.00
KXHIGHLAX-25JUL02-T75,1751485320,2025-07-02T19:42:00+00:00,1,,,,,,0.0100,0.0000,0.0000,0.0000,0.0000,0.0100,0.0100,0.0100,0.0100,0.00,4400.00
KXHIGHLAX-25JUL02-T75,1751485500,2025-07-02T19:45:00+00:00,1,,,,,,0.0100,0.0000,0.0000,0.0000,0.0000,0.0100,0.0100,0.0100,0.0100,0.00,4400.00
KXHIGHLAX-25JUL02-T75,1751485620,2025-07-02T19:47:00+00:00,1,,,,,,0.0100,0.0000,0.0000,0.0000,0.0000,0.0100,0.0100,0.0100,0.0100,0.00,4400.00
KXHIGHLAX-25JUL02-T75,1751485680,2025-07-02T19:48:00+00:00,1,,,,,,0.0100,0.0000,0.0000,0.0000,0.0000,0.0100,0.0100,0.0100,0.0100,0.00,4400.00
KXHIGHLAX-25JUL02-T75,1751485740,2025-07-02T19:49:00+00:00,1,,,,,,0.0100,0.0000,0.0000,0.0000,0.0000,0.0100,0.0100,0.0100,0.0100,0.00,4400.00
KXHIGHLAX-25JUL02-T75,1751485920,2025-07-02T19:52:00+00:00,1,,,,,,0.0100,0.0000,0.0000,0.0000,0.0000,0.0100,0.0100,0.0100,0.0100,0.00,4400.00
KXHIGHLAX-25JUL02-T75,1751485980,2025-07-02T19:53:00+00:00,1,,,,,,0.0100,0.0000,0.0000,0.0000,0.0000,0.0100,0.0100,0.0100,0.0100,0.00,4400.00
KXHIGHLAX-25JUL02-T75,1751486040,2025-07-02T19:54:00+00:00,1,0.0100,0.0100,0.0100,0.0100,0.0100,0.0100,0.0000,0.0000,0.0000,0.0000,0.0100,0.0100,0.0100,0.0100,935.00,5335.00
KXHIGHLAX-25JUL02-T75,1751486100,2025-07-02T19:55:00+00:00,1,,,,,,0.0100,0.0000,0.0000,0.0000,0.0000,0.0100,0.0100,0.0100,0.0100,0.00,5335.00
KXHIGHLAX-25JUL02-T75,1751486340,2025-07-02T19:59:00+00:00,1,,,,,,0.0100,0.0000,0.0000,0.0000,0.0000,0.0100,0.0100,0.0100,0.0100,0.00,5335.00
KXHIGHLAX-25JUL02-T75,1751486520,2025-07-02T20:02:00+00:00,1,,,,,,0.0100,0.0000,0.0000,0.0000,0.0000,0.0100,0.0100,0.0100,0.0100,0.00,5335.00
KXHIGHLAX-25JUL02-T75,1751486700,2025-07-02T20:05:00+00:00,1,,,,,,0.0100,0.0000,0.0000,0.0000,0.0000,0.0100,0.0100,0.0100,0.0100,0.00,5335.00
KXHIGHLAX-25JUL02-T75,1751486820,2025-07-02T20:07:00+00:00,1,,,,,,0.0100,0.0000,0.0000,0.0000,0.0000,0.0100,0.0100,0.0100,0.0100,0.00,5335.00
KXHIGHLAX-25JUL02-T75,1751486880,2025-07-02T20:08:00+00:00,1,,,,,,0.0100,0.0000,0.0000,0.0000,0.0000,0.0100,0.0100,0.0100,0.0100,0.00,5335.00
KXHIGHLAX-25JUL02-T75,1751486940,2025-07-02T20:09:00+00:00,1,,,,,,0.0100,0.0000,0.0000,0.0000,0.0000,0.0100,0.0100,0.0100,0.0100,0.00,5335.00
KXHIGHLAX-25JUL02-T75,1751487000,2025-07-02T20:10:00+00:00,1,,,,,,0.0100,0.0000,0.0000,0.0000,0.0000,0.0100,0.0100,0.0100,0.0100,0.00,5335.00
KXHIGHLAX-25JUL02-T75,1751487120,2025-07-02T20:12:00+00:00,1,,,,,,0.0100,0.0000,0.0000,0.0000,0.0000,0.0100,0.0100,0.0100,0.0100,0.00,5335.00
KXHIGHLAX-25JUL02-T75,1751487360,2025-07-02T20:16:00+00:00,1,,,,,,0.0100,0.0000,0.0000,0.0000,0.0000,0.0100,0.0100,0.0100,0.0100,0.00,5335.00
KXHIGHLAX-25JUL02-T75,1751487420,2025-07-02T20:17:00+00:00,1,,,,,,0.0100,0.0000,0.0000,0.0000,0.0000,0.0100,0.0100,0.0100,0.0100,0.00,5335.00
KXHIGHLAX-25JUL02-T75,1751487480,2025-07-02T20:18:00+00:00,1,,,,,,0.0100,0.0000,0.0000,0.0000,0.0000,0.0100,0.0100,0.0100,0.0100,0.00,5335.00
KXHIGHLAX-25JUL02-T75,1751487600,2025-07-02T20:20:00+00:00,1,,,,,,0.0100,0.0000,0.0000,0.0000,0.0000,0.0100,0.0100,0.0100,0.0100,0.00,5335.00
KXHIGHLAX-25JUL02-T75,1751487660,2025-07-02T20:21:00+00:00,1,,,,,,0.0100,0.0000,0.0000,0.0000,0.0000,0.0100,0.0100,0.0100,0.0100,0.00,5335.00
KXHIGHLAX-25JUL02-T75,1751487720,2025-07-02T20:22:00+00:00,1,,,,,,0.0100,0.0000,0.0000,0.0000,0.0000,0.0100,0.0100,0.0100,0.0100,0.00,5335.00
KXHIGHLAX-25JUL02-T75,1751488560,2025-07-02T20:36:00+00:00,1,0.0100,0.0100,0.0100,0.0100,0.0100,0.0100,0.0000,0.0000,0.0000,0.0000,0.0100,0.0100,0.0100,0.0100,916.00,6251.00
KXHIGHLAX-25JUL02-T75,1751488620,2025-07-02T20:37:00+00:00,1,,,,,,0.0100,0.0000,0.0000,0.0000,0.0000,0.0100,0.0100,0.0100,0.0100,0.00,6251.00
KXHIGHLAX-25JUL02-T75,1751488860,2025-07-02T20:41:00+00:00,1,,,,,,0.0100,0.0000,0.0000,0.0000,0.0000,0.0100,0.0100,0.0100,0.0100,0.00,6251.00
KXHIGHLAX-25JUL02-T75,1751488920,2025-07-02T20:42:00+00:00,1,,,,,,0.0100,0.0000,0.0000,0.0000,0.0000,0.0100,0.0100,0.0100,0.0100,0.00,6251.00
KXHIGHLAX-25JUL02-T75,1751488980,2025-07-02T20:43:00+00:00,1,0.0100,0.0100,0.0100,0.0100,0.0100,0.0100,0.0000,0.0000,0.0000,0.0000,0.0100,0.0100,0.0100,0.0100,64.00,6315.00
KXHIGHLAX-25JUL02-T75,1751489100,2025-07-02T20:45:00+00:00,1,,,,,,0.0100,0.0000,0.0000,0.0000,0.0000,0.0100,0.0100,0.0100,0.0100,0.00,6315.00
KXHIGHLAX-25JUL02-T75,1751489160,2025-07-02T20:46:00+00:00,1,,,,,,0.0100,0.0000,0.0000,0.0000,0.0000,0.0100,0.0100,0.0100,0.0100,0.00,6315.00
KXHIGHLAX-25JUL02-T75,1751489280,2025-07-02T20:48:00+00:00,1,,,,,,0.0100,0.0000,0.0000,0.0000,0.0000,0.0100,0.0100,0.0100,0.0100,0.00,6315.00
KXHIGHLAX-25JUL02-T75,1751489340,2025-07-02T20:49:00+00:00,1,,,,,,0.0100,0.0000,0.0000,0.0000,0.0000,0.0100,0.0100,0.0100,0.0100,0.00,6315.00
KXHIGHLAX-25JUL02-T75,1751489400,2025-07-02T20:50:00+00:00,1,0.0100,0.0100,0.0100,0.0100,0.0100,0.0100,0.0000,0.0000,0.0000,0.0000,0.0100,0.0100,0.0100,0.0100,1008.00,7323.00
KXHIGHLAX-25JUL02-T75,1751489520,2025-07-02T20:52:00+00:00,1,,,,,,0.0100,0.0000,0.0000,0.0000,0.0000,0.0100,0.0100,0.0100,0.0100,0.00,7323.00
KXHIGHLAX-25JUL02-T75,1751489700,2025-07-02T20:55:00+00:00,1,,,,,,0.0100,0.0000,0.0000,0.0000,0.0000,0.0100,0.0100,0.0100,0.0100,0.00,7323.00
KXHIGHLAX-25JUL02-T75,1751489760,2025-07-02T20:56:00+00:00,1,,,,,,0.0100,0.0000,0.0000,0.0000,0.0000,0.0100,0.0100,0.0100,0.0100,0.00,7323.00
KXHIGHLAX-25JUL02-T75,1751489820,2025-07-02T20:57:00+00:00,1,,,,,,0.0100,0.0000,0.0000,0.0000,0.0000,0.0100,0.0100,0.0100,0.0100,0.00,7323.00
KXHIGHLAX-25JUL02-T75,1751489880,2025-07-02T20:58:00+00:00,1,0.0100,0.0100,0.0100,0.0100,0.0100,0.0100,0.0000,0.0000,0.0000,0.0000,0.0100,0.0100,0.0100,0.0100,1374.00,8697.00
KXHIGHLAX-25JUL02-T75,1751489940,2025-07-02T20:59:00+00:00,1,,,,,,0.0100,0.0000,0.0000,0.0000,0.0000,0.0100,0.0100,0.0100,0.0100,0.00,8697.00
KXHIGHLAX-25JUL02-T75,1751490000,2025-07-02T21:00:00+00:00,1,,,,,,0.0100,0.0000,0.0000,0.0000,0.0000,0.0100,0.0100,0.0100,0.0100,0.00,8697.00
KXHIGHLAX-25JUL02-T75,1751490240,2025-07-02T21:04:00+00:00,1,,,,,,0.0100,0.0000,0.0000,0.0000,0.0000,0.0100,0.0100,0.0100,0.0100,0.00,8697.00
KXHIGHLAX-25JUL02-T75,1751490300,2025-07-02T21:05:00+00:00,1,0.0100,0.0100,0.0100,0.0100,0.0100,0.0100,0.0000,0.0000,0.0000,0.0000,0.0100,0.0100,0.0100,0.0100,246.00,8943.00
KXHIGHLAX-25JUL02-T75,1751490360,2025-07-02T21:06:00+00:00,1,0.0100,0.0100,0.0100,0.0100,0.0100,0.0100,0.0000,0.0000,0.0000,0.0000,0.0100,0.0100,0.0100,0.0100,467.00,9410.00
KXHIGHLAX-25JUL02-T75,1751490540,2025-07-02T21:09:00+00:00,1,,,,,,0.0100,0.0000,0.0000,0.0000,0.0000,0.0100,0.0100,0.0100,0.0100,0.00,9410.00
KXHIGHLAX-25JUL02-T75,1751490780,2025-07-02T21:13:00+00:00,1,,,,,,0.0100,0.0000,0.0000,0.0000,0.0000,0.0100,0.0100,0.0100,0.0100,0.00,9410.00
KXHIGHLAX-25JUL02-T75,1751490840,2025-07-02T21:14:00+00:00,1,,,,,,0.0100,0.0000,0.0000,0.0000,0.0000,0.0100,0.0100,0.0100,0.0100,0.00,9410.00
KXHIGHLAX-25JUL02-T75,1751490900,2025-07-02T21:15:00+00:00,1,,,,,,0.0100,0.0000,0.0000,0.0000,0.0000,0.0100,0.0100,0.0100,0.0100,0.00,9410.00
KXHIGHLAX-25JUL02-T75,1751490960,2025-07-02T21:16:00+00:00,1,,,,,,0.0100,0.0000,0.0000,0.0000,0.0000,0.0100,0.0100,0.0100,0.0100,0.00,9410.00
KXHIGHLAX-25JUL02-T75,1751491020,2025-07-02T21:17:00+00:00,1,,,,,,0.0100,0.0000,0.0000,0.0000,0.0000,0.0100,0.0100,0.0100,0.0100,0.00,9410.00
KXHIGHLAX-25JUL02-T75,1751491140,2025-07-02T21:19:00+00:00,1,0.0100,0.0100,0.0100,0.0100,0.0100,0.0100,0.0000,0.0000,0.0000,0.0000,0.0100,0.0100,0.0100,0.0100,141.00,9551.00
KXHIGHLAX-25JUL02-T75,1751491200,2025-07-02T21:20:00+00:00,1,,,,,,0.0100,0.0000,0.0000,0.0000,0.0000,0.0100,0.0100,0.0100,0.0100,0.00,9551.00
KXHIGHLAX-25JUL02-T75,1751491260,2025-07-02T21:21:00+00:00,1,,,,,,0.0100,0.0000,0.0000,0.0000,0.0000,0.0100,0.0100,0.0100,0.0100,0.00,9551.00
KXHIGHLAX-25JUL02-T75,1751491320,2025-07-02T21:22:00+00:00,1,,,,,,0.0100,0.0000,0.0000,0.0000,0.0000,0.0100,0.0100,0.0100,0.0100,0.00,9551.00
KXHIGHLAX-25JUL02-T75,1751491380,2025-07-02T21:23:00+00:00,1,,,,,,0.0100,0.0000,0.0000,0.0000,0.0000,0.0100,0.0100,0.0100,0.0100,0.00,9551.00
KXHIGHLAX-25JUL02-T75,1751491500,2025-07-02T21:25:00+00:00,1,,,,,,0.0100,0.0000,0.0000,0.0000,0.0000,0.0100,0.0100,0.0100,0.0100,0.00,9551.00
KXHIGHLAX-25JUL02-T75,1751491560,2025-07-02T21:26:00+00:00,1,,,,,,0.0100,0.0000,0.0000,0.0000,0.0000,0.0100,0.0100,0.0100,0.0100,0.00,9551.00
KXHIGHLAX-25JUL02-T75,1751491620,2025-07-02T21:27:00+00:00,1,,,,,,0.0100,0.0000,0.0000,0.0000,0.0000,0.0100,0.0100,0.0100,0.0100,0.00,9551.00
KXHIGHLAX-25JUL02-T75,1751491680,2025-07-02T21:28:00+00:00,1,0.0100,0.0100,0.0100,0.0100,0.0100,0.0100,0.0000,0.0000,0.0000,0.0000,0.0100,0.0100,0.0100,0.0100,93.00,9644.00
KXHIGHLAX-25JUL02-T75,1751491860,2025-07-02T21:31:00+00:00,1,,,,,,0.0100,0.0000,0.0000,0.0000,0.0000,0.0100,0.0100,0.0100,0.0100,0.00,9644.00
KXHIGHLAX-25JUL02-T75,1751491980,2025-07-02T21:33:00+00:00,1,,,,,,0.0100,0.0000,0.0000,0.0000,0.0000,0.0100,0.0100,0.0100,0.0100,0.00,9644.00
KXHIGHLAX-25JUL02-T75,1751492040,2025-07-02T21:34:00+00:00,1,,,,,,0.0100,0.0000,0.0000,0.0000,0.0000,0.0100,0.0100,0.0100,0.0100,0.00,9644.00
KXHIGHLAX-25JUL02-T75,1751492100,2025-07-02T21:35:00+00:00,1,,,,,,0.0100,0.0000,0.0000,0.0000,0.0000,0.0100,0.0100,0.0100,0.0100,0.00,9644.00
KXHIGHLAX-25JUL02-T75,1751492460,2025-07-02T21:41:00+00:00,1,,,,,,0.0100,0.0000,0.0000,0.0000,0.0000,0.0100,0.0100,0.0100,0.0100,0.00,9644.00
KXHIGHLAX-25JUL02-T75,1751492520,2025-07-02T21:42:00+00:00,1,0.0100,0.0100,0.0100,0.0100,0.0100,0.0100,0.0000,0.0000,0.0000,0.0000,0.0100,0.0100,0.0100,0.0100,467.00,10111.00
KXHIGHLAX-25JUL02-T75,1751492700,2025-07-02T21:45:00+00:00,1,,,,,,0.0100,0.0000,0.0000,0.0000,0.0000,0.0100,0.0100,0.0100,0.0100,0.00,10111.00
KXHIGHLAX-25JUL02-T75,1751492880,2025-07-02T21:48:00+00:00,1,,,,,,0.0100,0.0000,0.0000,0.0000,0.0000,0.0100,0.0100,0.0100,0.0100,0.00,10111.00
KXHIGHLAX-25JUL02-T75,1751493000,2025-07-02T21:50:00+00:00,1,,,,,,0.0100,0.0000,0.0000,0.0000,0.0000,0.0100,0.0100,0.0100,0.0100,0.00,10111.00
KXHIGHLAX-25JUL02-T75,1751493120,2025-07-02T21:52:00+00:00,1,,,,,,0.0100,0.0000,0.0000,0.0000,0.0000,0.0100,0.0100,0.0100,0.0100,0.00,10111.00
KXHIGHLAX-25JUL02-T75,1751493180,2025-07-02T21:53:00+00:00,1,,,,,,0.0100,0.0000,0.0000,0.0000,0.0000,0.0100,0.0100,0.0100,0.0100,0.00,10111.00
KXHIGHLAX-25JUL02-T75,1751493360,2025-07-02T21:56:00+00:00,1,,,,,,0.0100,0.0000,0.0000,0.0000,0.0000,0.0100,0.0100,0.0100,0.0100,0.00,10111.00
KXHIGHLAX-25JUL02-T75,1751493480,2025-07-02T21:58:00+00:00,1,0.0100,0.0100,0.0100,0.0100,0.0100,0.0100,0.0000,0.0000,0.0000,0.0000,0.0100,0.0100,0.0100,0.0100,467.00,10578.00
KXHIGHLAX-25JUL02-T75,1751493720,2025-07-02T22:02:00+00:00,1,,,,,,0.0100,0.0000,0.0000,0.0000,0.0000,0.0100,0.0100,0.0100,0.0100,0.00,10578.00
KXHIGHLAX-25JUL02-T75,1751493840,2025-07-02T22:04:00+00:00,1,,,,,,0.0100,0.0000,0.0000,0.0000,0.0000,0.0100,0.0100,0.0100,0.0100,0.00,10578.00
KXHIGHLAX-25JUL02-T75,1751493900,2025-07-02T22:05:00+00:00,1,,,,,,0.0100,0.0000,0.0000,0.0000,0.0000,0.0100,0.0100,0.0100,0.0100,0.00,10578.00
KXHIGHLAX-25JUL02-T75,1751494020,2025-07-02T22:07:00+00:00,1,,,,,,0.0100,0.0000,0.0000,0.0000,0.0000,0.0100,0.0100,0.0100,0.0100,0.00,10578.00
KXHIGHLAX-25JUL02-T75,1751494080,2025-07-02T22:08:00+00:00,1,,,,,,0.0100,0.0000,0.0000,0.0000,0.0000,0.0100,0.0100,0.0100,0.0100,0.00,10578.00
KXHIGHLAX-25JUL02-T75,1751494140,2025-07-02T22:09:00+00:00,1,,,,,,0.0100,0.0000,0.0000,0.0000,0.0000,0.0100,0.0100,0.0100,0.0100,0.00,10578.00
KXHIGHLAX-25JUL02-T75,1751494260,2025-07-02T22:11:00+00:00,1,,,,,,0.0100,0.0000,0.0000,0.0000,0.0000,0.0100,0.0100,0.0100,0.0100,0.00,10578.00
KXHIGHLAX-25JUL02-T75,1751494320,2025-07-02T22:12:00+00:00,1,0.0100,0.0100,0.0100,0.0100,0.0100,0.0100,0.0000,0.0000,0.0000,0.0000,0.0100,0.0100,0.0100,0.0100,74.00,10652.00
KXHIGHLAX-25JUL02-T75,1751494560,2025-07-02T22:16:00+00:00,1,,,,,,0.0100,0.0000,0.0000,0.0000,0.0000,0.0100,0.0100,0.0100,0.0100,0.00,10652.00
KXHIGHLAX-25JUL02-T75,1751494860,2025-07-02T22:21:00+00:00,1,,,,,,0.0100,0.0000,0.0000,0.0000,0.0000,0.0100,0.0100,0.0100,0.0100,0.00,10652.00
KXHIGHLAX-25JUL02-T75,1751495640,2025-07-02T22:34:00+00:00,1,,,,,,0.0100,0.0000,0.0000,0.0000,0.0000,0.0100,0.0100,0.0100,0.0100,0.00,10652.00
KXHIGHLAX-25JUL02-T75,1751496960,2025-07-02T22:56:00+00:00,1,,,,,,0.0100,0.0000,0.0000,0.0000,0.0000,0.0100,0.0100,0.0100,0.0100,0.00,10652.00
KXHIGHLAX-25JUL02-T75,1751498340,2025-07-02T23:19:00+00:00,1,,,,,,0.0100,0.0000,0.0000,0.0000,0.0000,0.0100,0.0100,0.0100,0.0100,0.00,10652.00
KXHIGHLAX-25JUL02-T75,1751499720,2025-07-02T23:42:00+00:00,1,,,,,,0.0100,0.0000,0.0000,0.0000,0.0000,0.0100,0.0100,0.0100,0.0100,0.00,10652.00
